instant_x,dteday_x,season_x,yr_x,mnth_x,hr_x,holiday_x,weekday_x,weathersit_x,temp_x,Unnamed: 0,atemp_x,hum_x,windspeed_x,casual_x,registered_x,cnt,instant_y,dteday_y,season_y,yr_y,mnth_y,hr_y,holiday_y,weekday_y,weathersit_y,temp_y,atemp_y,hum_y,windspeed_y,casual_y,registered_y
1,2011-01-01 00:00:00,1,0,1,0,FALSE,6,1,0.24,0,0.2879,0.81,0,1970-01-01 00:00:00,13,16,711,2011-02-01 00:00:00,1,0,2,23,FALSE,2,3,0.2,0.197,0.93,0.194,1,15
1,2011-01-01 00:00:00,1,0,1,0,FALSE,6,1,0.24,0,0.2879,0.81,0,1970-01-01 00:00:00,13,16,901,2011-02-10 00:00:00,1,0,2,0,FALSE,4,3,0.14,0.1364,0.86,0.194,0,16
163,2011-01-08 00:00:00,1,0,1,1,FALSE,6,2,0.18,162,0.2121,0.55,0.0896,1970-01-01 00:00:00,15,16,711,2011-02-01 00:00:00,1,0,2,23,FALSE,2,3,0.2,0.197,0.93,0.194,1,15
163,2011-01-08 00:00:00,1,0,1,1,FALSE,6,2,0.18,162,0.2121,0.55,0.0896,1970-01-01 00:00:00,15,16,901,2011-02-10 00:00:00,1,0,2,0,FALSE,4,3,0.14,0.1364,0.86,0.194,0,16
164,2011-01-08 00:00:00,1,0,1,2,FALSE,6,2,0.18,163,0.2424,0.55,0,1970-01-01 00:00:00,13,16,711,2011-02-01 00:00:00,1,0,2,23,FALSE,2,3,0.2,0.197,0.93,0.194,1,15
164,2011-01-08 00:00:00,1,0,1,2,FALSE,6,2,0.18,163,0.2424,0.55,0,1970-01-01 00:00:00,13,16,901,2011-02-10 00:00:00,1,0,2,0,FALSE,4,3,0.14,0.1364,0.86,0.194,0,16
260,2011-01-12 00:00:00,1,0,1,6,FALSE,3,1,0.12,259,0.1515,0.93,0.1343,1970-01-01 00:00:00,16,16,711,2011-02-01 00:00:00,1,0,2,23,FALSE,2,3,0.2,0.197,0.93,0.194,1,15
260,2011-01-12 00:00:00,1,0,1,6,FALSE,3,1,0.12,259,0.1515,0.93,0.1343,1970-01-01 00:00:00,16,16,901,2011-02-10 00:00:00,1,0,2,0,FALSE,4,3,0.14,0.1364,0.86,0.194,0,16
351,2011-01-16 00:00:00,1,0,1,2,FALSE,0,1,0.26,350,0.2879,0.56,0.0896,1970-01-01 00:00:00,13,16,711,2011-02-01 00:00:00,1,0,2,23,FALSE,2,3,0.2,0.197,0.93,0.194,1,15
351,2011-01-16 00:00:00,1,0,1,2,FALSE,0,1,0.26,350,0.2879,0.56,0.0896,1970-01-01 00:00:00,13,16,901,2011-02-10 00:00:00,1,0,2,0,FALSE,4,3,0.14,0.1364,0.86,0.194,0,16
374,2011-01-17 00:00:00,1,0,1,1,TRUE,1,2,0.2,373,0.197,0.44,0.194,1970-01-01 00:00:00,15,16,711,2011-02-01 00:00:00,1,0,2,23,FALSE,2,3,0.2,0.197,0.93,0.194,1,15
374,2011-01-17 00:00:00,1,0,1,1,TRUE,1,2,0.2,373,0.197,0.44,0.194,1970-01-01 00:00:00,15,16,901,2011-02-10 00:00:00,1,0,2,0,FALSE,4,3,0.14,0.1364,0.86,0.194,0,16
595,2011-01-27 00:00:00,1,0,1,23,FALSE,4,1,0.18,594,0.197,0.8,0.1642,1970-01-01 00:00:00,16,16,711,2011-02-01 00:00:00,1,0,2,23,FALSE,2,3,0.2,0.197,0.93,0.194,1,15
595,2011-01-27 00:00:00,1,0,1,23,FALSE,4,1,0.18,594,0.197,0.8,0.1642,1970-01-01 00:00:00,16,16,901,2011-02-10 00:00:00,1,0,2,0,FALSE,4,3,0.14,0.1364,0.86,0.194,0,16
601,2011-01-28 00:00:00,1,0,1,6,FALSE,5,2,0.18,600,0.197,0.8,0.1343,1970-01-01 00:00:00,16,16,711,2011-02-01 00:00:00,1,0,2,23,FALSE,2,3,0.2,0.197,0.93,0.194,1,15
601,2011-01-28 00:00:00,1,0,1,6,FALSE,5,2,0.18,600,0.197,0.8,0.1343,1970-01-01 00:00:00,16,16,901,2011-02-10 00:00:00,1,0,2,0,FALSE,4,3,0.14,0.1364,0.86,0.194,0,16
2,2011-01-01 00:00:00,1,0,1,1,FALSE,6,1,0.22,1,0.2727,0.8,0,1970-01-01 00:00:00,32,40,734,2011-02-02 00:00:00,1,0,2,22,FALSE,3,1,0.22,0.2121,0.44,0.2537,5,35
2,2011-01-01 00:00:00,1,0,1,1,FALSE,6,1,0.22,1,0.2727,0.8,0,1970-01-01 00:00:00,32,40,966,2011-02-12 00:00:00,1,0,2,20,FALSE,6,1,0.26,0.2576,0.41,0.2239,1,39
299,2011-01-13 00:00:00,1,0,1,21,FALSE,4,1,0.14,298,0.1212,0.46,0.2985,1970-01-01 00:00:00,40,40,734,2011-02-02 00:00:00,1,0,2,22,FALSE,3,1,0.22,0.2121,0.44,0.2537,5,35
299,2011-01-13 00:00:00,1,0,1,21,FALSE,4,1,0.14,298,0.1212,0.46,0.2985,1970-01-01 00:00:00,40,40,966,2011-02-12 00:00:00,1,0,2,20,FALSE,6,1,0.26,0.2576,0.41,0.2239,1,39
488,2011-01-22 00:00:00,1,0,1,9,FALSE,6,1,0.04,487,0.0303,0.41,0.2537,1970-01-01 00:00:00,37,40,734,2011-02-02 00:00:00,1,0,2,22,FALSE,3,1,0.22,0.2121,0.44,0.2537,5,35
488,2011-01-22 00:00:00,1,0,1,9,FALSE,6,1,0.04,487,0.0303,0.41,0.2537,1970-01-01 00:00:00,37,40,966,2011-02-12 00:00:00,1,0,2,20,FALSE,6,1,0.26,0.2576,0.41,0.2239,1,39
535,2011-01-24 00:00:00,1,0,1,10,FALSE,1,1,0.1,534,0.1364,0.42,0,1970-01-01 00:00:00,34,40,734,2011-02-02 00:00:00,1,0,2,22,FALSE,3,1,0.22,0.2121,0.44,0.2537,5,35
535,2011-01-24 00:00:00,1,0,1,10,FALSE,1,1,0.1,534,0.1364,0.42,0,1970-01-01 00:00:00,34,40,966,2011-02-12 00:00:00,1,0,2,20,FALSE,6,1,0.26,0.2576,0.41,0.2239,1,39
571,2011-01-25 00:00:00,1,0,1,23,FALSE,2,2,0.22,570,0.2273,0.64,0.1642,1970-01-01 00:00:00,37,40,734,2011-02-02 00:00:00,1,0,2,22,FALSE,3,1,0.22,0.2121,0.44,0.2537,5,35
571,2011-01-25 00:00:00,1,0,1,23,FALSE,2,2,0.22,570,0.2273,0.64,0.1642,1970-01-01 00:00:00,37,40,966,2011-02-12 00:00:00,1,0,2,20,FALSE,6,1,0.26,0.2576,0.41,0.2239,1,39
3,2011-01-01 00:00:00,1,0,1,2,FALSE,6,1,0.22,2,0.2727,0.8,0,1970-01-01 00:00:00,27,32,640,2011-01-29 00:00:00,1,0,1,22,FALSE,6,1,0.16,0.197,0.8,0.0896,4,28
3,2011-01-01 00:00:00,1,0,1,2,FALSE,6,1,0.22,2,0.2727,0.8,0,1970-01-01 00:00:00,27,32,735,2011-02-02 00:00:00,1,0,2,23,FALSE,3,1,0.2,0.1667,0.44,0.4478,3,29
3,2011-01-01 00:00:00,1,0,1,2,FALSE,6,1,0.22,2,0.2727,0.8,0,1970-01-01 00:00:00,27,32,969,2011-02-12 00:00:00,1,0,2,23,FALSE,6,1,0.22,0.2273,0.51,0.1343,1,31
252,2011-01-11 00:00:00,1,0,1,20,FALSE,2,3,0.16,251,0.1515,0.93,0.194,1970-01-01 00:00:00,32,32,640,2011-01-29 00:00:00,1,0,1,22,FALSE,6,1,0.16,0.197,0.8,0.0896,4,28
252,2011-01-11 00:00:00,1,0,1,20,FALSE,2,3,0.16,251,0.1515,0.93,0.194,1970-01-01 00:00:00,32,32,735,2011-02-02 00:00:00,1,0,2,23,FALSE,3,1,0.2,0.1667,0.44,0.4478,3,29
252,2011-01-11 00:00:00,1,0,1,20,FALSE,2,3,0.16,251,0.1515,0.93,0.194,1970-01-01 00:00:00,32,32,969,2011-02-12 00:00:00,1,0,2,23,FALSE,6,1,0.22,0.2273,0.51,0.1343,1,31
358,2011-01-16 00:00:00,1,0,1,9,FALSE,0,1,0.22,357,0.2121,0.51,0.2537,1970-01-01 00:00:00,29,32,640,2011-01-29 00:00:00,1,0,1,22,FALSE,6,1,0.16,0.197,0.8,0.0896,4,28
358,2011-01-16 00:00:00,1,0,1,9,FALSE,0,1,0.22,357,0.2121,0.51,0.2537,1970-01-01 00:00:00,29,32,735,2011-02-02 00:00:00,1,0,2,23,FALSE,3,1,0.2,0.1667,0.44,0.4478,3,29
358,2011-01-16 00:00:00,1,0,1,9,FALSE,0,1,0.22,357,0.2121,0.51,0.2537,1970-01-01 00:00:00,29,32,969,2011-02-12 00:00:00,1,0,2,23,FALSE,6,1,0.22,0.2273,0.51,0.1343,1,31
414,2011-01-19 00:00:00,1,0,1,6,FALSE,3,2,0.22,413,0.2576,0.93,0.0896,1970-01-01 00:00:00,32,32,640,2011-01-29 00:00:00,1,0,1,22,FALSE,6,1,0.16,0.197,0.8,0.0896,4,28
414,2011-01-19 00:00:00,1,0,1,6,FALSE,3,2,0.22,413,0.2576,0.93,0.0896,1970-01-01 00:00:00,32,32,735,2011-02-02 00:00:00,1,0,2,23,FALSE,3,1,0.2,0.1667,0.44,0.4478,3,29
414,2011-01-19 00:00:00,1,0,1,6,FALSE,3,2,0.22,413,0.2576,0.93,0.0896,1970-01-01 00:00:00,32,32,969,2011-02-12 00:00:00,1,0,2,23,FALSE,6,1,0.22,0.2273,0.51,0.1343,1,31
4,2011-01-01 00:00:00,1,0,1,3,FALSE,6,1,0.24,3,0.2879,0.75,0,1970-01-01 00:00:00,10,13,759,2011-02-04 00:00:00,1,0,2,0,FALSE,5,2,0.2,0.2576,0.44,0,3,10
4,2011-01-01 00:00:00,1,0,1,3,FALSE,6,1,0.24,3,0.2879,0.75,0,1970-01-01 00:00:00,10,13,809,2011-02-06 00:00:00,1,0,2,3,FALSE,0,1,0.26,0.2879,0.6,0.0896,3,10
380,2011-01-17 00:00:00,1,0,1,7,TRUE,1,2,0.16,379,0.1818,0.5,0.1343,1970-01-01 00:00:00,9,13,759,2011-02-04 00:00:00,1,0,2,0,FALSE,5,2,0.2,0.2576,0.44,0,3,10
380,2011-01-17 00:00:00,1,0,1,7,TRUE,1,2,0.16,379,0.1818,0.5,0.1343,1970-01-01 00:00:00,9,13,809,2011-02-06 00:00:00,1,0,2,3,FALSE,0,1,0.26,0.2879,0.6,0.0896,3,10
395,2011-01-17 00:00:00,1,0,1,22,TRUE,1,3,0.14,394,0.1212,0.93,0.2537,1970-01-01 00:00:00,13,13,759,2011-02-04 00:00:00,1,0,2,0,FALSE,5,2,0.2,0.2576,0.44,0,3,10
395,2011-01-17 00:00:00,1,0,1,22,TRUE,1,3,0.14,394,0.1212,0.93,0.2537,1970-01-01 00:00:00,13,13,809,2011-02-06 00:00:00,1,0,2,3,FALSE,0,1,0.26,0.2879,0.6,0.0896,3,10
432,2011-01-20 00:00:00,1,0,1,0,FALSE,4,1,0.26,431,0.2273,0.56,0.3881,1970-01-01 00:00:00,8,13,759,2011-02-04 00:00:00,1,0,2,0,FALSE,5,2,0.2,0.2576,0.44,0,3,10
432,2011-01-20 00:00:00,1,0,1,0,FALSE,4,1,0.26,431,0.2273,0.56,0.3881,1970-01-01 00:00:00,8,13,809,2011-02-06 00:00:00,1,0,2,3,FALSE,0,1,0.26,0.2879,0.6,0.0896,3,10
480,2011-01-22 00:00:00,1,0,1,0,FALSE,6,1,0.04,479,0.0303,0.45,0.2537,1970-01-01 00:00:00,13,13,759,2011-02-04 00:00:00,1,0,2,0,FALSE,5,2,0.2,0.2576,0.44,0,3,10
480,2011-01-22 00:00:00,1,0,1,0,FALSE,6,1,0.04,479,0.0303,0.45,0.2537,1970-01-01 00:00:00,13,13,809,2011-02-06 00:00:00,1,0,2,3,FALSE,0,1,0.26,0.2879,0.6,0.0896,3,10
504,2011-01-23 00:00:00,1,0,1,1,FALSE,0,1,0.04,503,0.0758,0.57,0.1045,1970-01-01 00:00:00,12,13,759,2011-02-04 00:00:00,1,0,2,0,FALSE,5,2,0.2,0.2576,0.44,0,3,10
504,2011-01-23 00:00:00,1,0,1,1,FALSE,0,1,0.04,503,0.0758,0.57,0.1045,1970-01-01 00:00:00,12,13,809,2011-02-06 00:00:00,1,0,2,3,FALSE,0,1,0.26,0.2879,0.6,0.0896,3,10
5,2011-01-01 00:00:00,1,0,1,4,FALSE,6,1,0.24,4,0.2879,0.75,0,1970-01-01 00:00:00,1,1,646,2011-01-30 00:00:00,1,0,1,4,FALSE,0,1,0.14,0.2121,0.93,0,0,1
5,2011-01-01 00:00:00,1,0,1,4,FALSE,6,1,0.24,4,0.2879,0.75,0,1970-01-01 00:00:00,1,1,667,2011-01-31 00:00:00,1,0,1,2,FALSE,1,1,0.22,0.2273,0.64,0.194,0,1
5,2011-01-01 00:00:00,1,0,1,4,FALSE,6,1,0.24,4,0.2879,0.75,0,1970-01-01 00:00:00,1,1,715,2011-02-02 00:00:00,1,0,2,3,FALSE,3,3,0.22,0.2273,0.93,0.1343,0,1
5,2011-01-01 00:00:00,1,0,1,4,FALSE,6,1,0.24,4,0.2879,0.75,0,1970-01-01 00:00:00,1,1,716,2011-02-02 00:00:00,1,0,2,4,FALSE,3,3,0.22,0.2121,0.93,0.2836,0,1
5,2011-01-01 00:00:00,1,0,1,4,FALSE,6,1,0.24,4,0.2879,0.75,0,1970-01-01 00:00:00,1,1,739,2011-02-03 00:00:00,1,0,2,3,FALSE,4,1,0.18,0.1667,0.43,0.2537,0,1
5,2011-01-01 00:00:00,1,0,1,4,FALSE,6,1,0.24,4,0.2879,0.75,0,1970-01-01 00:00:00,1,1,761,2011-02-04 00:00:00,1,0,2,2,FALSE,5,2,0.14,0.1667,0.63,0.1045,0,1
5,2011-01-01 00:00:00,1,0,1,4,FALSE,6,1,0.24,4,0.2879,0.75,0,1970-01-01 00:00:00,1,1,762,2011-02-04 00:00:00,1,0,2,3,FALSE,5,2,0.14,0.1667,0.63,0.1045,0,1
5,2011-01-01 00:00:00,1,0,1,4,FALSE,6,1,0.24,4,0.2879,0.75,0,1970-01-01 00:00:00,1,1,811,2011-02-06 00:00:00,1,0,2,5,FALSE,0,1,0.26,0.2576,0.6,0.2239,0,1
5,2011-01-01 00:00:00,1,0,1,4,FALSE,6,1,0.24,4,0.2879,0.75,0,1970-01-01 00:00:00,1,1,812,2011-02-06 00:00:00,1,0,2,6,FALSE,0,1,0.26,0.2576,0.6,0.2239,0,1
5,2011-01-01 00:00:00,1,0,1,4,FALSE,6,1,0.24,4,0.2879,0.75,0,1970-01-01 00:00:00,1,1,833,2011-02-07 00:00:00,1,0,2,3,FALSE,1,1,0.2,0.2576,0.86,0,0,1
5,2011-01-01 00:00:00,1,0,1,4,FALSE,6,1,0.24,4,0.2879,0.75,0,1970-01-01 00:00:00,1,1,857,2011-02-08 00:00:00,1,0,2,3,FALSE,2,3,0.28,0.2727,0.93,0.1642,0,1
5,2011-01-01 00:00:00,1,0,1,4,FALSE,6,1,0.24,4,0.2879,0.75,0,1970-01-01 00:00:00,1,1,904,2011-02-10 00:00:00,1,0,2,4,FALSE,4,2,0.14,0.1364,0.59,0.2239,0,1
5,2011-01-01 00:00:00,1,0,1,4,FALSE,6,1,0.24,4,0.2879,0.75,0,1970-01-01 00:00:00,1,1,951,2011-02-12 00:00:00,1,0,2,5,FALSE,6,1,0.12,0.1667,0.74,0.0896,0,1
6,2011-01-01 00:00:00,1,0,1,5,FALSE,6,2,0.24,5,0.2576,0.75,0.0896,1970-01-01 00:00:00,1,1,646,2011-01-30 00:00:00,1,0,1,4,FALSE,0,1,0.14,0.2121,0.93,0,0,1
6,2011-01-01 00:00:00,1,0,1,5,FALSE,6,2,0.24,5,0.2576,0.75,0.0896,1970-01-01 00:00:00,1,1,667,2011-01-31 00:00:00,1,0,1,2,FALSE,1,1,0.22,0.2273,0.64,0.194,0,1
6,2011-01-01 00:00:00,1,0,1,5,FALSE,6,2,0.24,5,0.2576,0.75,0.0896,1970-01-01 00:00:00,1,1,715,2011-02-02 00:00:00,1,0,2,3,FALSE,3,3,0.22,0.2273,0.93,0.1343,0,1
6,2011-01-01 00:00:00,1,0,1,5,FALSE,6,2,0.24,5,0.2576,0.75,0.0896,1970-01-01 00:00:00,1,1,716,2011-02-02 00:00:00,1,0,2,4,FALSE,3,3,0.22,0.2121,0.93,0.2836,0,1
6,2011-01-01 00:00:00,1,0,1,5,FALSE,6,2,0.24,5,0.2576,0.75,0.0896,1970-01-01 00:00:00,1,1,739,2011-02-03 00:00:00,1,0,2,3,FALSE,4,1,0.18,0.1667,0.43,0.2537,0,1
6,2011-01-01 00:00:00,1,0,1,5,FALSE,6,2,0.24,5,0.2576,0.75,0.0896,1970-01-01 00:00:00,1,1,761,2011-02-04 00:00:00,1,0,2,2,FALSE,5,2,0.14,0.1667,0.63,0.1045,0,1
6,2011-01-01 00:00:00,1,0,1,5,FALSE,6,2,0.24,5,0.2576,0.75,0.0896,1970-01-01 00:00:00,1,1,762,2011-02-04 00:00:00,1,0,2,3,FALSE,5,2,0.14,0.1667,0.63,0.1045,0,1
6,2011-01-01 00:00:00,1,0,1,5,FALSE,6,2,0.24,5,0.2576,0.75,0.0896,1970-01-01 00:00:00,1,1,811,2011-02-06 00:00:00,1,0,2,5,FALSE,0,1,0.26,0.2576,0.6,0.2239,0,1
6,2011-01-01 00:00:00,1,0,1,5,FALSE,6,2,0.24,5,0.2576,0.75,0.0896,1970-01-01 00:00:00,1,1,812,2011-02-06 00:00:00,1,0,2,6,FALSE,0,1,0.26,0.2576,0.6,0.2239,0,1
6,2011-01-01 00:00:00,1,0,1,5,FALSE,6,2,0.24,5,0.2576,0.75,0.0896,1970-01-01 00:00:00,1,1,833,2011-02-07 00:00:00,1,0,2,3,FALSE,1,1,0.2,0.2576,0.86,0,0,1
6,2011-01-01 00:00:00,1,0,1,5,FALSE,6,2,0.24,5,0.2576,0.75,0.0896,1970-01-01 00:00:00,1,1,857,2011-02-08 00:00:00,1,0,2,3,FALSE,2,3,0.28,0.2727,0.93,0.1642,0,1
6,2011-01-01 00:00:00,1,0,1,5,FALSE,6,2,0.24,5,0.2576,0.75,0.0896,1970-01-01 00:00:00,1,1,904,2011-02-10 00:00:00,1,0,2,4,FALSE,4,2,0.14,0.1364,0.59,0.2239,0,1
6,2011-01-01 00:00:00,1,0,1,5,FALSE,6,2,0.24,5,0.2576,0.75,0.0896,1970-01-01 00:00:00,1,1,951,2011-02-12 00:00:00,1,0,2,5,FALSE,6,1,0.12,0.1667,0.74,0.0896,0,1
31,2011-01-02 00:00:00,1,0,1,7,FALSE,0,2,0.4,30,0.4091,0.76,0.194,1970-01-01 00:00:00,1,1,646,2011-01-30 00:00:00,1,0,1,4,FALSE,0,1,0.14,0.2121,0.93,0,0,1
31,2011-01-02 00:00:00,1,0,1,7,FALSE,0,2,0.4,30,0.4091,0.76,0.194,1970-01-01 00:00:00,1,1,667,2011-01-31 00:00:00,1,0,1,2,FALSE,1,1,0.22,0.2273,0.64,0.194,0,1
31,2011-01-02 00:00:00,1,0,1,7,FALSE,0,2,0.4,30,0.4091,0.76,0.194,1970-01-01 00:00:00,1,1,715,2011-02-02 00:00:00,1,0,2,3,FALSE,3,3,0.22,0.2273,0.93,0.1343,0,1
31,2011-01-02 00:00:00,1,0,1,7,FALSE,0,2,0.4,30,0.4091,0.76,0.194,1970-01-01 00:00:00,1,1,716,2011-02-02 00:00:00,1,0,2,4,FALSE,3,3,0.22,0.2121,0.93,0.2836,0,1
31,2011-01-02 00:00:00,1,0,1,7,FALSE,0,2,0.4,30,0.4091,0.76,0.194,1970-01-01 00:00:00,1,1,739,2011-02-03 00:00:00,1,0,2,3,FALSE,4,1,0.18,0.1667,0.43,0.2537,0,1
31,2011-01-02 00:00:00,1,0,1,7,FALSE,0,2,0.4,30,0.4091,0.76,0.194,1970-01-01 00:00:00,1,1,761,2011-02-04 00:00:00,1,0,2,2,FALSE,5,2,0.14,0.1667,0.63,0.1045,0,1
31,2011-01-02 00:00:00,1,0,1,7,FALSE,0,2,0.4,30,0.4091,0.76,0.194,1970-01-01 00:00:00,1,1,762,2011-02-04 00:00:00,1,0,2,3,FALSE,5,2,0.14,0.1667,0.63,0.1045,0,1
31,2011-01-02 00:00:00,1,0,1,7,FALSE,0,2,0.4,30,0.4091,0.76,0.194,1970-01-01 00:00:00,1,1,811,2011-02-06 00:00:00,1,0,2,5,FALSE,0,1,0.26,0.2576,0.6,0.2239,0,1
31,2011-01-02 00:00:00,1,0,1,7,FALSE,0,2,0.4,30,0.4091,0.76,0.194,1970-01-01 00:00:00,1,1,812,2011-02-06 00:00:00,1,0,2,6,FALSE,0,1,0.26,0.2576,0.6,0.2239,0,1
31,2011-01-02 00:00:00,1,0,1,7,FALSE,0,2,0.4,30,0.4091,0.76,0.194,1970-01-01 00:00:00,1,1,833,2011-02-07 00:00:00,1,0,2,3,FALSE,1,1,0.2,0.2576,0.86,0,0,1
31,2011-01-02 00:00:00,1,0,1,7,FALSE,0,2,0.4,30,0.4091,0.76,0.194,1970-01-01 00:00:00,1,1,857,2011-02-08 00:00:00,1,0,2,3,FALSE,2,3,0.28,0.2727,0.93,0.1642,0,1
31,2011-01-02 00:00:00,1,0,1,7,FALSE,0,2,0.4,30,0.4091,0.76,0.194,1970-01-01 00:00:00,1,1,904,2011-02-10 00:00:00,1,0,2,4,FALSE,4,2,0.14,0.1364,0.59,0.2239,0,1
31,2011-01-02 00:00:00,1,0,1,7,FALSE,0,2,0.4,30,0.4091,0.76,0.194,1970-01-01 00:00:00,1,1,951,2011-02-12 00:00:00,1,0,2,5,FALSE,6,1,0.12,0.1667,0.74,0.0896,0,1
50,2011-01-03 00:00:00,1,0,1,4,FALSE,1,1,0.16,49,0.1364,0.47,0.3881,1970-01-01 00:00:00,1,1,646,2011-01-30 00:00:00,1,0,1,4,FALSE,0,1,0.14,0.2121,0.93,0,0,1
50,2011-01-03 00:00:00,1,0,1,4,FALSE,1,1,0.16,49,0.1364,0.47,0.3881,1970-01-01 00:00:00,1,1,667,2011-01-31 00:00:00,1,0,1,2,FALSE,1,1,0.22,0.2273,0.64,0.194,0,1
50,2011-01-03 00:00:00,1,0,1,4,FALSE,1,1,0.16,49,0.1364,0.47,0.3881,1970-01-01 00:00:00,1,1,715,2011-02-02 00:00:00,1,0,2,3,FALSE,3,3,0.22,0.2273,0.93,0.1343,0,1
50,2011-01-03 00:00:00,1,0,1,4,FALSE,1,1,0.16,49,0.1364,0.47,0.3881,1970-01-01 00:00:00,1,1,716,2011-02-02 00:00:00,1,0,2,4,FALSE,3,3,0.22,0.2121,0.93,0.2836,0,1
50,2011-01-03 00:00:00,1,0,1,4,FALSE,1,1,0.16,49,0.1364,0.47,0.3881,1970-01-01 00:00:00,1,1,739,2011-02-03 00:00:00,1,0,2,3,FALSE,4,1,0.18,0.1667,0.43,0.2537,0,1
50,2011-01-03 00:00:00,1,0,1,4,FALSE,1,1,0.16,49,0.1364,0.47,0.3881,1970-01-01 00:00:00,1,1,761,2011-02-04 00:00:00,1,0,2,2,FALSE,5,2,0.14,0.1667,0.63,0.1045,0,1
50,2011-01-03 00:00:00,1,0,1,4,FALSE,1,1,0.16,49,0.1364,0.47,0.3881,1970-01-01 00:00:00,1,1,762,2011-02-04 00:00:00,1,0,2,3,FALSE,5,2,0.14,0.1667,0.63,0.1045,0,1
50,2011-01-03 00:00:00,1,0,1,4,FALSE,1,1,0.16,49,0.1364,0.47,0.3881,1970-01-01 00:00:00,1,1,811,2011-02-06 00:00:00,1,0,2,5,FALSE,0,1,0.26,0.2576,0.6,0.2239,0,1
50,2011-01-03 00:00:00,1,0,1,4,FALSE,1,1,0.16,49,0.1364,0.47,0.3881,1970-01-01 00:00:00,1,1,812,2011-02-06 00:00:00,1,0,2,6,FALSE,0,1,0.26,0.2576,0.6,0.2239,0,1
50,2011-01-03 00:00:00,1,0,1,4,FALSE,1,1,0.16,49,0.1364,0.47,0.3881,1970-01-01 00:00:00,1,1,833,2011-02-07 00:00:00,1,0,2,3,FALSE,1,1,0.2,0.2576,0.86,0,0,1
50,2011-01-03 00:00:00,1,0,1,4,FALSE,1,1,0.16,49,0.1364,0.47,0.3881,1970-01-01 00:00:00,1,1,857,2011-02-08 00:00:00,1,0,2,3,FALSE,2,3,0.28,0.2727,0.93,0.1642,0,1
50,2011-01-03 00:00:00,1,0,1,4,FALSE,1,1,0.16,49,0.1364,0.47,0.3881,1970-01-01 00:00:00,1,1,904,2011-02-10 00:00:00,1,0,2,4,FALSE,4,2,0.14,0.1364,0.59,0.2239,0,1
50,2011-01-03 00:00:00,1,0,1,4,FALSE,1,1,0.16,49,0.1364,0.47,0.3881,1970-01-01 00:00:00,1,1,951,2011-02-12 00:00:00,1,0,2,5,FALSE,6,1,0.12,0.1667,0.74,0.0896,0,1
72,2011-01-04 00:00:00,1,0,1,2,FALSE,2,1,0.14,71,0.1515,0.63,0.1343,1970-01-01 00:00:00,1,1,646,2011-01-30 00:00:00,1,0,1,4,FALSE,0,1,0.14,0.2121,0.93,0,0,1
72,2011-01-04 00:00:00,1,0,1,2,FALSE,2,1,0.14,71,0.1515,0.63,0.1343,1970-01-01 00:00:00,1,1,667,2011-01-31 00:00:00,1,0,1,2,FALSE,1,1,0.22,0.2273,0.64,0.194,0,1
72,2011-01-04 00:00:00,1,0,1,2,FALSE,2,1,0.14,71,0.1515,0.63,0.1343,1970-01-01 00:00:00,1,1,715,2011-02-02 00:00:00,1,0,2,3,FALSE,3,3,0.22,0.2273,0.93,0.1343,0,1
72,2011-01-04 00:00:00,1,0,1,2,FALSE,2,1,0.14,71,0.1515,0.63,0.1343,1970-01-01 00:00:00,1,1,716,2011-02-02 00:00:00,1,0,2,4,FALSE,3,3,0.22,0.2121,0.93,0.2836,0,1
72,2011-01-04 00:00:00,1,0,1,2,FALSE,2,1,0.14,71,0.1515,0.63,0.1343,1970-01-01 00:00:00,1,1,739,2011-02-03 00:00:00,1,0,2,3,FALSE,4,1,0.18,0.1667,0.43,0.2537,0,1
72,2011-01-04 00:00:00,1,0,1,2,FALSE,2,1,0.14,71,0.1515,0.63,0.1343,1970-01-01 00:00:00,1,1,761,2011-02-04 00:00:00,1,0,2,2,FALSE,5,2,0.14,0.1667,0.63,0.1045,0,1
72,2011-01-04 00:00:00,1,0,1,2,FALSE,2,1,0.14,71,0.1515,0.63,0.1343,1970-01-01 00:00:00,1,1,762,2011-02-04 00:00:00,1,0,2,3,FALSE,5,2,0.14,0.1667,0.63,0.1045,0,1
72,2011-01-04 00:00:00,1,0,1,2,FALSE,2,1,0.14,71,0.1515,0.63,0.1343,1970-01-01 00:00:00,1,1,811,2011-02-06 00:00:00,1,0,2,5,FALSE,0,1,0.26,0.2576,0.6,0.2239,0,1
72,2011-01-04 00:00:00,1,0,1,2,FALSE,2,1,0.14,71,0.1515,0.63,0.1343,1970-01-01 00:00:00,1,1,812,2011-02-06 00:00:00,1,0,2,6,FALSE,0,1,0.26,0.2576,0.6,0.2239,0,1
72,2011-01-04 00:00:00,1,0,1,2,FALSE,2,1,0.14,71,0.1515,0.63,0.1343,1970-01-01 00:00:00,1,1,833,2011-02-07 00:00:00,1,0,2,3,FALSE,1,1,0.2,0.2576,0.86,0,0,1
72,2011-01-04 00:00:00,1,0,1,2,FALSE,2,1,0.14,71,0.1515,0.63,0.1343,1970-01-01 00:00:00,1,1,857,2011-02-08 00:00:00,1,0,2,3,FALSE,2,3,0.28,0.2727,0.93,0.1642,0,1
72,2011-01-04 00:00:00,1,0,1,2,FALSE,2,1,0.14,71,0.1515,0.63,0.1343,1970-01-01 00:00:00,1,1,904,2011-02-10 00:00:00,1,0,2,4,FALSE,4,2,0.14,0.1364,0.59,0.2239,0,1
72,2011-01-04 00:00:00,1,0,1,2,FALSE,2,1,0.14,71,0.1515,0.63,0.1343,1970-01-01 00:00:00,1,1,951,2011-02-12 00:00:00,1,0,2,5,FALSE,6,1,0.12,0.1667,0.74,0.0896,0,1
119,2011-01-06 00:00:00,1,0,1,4,FALSE,4,2,0.16,118,0.197,0.64,0.0896,1970-01-01 00:00:00,1,1,646,2011-01-30 00:00:00,1,0,1,4,FALSE,0,1,0.14,0.2121,0.93,0,0,1
119,2011-01-06 00:00:00,1,0,1,4,FALSE,4,2,0.16,118,0.197,0.64,0.0896,1970-01-01 00:00:00,1,1,667,2011-01-31 00:00:00,1,0,1,2,FALSE,1,1,0.22,0.2273,0.64,0.194,0,1
119,2011-01-06 00:00:00,1,0,1,4,FALSE,4,2,0.16,118,0.197,0.64,0.0896,1970-01-01 00:00:00,1,1,715,2011-02-02 00:00:00,1,0,2,3,FALSE,3,3,0.22,0.2273,0.93,0.1343,0,1
119,2011-01-06 00:00:00,1,0,1,4,FALSE,4,2,0.16,118,0.197,0.64,0.0896,1970-01-01 00:00:00,1,1,716,2011-02-02 00:00:00,1,0,2,4,FALSE,3,3,0.22,0.2121,0.93,0.2836,0,1
119,2011-01-06 00:00:00,1,0,1,4,FALSE,4,2,0.16,118,0.197,0.64,0.0896,1970-01-01 00:00:00,1,1,739,2011-02-03 00:00:00,1,0,2,3,FALSE,4,1,0.18,0.1667,0.43,0.2537,0,1
119,2011-01-06 00:00:00,1,0,1,4,FALSE,4,2,0.16,118,0.197,0.64,0.0896,1970-01-01 00:00:00,1,1,761,2011-02-04 00:00:00,1,0,2,2,FALSE,5,2,0.14,0.1667,0.63,0.1045,0,1
119,2011-01-06 00:00:00,1,0,1,4,FALSE,4,2,0.16,118,0.197,0.64,0.0896,1970-01-01 00:00:00,1,1,762,2011-02-04 00:00:00,1,0,2,3,FALSE,5,2,0.14,0.1667,0.63,0.1045,0,1
119,2011-01-06 00:00:00,1,0,1,4,FALSE,4,2,0.16,118,0.197,0.64,0.0896,1970-01-01 00:00:00,1,1,811,2011-02-06 00:00:00,1,0,2,5,FALSE,0,1,0.26,0.2576,0.6,0.2239,0,1
119,2011-01-06 00:00:00,1,0,1,4,FALSE,4,2,0.16,118,0.197,0.64,0.0896,1970-01-01 00:00:00,1,1,812,2011-02-06 00:00:00,1,0,2,6,FALSE,0,1,0.26,0.2576,0.6,0.2239,0,1
119,2011-01-06 00:00:00,1,0,1,4,FALSE,4,2,0.16,118,0.197,0.64,0.0896,1970-01-01 00:00:00,1,1,833,2011-02-07 00:00:00,1,0,2,3,FALSE,1,1,0.2,0.2576,0.86,0,0,1
119,2011-01-06 00:00:00,1,0,1,4,FALSE,4,2,0.16,118,0.197,0.64,0.0896,1970-01-01 00:00:00,1,1,857,2011-02-08 00:00:00,1,0,2,3,FALSE,2,3,0.28,0.2727,0.93,0.1642,0,1
119,2011-01-06 00:00:00,1,0,1,4,FALSE,4,2,0.16,118,0.197,0.64,0.0896,1970-01-01 00:00:00,1,1,904,2011-02-10 00:00:00,1,0,2,4,FALSE,4,2,0.14,0.1364,0.59,0.2239,0,1
119,2011-01-06 00:00:00,1,0,1,4,FALSE,4,2,0.16,118,0.197,0.64,0.0896,1970-01-01 00:00:00,1,1,951,2011-02-12 00:00:00,1,0,2,5,FALSE,6,1,0.12,0.1667,0.74,0.0896,0,1
141,2011-01-07 00:00:00,1,0,1,2,FALSE,5,2,0.2,140,0.197,0.69,0.2239,1970-01-01 00:00:00,1,1,646,2011-01-30 00:00:00,1,0,1,4,FALSE,0,1,0.14,0.2121,0.93,0,0,1
141,2011-01-07 00:00:00,1,0,1,2,FALSE,5,2,0.2,140,0.197,0.69,0.2239,1970-01-01 00:00:00,1,1,667,2011-01-31 00:00:00,1,0,1,2,FALSE,1,1,0.22,0.2273,0.64,0.194,0,1
141,2011-01-07 00:00:00,1,0,1,2,FALSE,5,2,0.2,140,0.197,0.69,0.2239,1970-01-01 00:00:00,1,1,715,2011-02-02 00:00:00,1,0,2,3,FALSE,3,3,0.22,0.2273,0.93,0.1343,0,1
141,2011-01-07 00:00:00,1,0,1,2,FALSE,5,2,0.2,140,0.197,0.69,0.2239,1970-01-01 00:00:00,1,1,716,2011-02-02 00:00:00,1,0,2,4,FALSE,3,3,0.22,0.2121,0.93,0.2836,0,1
141,2011-01-07 00:00:00,1,0,1,2,FALSE,5,2,0.2,140,0.197,0.69,0.2239,1970-01-01 00:00:00,1,1,739,2011-02-03 00:00:00,1,0,2,3,FALSE,4,1,0.18,0.1667,0.43,0.2537,0,1
141,2011-01-07 00:00:00,1,0,1,2,FALSE,5,2,0.2,140,0.197,0.69,0.2239,1970-01-01 00:00:00,1,1,761,2011-02-04 00:00:00,1,0,2,2,FALSE,5,2,0.14,0.1667,0.63,0.1045,0,1
141,2011-01-07 00:00:00,1,0,1,2,FALSE,5,2,0.2,140,0.197,0.69,0.2239,1970-01-01 00:00:00,1,1,762,2011-02-04 00:00:00,1,0,2,3,FALSE,5,2,0.14,0.1667,0.63,0.1045,0,1
141,2011-01-07 00:00:00,1,0,1,2,FALSE,5,2,0.2,140,0.197,0.69,0.2239,1970-01-01 00:00:00,1,1,811,2011-02-06 00:00:00,1,0,2,5,FALSE,0,1,0.26,0.2576,0.6,0.2239,0,1
141,2011-01-07 00:00:00,1,0,1,2,FALSE,5,2,0.2,140,0.197,0.69,0.2239,1970-01-01 00:00:00,1,1,812,2011-02-06 00:00:00,1,0,2,6,FALSE,0,1,0.26,0.2576,0.6,0.2239,0,1
141,2011-01-07 00:00:00,1,0,1,2,FALSE,5,2,0.2,140,0.197,0.69,0.2239,1970-01-01 00:00:00,1,1,833,2011-02-07 00:00:00,1,0,2,3,FALSE,1,1,0.2,0.2576,0.86,0,0,1
141,2011-01-07 00:00:00,1,0,1,2,FALSE,5,2,0.2,140,0.197,0.69,0.2239,1970-01-01 00:00:00,1,1,857,2011-02-08 00:00:00,1,0,2,3,FALSE,2,3,0.28,0.2727,0.93,0.1642,0,1
141,2011-01-07 00:00:00,1,0,1,2,FALSE,5,2,0.2,140,0.197,0.69,0.2239,1970-01-01 00:00:00,1,1,904,2011-02-10 00:00:00,1,0,2,4,FALSE,4,2,0.14,0.1364,0.59,0.2239,0,1
141,2011-01-07 00:00:00,1,0,1,2,FALSE,5,2,0.2,140,0.197,0.69,0.2239,1970-01-01 00:00:00,1,1,951,2011-02-12 00:00:00,1,0,2,5,FALSE,6,1,0.12,0.1667,0.74,0.0896,0,1
142,2011-01-07 00:00:00,1,0,1,4,FALSE,5,2,0.2,141,0.2121,0.69,0.1343,1970-01-01 00:00:00,1,1,646,2011-01-30 00:00:00,1,0,1,4,FALSE,0,1,0.14,0.2121,0.93,0,0,1
142,2011-01-07 00:00:00,1,0,1,4,FALSE,5,2,0.2,141,0.2121,0.69,0.1343,1970-01-01 00:00:00,1,1,667,2011-01-31 00:00:00,1,0,1,2,FALSE,1,1,0.22,0.2273,0.64,0.194,0,1
142,2011-01-07 00:00:00,1,0,1,4,FALSE,5,2,0.2,141,0.2121,0.69,0.1343,1970-01-01 00:00:00,1,1,715,2011-02-02 00:00:00,1,0,2,3,FALSE,3,3,0.22,0.2273,0.93,0.1343,0,1
142,2011-01-07 00:00:00,1,0,1,4,FALSE,5,2,0.2,141,0.2121,0.69,0.1343,1970-01-01 00:00:00,1,1,716,2011-02-02 00:00:00,1,0,2,4,FALSE,3,3,0.22,0.2121,0.93,0.2836,0,1
142,2011-01-07 00:00:00,1,0,1,4,FALSE,5,2,0.2,141,0.2121,0.69,0.1343,1970-01-01 00:00:00,1,1,739,2011-02-03 00:00:00,1,0,2,3,FALSE,4,1,0.18,0.1667,0.43,0.2537,0,1
142,2011-01-07 00:00:00,1,0,1,4,FALSE,5,2,0.2,141,0.2121,0.69,0.1343,1970-01-01 00:00:00,1,1,761,2011-02-04 00:00:00,1,0,2,2,FALSE,5,2,0.14,0.1667,0.63,0.1045,0,1
142,2011-01-07 00:00:00,1,0,1,4,FALSE,5,2,0.2,141,0.2121,0.69,0.1343,1970-01-01 00:00:00,1,1,762,2011-02-04 00:00:00,1,0,2,3,FALSE,5,2,0.14,0.1667,0.63,0.1045,0,1
142,2011-01-07 00:00:00,1,0,1,4,FALSE,5,2,0.2,141,0.2121,0.69,0.1343,1970-01-01 00:00:00,1,1,811,2011-02-06 00:00:00,1,0,2,5,FALSE,0,1,0.26,0.2576,0.6,0.2239,0,1
142,2011-01-07 00:00:00,1,0,1,4,FALSE,5,2,0.2,141,0.2121,0.69,0.1343,1970-01-01 00:00:00,1,1,812,2011-02-06 00:00:00,1,0,2,6,FALSE,0,1,0.26,0.2576,0.6,0.2239,0,1
142,2011-01-07 00:00:00,1,0,1,4,FALSE,5,2,0.2,141,0.2121,0.69,0.1343,1970-01-01 00:00:00,1,1,833,2011-02-07 00:00:00,1,0,2,3,FALSE,1,1,0.2,0.2576,0.86,0,0,1
142,2011-01-07 00:00:00,1,0,1,4,FALSE,5,2,0.2,141,0.2121,0.69,0.1343,1970-01-01 00:00:00,1,1,857,2011-02-08 00:00:00,1,0,2,3,FALSE,2,3,0.28,0.2727,0.93,0.1642,0,1
142,2011-01-07 00:00:00,1,0,1,4,FALSE,5,2,0.2,141,0.2121,0.69,0.1343,1970-01-01 00:00:00,1,1,904,2011-02-10 00:00:00,1,0,2,4,FALSE,4,2,0.14,0.1364,0.59,0.2239,0,1
142,2011-01-07 00:00:00,1,0,1,4,FALSE,5,2,0.2,141,0.2121,0.69,0.1343,1970-01-01 00:00:00,1,1,951,2011-02-12 00:00:00,1,0,2,5,FALSE,6,1,0.12,0.1667,0.74,0.0896,0,1
166,2011-01-08 00:00:00,1,0,1,4,FALSE,6,3,0.18,165,0.197,0.55,0.1642,1970-01-01 00:00:00,1,1,646,2011-01-30 00:00:00,1,0,1,4,FALSE,0,1,0.14,0.2121,0.93,0,0,1
166,2011-01-08 00:00:00,1,0,1,4,FALSE,6,3,0.18,165,0.197,0.55,0.1642,1970-01-01 00:00:00,1,1,667,2011-01-31 00:00:00,1,0,1,2,FALSE,1,1,0.22,0.2273,0.64,0.194,0,1
166,2011-01-08 00:00:00,1,0,1,4,FALSE,6,3,0.18,165,0.197,0.55,0.1642,1970-01-01 00:00:00,1,1,715,2011-02-02 00:00:00,1,0,2,3,FALSE,3,3,0.22,0.2273,0.93,0.1343,0,1
166,2011-01-08 00:00:00,1,0,1,4,FALSE,6,3,0.18,165,0.197,0.55,0.1642,1970-01-01 00:00:00,1,1,716,2011-02-02 00:00:00,1,0,2,4,FALSE,3,3,0.22,0.2121,0.93,0.2836,0,1
166,2011-01-08 00:00:00,1,0,1,4,FALSE,6,3,0.18,165,0.197,0.55,0.1642,1970-01-01 00:00:00,1,1,739,2011-02-03 00:00:00,1,0,2,3,FALSE,4,1,0.18,0.1667,0.43,0.2537,0,1
166,2011-01-08 00:00:00,1,0,1,4,FALSE,6,3,0.18,165,0.197,0.55,0.1642,1970-01-01 00:00:00,1,1,761,2011-02-04 00:00:00,1,0,2,2,FALSE,5,2,0.14,0.1667,0.63,0.1045,0,1
166,2011-01-08 00:00:00,1,0,1,4,FALSE,6,3,0.18,165,0.197,0.55,0.1642,1970-01-01 00:00:00,1,1,762,2011-02-04 00:00:00,1,0,2,3,FALSE,5,2,0.14,0.1667,0.63,0.1045,0,1
166,2011-01-08 00:00:00,1,0,1,4,FALSE,6,3,0.18,165,0.197,0.55,0.1642,1970-01-01 00:00:00,1,1,811,2011-02-06 00:00:00,1,0,2,5,FALSE,0,1,0.26,0.2576,0.6,0.2239,0,1
166,2011-01-08 00:00:00,1,0,1,4,FALSE,6,3,0.18,165,0.197,0.55,0.1642,1970-01-01 00:00:00,1,1,812,2011-02-06 00:00:00,1,0,2,6,FALSE,0,1,0.26,0.2576,0.6,0.2239,0,1
166,2011-01-08 00:00:00,1,0,1,4,FALSE,6,3,0.18,165,0.197,0.55,0.1642,1970-01-01 00:00:00,1,1,833,2011-02-07 00:00:00,1,0,2,3,FALSE,1,1,0.2,0.2576,0.86,0,0,1
166,2011-01-08 00:00:00,1,0,1,4,FALSE,6,3,0.18,165,0.197,0.55,0.1642,1970-01-01 00:00:00,1,1,857,2011-02-08 00:00:00,1,0,2,3,FALSE,2,3,0.28,0.2727,0.93,0.1642,0,1
166,2011-01-08 00:00:00,1,0,1,4,FALSE,6,3,0.18,165,0.197,0.55,0.1642,1970-01-01 00:00:00,1,1,904,2011-02-10 00:00:00,1,0,2,4,FALSE,4,2,0.14,0.1364,0.59,0.2239,0,1
166,2011-01-08 00:00:00,1,0,1,4,FALSE,6,3,0.18,165,0.197,0.55,0.1642,1970-01-01 00:00:00,1,1,951,2011-02-12 00:00:00,1,0,2,5,FALSE,6,1,0.12,0.1667,0.74,0.0896,0,1
190,2011-01-09 00:00:00,1,0,1,4,FALSE,0,1,0.08,189,0.0909,0.53,0.194,1970-01-01 00:00:00,1,1,646,2011-01-30 00:00:00,1,0,1,4,FALSE,0,1,0.14,0.2121,0.93,0,0,1
190,2011-01-09 00:00:00,1,0,1,4,FALSE,0,1,0.08,189,0.0909,0.53,0.194,1970-01-01 00:00:00,1,1,667,2011-01-31 00:00:00,1,0,1,2,FALSE,1,1,0.22,0.2273,0.64,0.194,0,1
190,2011-01-09 00:00:00,1,0,1,4,FALSE,0,1,0.08,189,0.0909,0.53,0.194,1970-01-01 00:00:00,1,1,715,2011-02-02 00:00:00,1,0,2,3,FALSE,3,3,0.22,0.2273,0.93,0.1343,0,1
190,2011-01-09 00:00:00,1,0,1,4,FALSE,0,1,0.08,189,0.0909,0.53,0.194,1970-01-01 00:00:00,1,1,716,2011-02-02 00:00:00,1,0,2,4,FALSE,3,3,0.22,0.2121,0.93,0.2836,0,1
190,2011-01-09 00:00:00,1,0,1,4,FALSE,0,1,0.08,189,0.0909,0.53,0.194,1970-01-01 00:00:00,1,1,739,2011-02-03 00:00:00,1,0,2,3,FALSE,4,1,0.18,0.1667,0.43,0.2537,0,1
190,2011-01-09 00:00:00,1,0,1,4,FALSE,0,1,0.08,189,0.0909,0.53,0.194,1970-01-01 00:00:00,1,1,761,2011-02-04 00:00:00,1,0,2,2,FALSE,5,2,0.14,0.1667,0.63,0.1045,0,1
190,2011-01-09 00:00:00,1,0,1,4,FALSE,0,1,0.08,189,0.0909,0.53,0.194,1970-01-01 00:00:00,1,1,762,2011-02-04 00:00:00,1,0,2,3,FALSE,5,2,0.14,0.1667,0.63,0.1045,0,1
190,2011-01-09 00:00:00,1,0,1,4,FALSE,0,1,0.08,189,0.0909,0.53,0.194,1970-01-01 00:00:00,1,1,811,2011-02-06 00:00:00,1,0,2,5,FALSE,0,1,0.26,0.2576,0.6,0.2239,0,1
190,2011-01-09 00:00:00,1,0,1,4,FALSE,0,1,0.08,189,0.0909,0.53,0.194,1970-01-01 00:00:00,1,1,812,2011-02-06 00:00:00,1,0,2,6,FALSE,0,1,0.26,0.2576,0.6,0.2239,0,1
190,2011-01-09 00:00:00,1,0,1,4,FALSE,0,1,0.08,189,0.0909,0.53,0.194,1970-01-01 00:00:00,1,1,833,2011-02-07 00:00:00,1,0,2,3,FALSE,1,1,0.2,0.2576,0.86,0,0,1
190,2011-01-09 00:00:00,1,0,1,4,FALSE,0,1,0.08,189,0.0909,0.53,0.194,1970-01-01 00:00:00,1,1,857,2011-02-08 00:00:00,1,0,2,3,FALSE,2,3,0.28,0.2727,0.93,0.1642,0,1
190,2011-01-09 00:00:00,1,0,1,4,FALSE,0,1,0.08,189,0.0909,0.53,0.194,1970-01-01 00:00:00,1,1,904,2011-02-10 00:00:00,1,0,2,4,FALSE,4,2,0.14,0.1364,0.59,0.2239,0,1
190,2011-01-09 00:00:00,1,0,1,4,FALSE,0,1,0.08,189,0.0909,0.53,0.194,1970-01-01 00:00:00,1,1,951,2011-02-12 00:00:00,1,0,2,5,FALSE,6,1,0.12,0.1667,0.74,0.0896,0,1
191,2011-01-09 00:00:00,1,0,1,5,FALSE,0,1,0.08,190,0.0909,0.53,0.194,1970-01-01 00:00:00,1,1,646,2011-01-30 00:00:00,1,0,1,4,FALSE,0,1,0.14,0.2121,0.93,0,0,1
191,2011-01-09 00:00:00,1,0,1,5,FALSE,0,1,0.08,190,0.0909,0.53,0.194,1970-01-01 00:00:00,1,1,667,2011-01-31 00:00:00,1,0,1,2,FALSE,1,1,0.22,0.2273,0.64,0.194,0,1
191,2011-01-09 00:00:00,1,0,1,5,FALSE,0,1,0.08,190,0.0909,0.53,0.194,1970-01-01 00:00:00,1,1,715,2011-02-02 00:00:00,1,0,2,3,FALSE,3,3,0.22,0.2273,0.93,0.1343,0,1
191,2011-01-09 00:00:00,1,0,1,5,FALSE,0,1,0.08,190,0.0909,0.53,0.194,1970-01-01 00:00:00,1,1,716,2011-02-02 00:00:00,1,0,2,4,FALSE,3,3,0.22,0.2121,0.93,0.2836,0,1
191,2011-01-09 00:00:00,1,0,1,5,FALSE,0,1,0.08,190,0.0909,0.53,0.194,1970-01-01 00:00:00,1,1,739,2011-02-03 00:00:00,1,0,2,3,FALSE,4,1,0.18,0.1667,0.43,0.2537,0,1
191,2011-01-09 00:00:00,1,0,1,5,FALSE,0,1,0.08,190,0.0909,0.53,0.194,1970-01-01 00:00:00,1,1,761,2011-02-04 00:00:00,1,0,2,2,FALSE,5,2,0.14,0.1667,0.63,0.1045,0,1
191,2011-01-09 00:00:00,1,0,1,5,FALSE,0,1,0.08,190,0.0909,0.53,0.194,1970-01-01 00:00:00,1,1,762,2011-02-04 00:00:00,1,0,2,3,FALSE,5,2,0.14,0.1667,0.63,0.1045,0,1
191,2011-01-09 00:00:00,1,0,1,5,FALSE,0,1,0.08,190,0.0909,0.53,0.194,1970-01-01 00:00:00,1,1,811,2011-02-06 00:00:00,1,0,2,5,FALSE,0,1,0.26,0.2576,0.6,0.2239,0,1
191,2011-01-09 00:00:00,1,0,1,5,FALSE,0,1,0.08,190,0.0909,0.53,0.194,1970-01-01 00:00:00,1,1,812,2011-02-06 00:00:00,1,0,2,6,FALSE,0,1,0.26,0.2576,0.6,0.2239,0,1
191,2011-01-09 00:00:00,1,0,1,5,FALSE,0,1,0.08,190,0.0909,0.53,0.194,1970-01-01 00:00:00,1,1,833,2011-02-07 00:00:00,1,0,2,3,FALSE,1,1,0.2,0.2576,0.86,0,0,1
191,2011-01-09 00:00:00,1,0,1,5,FALSE,0,1,0.08,190,0.0909,0.53,0.194,1970-01-01 00:00:00,1,1,857,2011-02-08 00:00:00,1,0,2,3,FALSE,2,3,0.28,0.2727,0.93,0.1642,0,1
191,2011-01-09 00:00:00,1,0,1,5,FALSE,0,1,0.08,190,0.0909,0.53,0.194,1970-01-01 00:00:00,1,1,904,2011-02-10 00:00:00,1,0,2,4,FALSE,4,2,0.14,0.1364,0.59,0.2239,0,1
191,2011-01-09 00:00:00,1,0,1,5,FALSE,0,1,0.08,190,0.0909,0.53,0.194,1970-01-01 00:00:00,1,1,951,2011-02-12 00:00:00,1,0,2,5,FALSE,6,1,0.12,0.1667,0.74,0.0896,0,1
192,2011-01-09 00:00:00,1,0,1,6,FALSE,0,1,0.1,191,0.0909,0.49,0.2836,1970-01-01 00:00:00,1,1,646,2011-01-30 00:00:00,1,0,1,4,FALSE,0,1,0.14,0.2121,0.93,0,0,1
192,2011-01-09 00:00:00,1,0,1,6,FALSE,0,1,0.1,191,0.0909,0.49,0.2836,1970-01-01 00:00:00,1,1,667,2011-01-31 00:00:00,1,0,1,2,FALSE,1,1,0.22,0.2273,0.64,0.194,0,1
192,2011-01-09 00:00:00,1,0,1,6,FALSE,0,1,0.1,191,0.0909,0.49,0.2836,1970-01-01 00:00:00,1,1,715,2011-02-02 00:00:00,1,0,2,3,FALSE,3,3,0.22,0.2273,0.93,0.1343,0,1
192,2011-01-09 00:00:00,1,0,1,6,FALSE,0,1,0.1,191,0.0909,0.49,0.2836,1970-01-01 00:00:00,1,1,716,2011-02-02 00:00:00,1,0,2,4,FALSE,3,3,0.22,0.2121,0.93,0.2836,0,1
192,2011-01-09 00:00:00,1,0,1,6,FALSE,0,1,0.1,191,0.0909,0.49,0.2836,1970-01-01 00:00:00,1,1,739,2011-02-03 00:00:00,1,0,2,3,FALSE,4,1,0.18,0.1667,0.43,0.2537,0,1
192,2011-01-09 00:00:00,1,0,1,6,FALSE,0,1,0.1,191,0.0909,0.49,0.2836,1970-01-01 00:00:00,1,1,761,2011-02-04 00:00:00,1,0,2,2,FALSE,5,2,0.14,0.1667,0.63,0.1045,0,1
192,2011-01-09 00:00:00,1,0,1,6,FALSE,0,1,0.1,191,0.0909,0.49,0.2836,1970-01-01 00:00:00,1,1,762,2011-02-04 00:00:00,1,0,2,3,FALSE,5,2,0.14,0.1667,0.63,0.1045,0,1
192,2011-01-09 00:00:00,1,0,1,6,FALSE,0,1,0.1,191,0.0909,0.49,0.2836,1970-01-01 00:00:00,1,1,811,2011-02-06 00:00:00,1,0,2,5,FALSE,0,1,0.26,0.2576,0.6,0.2239,0,1
192,2011-01-09 00:00:00,1,0,1,6,FALSE,0,1,0.1,191,0.0909,0.49,0.2836,1970-01-01 00:00:00,1,1,812,2011-02-06 00:00:00,1,0,2,6,FALSE,0,1,0.26,0.2576,0.6,0.2239,0,1
192,2011-01-09 00:00:00,1,0,1,6,FALSE,0,1,0.1,191,0.0909,0.49,0.2836,1970-01-01 00:00:00,1,1,833,2011-02-07 00:00:00,1,0,2,3,FALSE,1,1,0.2,0.2576,0.86,0,0,1
192,2011-01-09 00:00:00,1,0,1,6,FALSE,0,1,0.1,191,0.0909,0.49,0.2836,1970-01-01 00:00:00,1,1,857,2011-02-08 00:00:00,1,0,2,3,FALSE,2,3,0.28,0.2727,0.93,0.1642,0,1
192,2011-01-09 00:00:00,1,0,1,6,FALSE,0,1,0.1,191,0.0909,0.49,0.2836,1970-01-01 00:00:00,1,1,904,2011-02-10 00:00:00,1,0,2,4,FALSE,4,2,0.14,0.1364,0.59,0.2239,0,1
192,2011-01-09 00:00:00,1,0,1,6,FALSE,0,1,0.1,191,0.0909,0.49,0.2836,1970-01-01 00:00:00,1,1,951,2011-02-12 00:00:00,1,0,2,5,FALSE,6,1,0.12,0.1667,0.74,0.0896,0,1
211,2011-01-10 00:00:00,1,0,1,1,FALSE,1,1,0.12,210,0.1212,0.5,0.2836,1970-01-01 00:00:00,0,1,646,2011-01-30 00:00:00,1,0,1,4,FALSE,0,1,0.14,0.2121,0.93,0,0,1
211,2011-01-10 00:00:00,1,0,1,1,FALSE,1,1,0.12,210,0.1212,0.5,0.2836,1970-01-01 00:00:00,0,1,667,2011-01-31 00:00:00,1,0,1,2,FALSE,1,1,0.22,0.2273,0.64,0.194,0,1
211,2011-01-10 00:00:00,1,0,1,1,FALSE,1,1,0.12,210,0.1212,0.5,0.2836,1970-01-01 00:00:00,0,1,715,2011-02-02 00:00:00,1,0,2,3,FALSE,3,3,0.22,0.2273,0.93,0.1343,0,1
211,2011-01-10 00:00:00,1,0,1,1,FALSE,1,1,0.12,210,0.1212,0.5,0.2836,1970-01-01 00:00:00,0,1,716,2011-02-02 00:00:00,1,0,2,4,FALSE,3,3,0.22,0.2121,0.93,0.2836,0,1
211,2011-01-10 00:00:00,1,0,1,1,FALSE,1,1,0.12,210,0.1212,0.5,0.2836,1970-01-01 00:00:00,0,1,739,2011-02-03 00:00:00,1,0,2,3,FALSE,4,1,0.18,0.1667,0.43,0.2537,0,1
211,2011-01-10 00:00:00,1,0,1,1,FALSE,1,1,0.12,210,0.1212,0.5,0.2836,1970-01-01 00:00:00,0,1,761,2011-02-04 00:00:00,1,0,2,2,FALSE,5,2,0.14,0.1667,0.63,0.1045,0,1
211,2011-01-10 00:00:00,1,0,1,1,FALSE,1,1,0.12,210,0.1212,0.5,0.2836,1970-01-01 00:00:00,0,1,762,2011-02-04 00:00:00,1,0,2,3,FALSE,5,2,0.14,0.1667,0.63,0.1045,0,1
211,2011-01-10 00:00:00,1,0,1,1,FALSE,1,1,0.12,210,0.1212,0.5,0.2836,1970-01-01 00:00:00,0,1,811,2011-02-06 00:00:00,1,0,2,5,FALSE,0,1,0.26,0.2576,0.6,0.2239,0,1
211,2011-01-10 00:00:00,1,0,1,1,FALSE,1,1,0.12,210,0.1212,0.5,0.2836,1970-01-01 00:00:00,0,1,812,2011-02-06 00:00:00,1,0,2,6,FALSE,0,1,0.26,0.2576,0.6,0.2239,0,1
211,2011-01-10 00:00:00,1,0,1,1,FALSE,1,1,0.12,210,0.1212,0.5,0.2836,1970-01-01 00:00:00,0,1,833,2011-02-07 00:00:00,1,0,2,3,FALSE,1,1,0.2,0.2576,0.86,0,0,1
211,2011-01-10 00:00:00,1,0,1,1,FALSE,1,1,0.12,210,0.1212,0.5,0.2836,1970-01-01 00:00:00,0,1,857,2011-02-08 00:00:00,1,0,2,3,FALSE,2,3,0.28,0.2727,0.93,0.1642,0,1
211,2011-01-10 00:00:00,1,0,1,1,FALSE,1,1,0.12,210,0.1212,0.5,0.2836,1970-01-01 00:00:00,0,1,904,2011-02-10 00:00:00,1,0,2,4,FALSE,4,2,0.14,0.1364,0.59,0.2239,0,1
211,2011-01-10 00:00:00,1,0,1,1,FALSE,1,1,0.12,210,0.1212,0.5,0.2836,1970-01-01 00:00:00,0,1,951,2011-02-12 00:00:00,1,0,2,5,FALSE,6,1,0.12,0.1667,0.74,0.0896,0,1
213,2011-01-10 00:00:00,1,0,1,3,FALSE,1,1,0.12,212,0.1212,0.5,0.2239,1970-01-01 00:00:00,1,1,646,2011-01-30 00:00:00,1,0,1,4,FALSE,0,1,0.14,0.2121,0.93,0,0,1
213,2011-01-10 00:00:00,1,0,1,3,FALSE,1,1,0.12,212,0.1212,0.5,0.2239,1970-01-01 00:00:00,1,1,667,2011-01-31 00:00:00,1,0,1,2,FALSE,1,1,0.22,0.2273,0.64,0.194,0,1
213,2011-01-10 00:00:00,1,0,1,3,FALSE,1,1,0.12,212,0.1212,0.5,0.2239,1970-01-01 00:00:00,1,1,715,2011-02-02 00:00:00,1,0,2,3,FALSE,3,3,0.22,0.2273,0.93,0.1343,0,1
213,2011-01-10 00:00:00,1,0,1,3,FALSE,1,1,0.12,212,0.1212,0.5,0.2239,1970-01-01 00:00:00,1,1,716,2011-02-02 00:00:00,1,0,2,4,FALSE,3,3,0.22,0.2121,0.93,0.2836,0,1
213,2011-01-10 00:00:00,1,0,1,3,FALSE,1,1,0.12,212,0.1212,0.5,0.2239,1970-01-01 00:00:00,1,1,739,2011-02-03 00:00:00,1,0,2,3,FALSE,4,1,0.18,0.1667,0.43,0.2537,0,1
213,2011-01-10 00:00:00,1,0,1,3,FALSE,1,1,0.12,212,0.1212,0.5,0.2239,1970-01-01 00:00:00,1,1,761,2011-02-04 00:00:00,1,0,2,2,FALSE,5,2,0.14,0.1667,0.63,0.1045,0,1
213,2011-01-10 00:00:00,1,0,1,3,FALSE,1,1,0.12,212,0.1212,0.5,0.2239,1970-01-01 00:00:00,1,1,762,2011-02-04 00:00:00,1,0,2,3,FALSE,5,2,0.14,0.1667,0.63,0.1045,0,1
213,2011-01-10 00:00:00,1,0,1,3,FALSE,1,1,0.12,212,0.1212,0.5,0.2239,1970-01-01 00:00:00,1,1,811,2011-02-06 00:00:00,1,0,2,5,FALSE,0,1,0.26,0.2576,0.6,0.2239,0,1
213,2011-01-10 00:00:00,1,0,1,3,FALSE,1,1,0.12,212,0.1212,0.5,0.2239,1970-01-01 00:00:00,1,1,812,2011-02-06 00:00:00,1,0,2,6,FALSE,0,1,0.26,0.2576,0.6,0.2239,0,1
213,2011-01-10 00:00:00,1,0,1,3,FALSE,1,1,0.12,212,0.1212,0.5,0.2239,1970-01-01 00:00:00,1,1,833,2011-02-07 00:00:00,1,0,2,3,FALSE,1,1,0.2,0.2576,0.86,0,0,1
213,2011-01-10 00:00:00,1,0,1,3,FALSE,1,1,0.12,212,0.1212,0.5,0.2239,1970-01-01 00:00:00,1,1,857,2011-02-08 00:00:00,1,0,2,3,FALSE,2,3,0.28,0.2727,0.93,0.1642,0,1
213,2011-01-10 00:00:00,1,0,1,3,FALSE,1,1,0.12,212,0.1212,0.5,0.2239,1970-01-01 00:00:00,1,1,904,2011-02-10 00:00:00,1,0,2,4,FALSE,4,2,0.14,0.1364,0.59,0.2239,0,1
213,2011-01-10 00:00:00,1,0,1,3,FALSE,1,1,0.12,212,0.1212,0.5,0.2239,1970-01-01 00:00:00,1,1,951,2011-02-12 00:00:00,1,0,2,5,FALSE,6,1,0.12,0.1667,0.74,0.0896,0,1
258,2011-01-12 00:00:00,1,0,1,2,FALSE,3,1,0.14,257,0.1515,0.86,0.1343,1970-01-01 00:00:00,1,1,646,2011-01-30 00:00:00,1,0,1,4,FALSE,0,1,0.14,0.2121,0.93,0,0,1
258,2011-01-12 00:00:00,1,0,1,2,FALSE,3,1,0.14,257,0.1515,0.86,0.1343,1970-01-01 00:00:00,1,1,667,2011-01-31 00:00:00,1,0,1,2,FALSE,1,1,0.22,0.2273,0.64,0.194,0,1
258,2011-01-12 00:00:00,1,0,1,2,FALSE,3,1,0.14,257,0.1515,0.86,0.1343,1970-01-01 00:00:00,1,1,715,2011-02-02 00:00:00,1,0,2,3,FALSE,3,3,0.22,0.2273,0.93,0.1343,0,1
258,2011-01-12 00:00:00,1,0,1,2,FALSE,3,1,0.14,257,0.1515,0.86,0.1343,1970-01-01 00:00:00,1,1,716,2011-02-02 00:00:00,1,0,2,4,FALSE,3,3,0.22,0.2121,0.93,0.2836,0,1
258,2011-01-12 00:00:00,1,0,1,2,FALSE,3,1,0.14,257,0.1515,0.86,0.1343,1970-01-01 00:00:00,1,1,739,2011-02-03 00:00:00,1,0,2,3,FALSE,4,1,0.18,0.1667,0.43,0.2537,0,1
258,2011-01-12 00:00:00,1,0,1,2,FALSE,3,1,0.14,257,0.1515,0.86,0.1343,1970-01-01 00:00:00,1,1,761,2011-02-04 00:00:00,1,0,2,2,FALSE,5,2,0.14,0.1667,0.63,0.1045,0,1
258,2011-01-12 00:00:00,1,0,1,2,FALSE,3,1,0.14,257,0.1515,0.86,0.1343,1970-01-01 00:00:00,1,1,762,2011-02-04 00:00:00,1,0,2,3,FALSE,5,2,0.14,0.1667,0.63,0.1045,0,1
258,2011-01-12 00:00:00,1,0,1,2,FALSE,3,1,0.14,257,0.1515,0.86,0.1343,1970-01-01 00:00:00,1,1,811,2011-02-06 00:00:00,1,0,2,5,FALSE,0,1,0.26,0.2576,0.6,0.2239,0,1
258,2011-01-12 00:00:00,1,0,1,2,FALSE,3,1,0.14,257,0.1515,0.86,0.1343,1970-01-01 00:00:00,1,1,812,2011-02-06 00:00:00,1,0,2,6,FALSE,0,1,0.26,0.2576,0.6,0.2239,0,1
258,2011-01-12 00:00:00,1,0,1,2,FALSE,3,1,0.14,257,0.1515,0.86,0.1343,1970-01-01 00:00:00,1,1,833,2011-02-07 00:00:00,1,0,2,3,FALSE,1,1,0.2,0.2576,0.86,0,0,1
258,2011-01-12 00:00:00,1,0,1,2,FALSE,3,1,0.14,257,0.1515,0.86,0.1343,1970-01-01 00:00:00,1,1,857,2011-02-08 00:00:00,1,0,2,3,FALSE,2,3,0.28,0.2727,0.93,0.1642,0,1
258,2011-01-12 00:00:00,1,0,1,2,FALSE,3,1,0.14,257,0.1515,0.86,0.1343,1970-01-01 00:00:00,1,1,904,2011-02-10 00:00:00,1,0,2,4,FALSE,4,2,0.14,0.1364,0.59,0.2239,0,1
258,2011-01-12 00:00:00,1,0,1,2,FALSE,3,1,0.14,257,0.1515,0.86,0.1343,1970-01-01 00:00:00,1,1,951,2011-02-12 00:00:00,1,0,2,5,FALSE,6,1,0.12,0.1667,0.74,0.0896,0,1
304,2011-01-14 00:00:00,1,0,1,2,FALSE,5,1,0.1,303,0.1212,0.54,0.1343,1970-01-01 00:00:00,1,1,646,2011-01-30 00:00:00,1,0,1,4,FALSE,0,1,0.14,0.2121,0.93,0,0,1
304,2011-01-14 00:00:00,1,0,1,2,FALSE,5,1,0.1,303,0.1212,0.54,0.1343,1970-01-01 00:00:00,1,1,667,2011-01-31 00:00:00,1,0,1,2,FALSE,1,1,0.22,0.2273,0.64,0.194,0,1
304,2011-01-14 00:00:00,1,0,1,2,FALSE,5,1,0.1,303,0.1212,0.54,0.1343,1970-01-01 00:00:00,1,1,715,2011-02-02 00:00:00,1,0,2,3,FALSE,3,3,0.22,0.2273,0.93,0.1343,0,1
304,2011-01-14 00:00:00,1,0,1,2,FALSE,5,1,0.1,303,0.1212,0.54,0.1343,1970-01-01 00:00:00,1,1,716,2011-02-02 00:00:00,1,0,2,4,FALSE,3,3,0.22,0.2121,0.93,0.2836,0,1
304,2011-01-14 00:00:00,1,0,1,2,FALSE,5,1,0.1,303,0.1212,0.54,0.1343,1970-01-01 00:00:00,1,1,739,2011-02-03 00:00:00,1,0,2,3,FALSE,4,1,0.18,0.1667,0.43,0.2537,0,1
304,2011-01-14 00:00:00,1,0,1,2,FALSE,5,1,0.1,303,0.1212,0.54,0.1343,1970-01-01 00:00:00,1,1,761,2011-02-04 00:00:00,1,0,2,2,FALSE,5,2,0.14,0.1667,0.63,0.1045,0,1
304,2011-01-14 00:00:00,1,0,1,2,FALSE,5,1,0.1,303,0.1212,0.54,0.1343,1970-01-01 00:00:00,1,1,762,2011-02-04 00:00:00,1,0,2,3,FALSE,5,2,0.14,0.1667,0.63,0.1045,0,1
304,2011-01-14 00:00:00,1,0,1,2,FALSE,5,1,0.1,303,0.1212,0.54,0.1343,1970-01-01 00:00:00,1,1,811,2011-02-06 00:00:00,1,0,2,5,FALSE,0,1,0.26,0.2576,0.6,0.2239,0,1
304,2011-01-14 00:00:00,1,0,1,2,FALSE,5,1,0.1,303,0.1212,0.54,0.1343,1970-01-01 00:00:00,1,1,812,2011-02-06 00:00:00,1,0,2,6,FALSE,0,1,0.26,0.2576,0.6,0.2239,0,1
304,2011-01-14 00:00:00,1,0,1,2,FALSE,5,1,0.1,303,0.1212,0.54,0.1343,1970-01-01 00:00:00,1,1,833,2011-02-07 00:00:00,1,0,2,3,FALSE,1,1,0.2,0.2576,0.86,0,0,1
304,2011-01-14 00:00:00,1,0,1,2,FALSE,5,1,0.1,303,0.1212,0.54,0.1343,1970-01-01 00:00:00,1,1,857,2011-02-08 00:00:00,1,0,2,3,FALSE,2,3,0.28,0.2727,0.93,0.1642,0,1
304,2011-01-14 00:00:00,1,0,1,2,FALSE,5,1,0.1,303,0.1212,0.54,0.1343,1970-01-01 00:00:00,1,1,904,2011-02-10 00:00:00,1,0,2,4,FALSE,4,2,0.14,0.1364,0.59,0.2239,0,1
304,2011-01-14 00:00:00,1,0,1,2,FALSE,5,1,0.1,303,0.1212,0.54,0.1343,1970-01-01 00:00:00,1,1,951,2011-02-12 00:00:00,1,0,2,5,FALSE,6,1,0.12,0.1667,0.74,0.0896,0,1
305,2011-01-14 00:00:00,1,0,1,3,FALSE,5,1,0.1,304,0.1364,0.54,0.1045,1970-01-01 00:00:00,1,1,646,2011-01-30 00:00:00,1,0,1,4,FALSE,0,1,0.14,0.2121,0.93,0,0,1
305,2011-01-14 00:00:00,1,0,1,3,FALSE,5,1,0.1,304,0.1364,0.54,0.1045,1970-01-01 00:00:00,1,1,667,2011-01-31 00:00:00,1,0,1,2,FALSE,1,1,0.22,0.2273,0.64,0.194,0,1
305,2011-01-14 00:00:00,1,0,1,3,FALSE,5,1,0.1,304,0.1364,0.54,0.1045,1970-01-01 00:00:00,1,1,715,2011-02-02 00:00:00,1,0,2,3,FALSE,3,3,0.22,0.2273,0.93,0.1343,0,1
305,2011-01-14 00:00:00,1,0,1,3,FALSE,5,1,0.1,304,0.1364,0.54,0.1045,1970-01-01 00:00:00,1,1,716,2011-02-02 00:00:00,1,0,2,4,FALSE,3,3,0.22,0.2121,0.93,0.2836,0,1
305,2011-01-14 00:00:00,1,0,1,3,FALSE,5,1,0.1,304,0.1364,0.54,0.1045,1970-01-01 00:00:00,1,1,739,2011-02-03 00:00:00,1,0,2,3,FALSE,4,1,0.18,0.1667,0.43,0.2537,0,1
305,2011-01-14 00:00:00,1,0,1,3,FALSE,5,1,0.1,304,0.1364,0.54,0.1045,1970-01-01 00:00:00,1,1,761,2011-02-04 00:00:00,1,0,2,2,FALSE,5,2,0.14,0.1667,0.63,0.1045,0,1
305,2011-01-14 00:00:00,1,0,1,3,FALSE,5,1,0.1,304,0.1364,0.54,0.1045,1970-01-01 00:00:00,1,1,762,2011-02-04 00:00:00,1,0,2,3,FALSE,5,2,0.14,0.1667,0.63,0.1045,0,1
305,2011-01-14 00:00:00,1,0,1,3,FALSE,5,1,0.1,304,0.1364,0.54,0.1045,1970-01-01 00:00:00,1,1,811,2011-02-06 00:00:00,1,0,2,5,FALSE,0,1,0.26,0.2576,0.6,0.2239,0,1
305,2011-01-14 00:00:00,1,0,1,3,FALSE,5,1,0.1,304,0.1364,0.54,0.1045,1970-01-01 00:00:00,1,1,812,2011-02-06 00:00:00,1,0,2,6,FALSE,0,1,0.26,0.2576,0.6,0.2239,0,1
305,2011-01-14 00:00:00,1,0,1,3,FALSE,5,1,0.1,304,0.1364,0.54,0.1045,1970-01-01 00:00:00,1,1,833,2011-02-07 00:00:00,1,0,2,3,FALSE,1,1,0.2,0.2576,0.86,0,0,1
305,2011-01-14 00:00:00,1,0,1,3,FALSE,5,1,0.1,304,0.1364,0.54,0.1045,1970-01-01 00:00:00,1,1,857,2011-02-08 00:00:00,1,0,2,3,FALSE,2,3,0.28,0.2727,0.93,0.1642,0,1
305,2011-01-14 00:00:00,1,0,1,3,FALSE,5,1,0.1,304,0.1364,0.54,0.1045,1970-01-01 00:00:00,1,1,904,2011-02-10 00:00:00,1,0,2,4,FALSE,4,2,0.14,0.1364,0.59,0.2239,0,1
305,2011-01-14 00:00:00,1,0,1,3,FALSE,5,1,0.1,304,0.1364,0.54,0.1045,1970-01-01 00:00:00,1,1,951,2011-02-12 00:00:00,1,0,2,5,FALSE,6,1,0.12,0.1667,0.74,0.0896,0,1
330,2011-01-15 00:00:00,1,0,1,5,FALSE,6,1,0.16,329,0.2273,0.59,0,1970-01-01 00:00:00,1,1,646,2011-01-30 00:00:00,1,0,1,4,FALSE,0,1,0.14,0.2121,0.93,0,0,1
330,2011-01-15 00:00:00,1,0,1,5,FALSE,6,1,0.16,329,0.2273,0.59,0,1970-01-01 00:00:00,1,1,667,2011-01-31 00:00:00,1,0,1,2,FALSE,1,1,0.22,0.2273,0.64,0.194,0,1
330,2011-01-15 00:00:00,1,0,1,5,FALSE,6,1,0.16,329,0.2273,0.59,0,1970-01-01 00:00:00,1,1,715,2011-02-02 00:00:00,1,0,2,3,FALSE,3,3,0.22,0.2273,0.93,0.1343,0,1
330,2011-01-15 00:00:00,1,0,1,5,FALSE,6,1,0.16,329,0.2273,0.59,0,1970-01-01 00:00:00,1,1,716,2011-02-02 00:00:00,1,0,2,4,FALSE,3,3,0.22,0.2121,0.93,0.2836,0,1
330,2011-01-15 00:00:00,1,0,1,5,FALSE,6,1,0.16,329,0.2273,0.59,0,1970-01-01 00:00:00,1,1,739,2011-02-03 00:00:00,1,0,2,3,FALSE,4,1,0.18,0.1667,0.43,0.2537,0,1
330,2011-01-15 00:00:00,1,0,1,5,FALSE,6,1,0.16,329,0.2273,0.59,0,1970-01-01 00:00:00,1,1,761,2011-02-04 00:00:00,1,0,2,2,FALSE,5,2,0.14,0.1667,0.63,0.1045,0,1
330,2011-01-15 00:00:00,1,0,1,5,FALSE,6,1,0.16,329,0.2273,0.59,0,1970-01-01 00:00:00,1,1,762,2011-02-04 00:00:00,1,0,2,3,FALSE,5,2,0.14,0.1667,0.63,0.1045,0,1
330,2011-01-15 00:00:00,1,0,1,5,FALSE,6,1,0.16,329,0.2273,0.59,0,1970-01-01 00:00:00,1,1,811,2011-02-06 00:00:00,1,0,2,5,FALSE,0,1,0.26,0.2576,0.6,0.2239,0,1
330,2011-01-15 00:00:00,1,0,1,5,FALSE,6,1,0.16,329,0.2273,0.59,0,1970-01-01 00:00:00,1,1,812,2011-02-06 00:00:00,1,0,2,6,FALSE,0,1,0.26,0.2576,0.6,0.2239,0,1
330,2011-01-15 00:00:00,1,0,1,5,FALSE,6,1,0.16,329,0.2273,0.59,0,1970-01-01 00:00:00,1,1,833,2011-02-07 00:00:00,1,0,2,3,FALSE,1,1,0.2,0.2576,0.86,0,0,1
330,2011-01-15 00:00:00,1,0,1,5,FALSE,6,1,0.16,329,0.2273,0.59,0,1970-01-01 00:00:00,1,1,857,2011-02-08 00:00:00,1,0,2,3,FALSE,2,3,0.28,0.2727,0.93,0.1642,0,1
330,2011-01-15 00:00:00,1,0,1,5,FALSE,6,1,0.16,329,0.2273,0.59,0,1970-01-01 00:00:00,1,1,904,2011-02-10 00:00:00,1,0,2,4,FALSE,4,2,0.14,0.1364,0.59,0.2239,0,1
330,2011-01-15 00:00:00,1,0,1,5,FALSE,6,1,0.16,329,0.2273,0.59,0,1970-01-01 00:00:00,1,1,951,2011-02-12 00:00:00,1,0,2,5,FALSE,6,1,0.12,0.1667,0.74,0.0896,0,1
353,2011-01-16 00:00:00,1,0,1,4,FALSE,0,1,0.26,352,0.2576,0.56,0.1642,1970-01-01 00:00:00,1,1,646,2011-01-30 00:00:00,1,0,1,4,FALSE,0,1,0.14,0.2121,0.93,0,0,1
353,2011-01-16 00:00:00,1,0,1,4,FALSE,0,1,0.26,352,0.2576,0.56,0.1642,1970-01-01 00:00:00,1,1,667,2011-01-31 00:00:00,1,0,1,2,FALSE,1,1,0.22,0.2273,0.64,0.194,0,1
353,2011-01-16 00:00:00,1,0,1,4,FALSE,0,1,0.26,352,0.2576,0.56,0.1642,1970-01-01 00:00:00,1,1,715,2011-02-02 00:00:00,1,0,2,3,FALSE,3,3,0.22,0.2273,0.93,0.1343,0,1
353,2011-01-16 00:00:00,1,0,1,4,FALSE,0,1,0.26,352,0.2576,0.56,0.1642,1970-01-01 00:00:00,1,1,716,2011-02-02 00:00:00,1,0,2,4,FALSE,3,3,0.22,0.2121,0.93,0.2836,0,1
353,2011-01-16 00:00:00,1,0,1,4,FALSE,0,1,0.26,352,0.2576,0.56,0.1642,1970-01-01 00:00:00,1,1,739,2011-02-03 00:00:00,1,0,2,3,FALSE,4,1,0.18,0.1667,0.43,0.2537,0,1
353,2011-01-16 00:00:00,1,0,1,4,FALSE,0,1,0.26,352,0.2576,0.56,0.1642,1970-01-01 00:00:00,1,1,761,2011-02-04 00:00:00,1,0,2,2,FALSE,5,2,0.14,0.1667,0.63,0.1045,0,1
353,2011-01-16 00:00:00,1,0,1,4,FALSE,0,1,0.26,352,0.2576,0.56,0.1642,1970-01-01 00:00:00,1,1,762,2011-02-04 00:00:00,1,0,2,3,FALSE,5,2,0.14,0.1667,0.63,0.1045,0,1
353,2011-01-16 00:00:00,1,0,1,4,FALSE,0,1,0.26,352,0.2576,0.56,0.1642,1970-01-01 00:00:00,1,1,811,2011-02-06 00:00:00,1,0,2,5,FALSE,0,1,0.26,0.2576,0.6,0.2239,0,1
353,2011-01-16 00:00:00,1,0,1,4,FALSE,0,1,0.26,352,0.2576,0.56,0.1642,1970-01-01 00:00:00,1,1,812,2011-02-06 00:00:00,1,0,2,6,FALSE,0,1,0.26,0.2576,0.6,0.2239,0,1
353,2011-01-16 00:00:00,1,0,1,4,FALSE,0,1,0.26,352,0.2576,0.56,0.1642,1970-01-01 00:00:00,1,1,833,2011-02-07 00:00:00,1,0,2,3,FALSE,1,1,0.2,0.2576,0.86,0,0,1
353,2011-01-16 00:00:00,1,0,1,4,FALSE,0,1,0.26,352,0.2576,0.56,0.1642,1970-01-01 00:00:00,1,1,857,2011-02-08 00:00:00,1,0,2,3,FALSE,2,3,0.28,0.2727,0.93,0.1642,0,1
353,2011-01-16 00:00:00,1,0,1,4,FALSE,0,1,0.26,352,0.2576,0.56,0.1642,1970-01-01 00:00:00,1,1,904,2011-02-10 00:00:00,1,0,2,4,FALSE,4,2,0.14,0.1364,0.59,0.2239,0,1
353,2011-01-16 00:00:00,1,0,1,4,FALSE,0,1,0.26,352,0.2576,0.56,0.1642,1970-01-01 00:00:00,1,1,951,2011-02-12 00:00:00,1,0,2,5,FALSE,6,1,0.12,0.1667,0.74,0.0896,0,1
355,2011-01-16 00:00:00,1,0,1,6,FALSE,0,2,0.26,354,0.2576,0.56,0.1642,1970-01-01 00:00:00,1,1,646,2011-01-30 00:00:00,1,0,1,4,FALSE,0,1,0.14,0.2121,0.93,0,0,1
355,2011-01-16 00:00:00,1,0,1,6,FALSE,0,2,0.26,354,0.2576,0.56,0.1642,1970-01-01 00:00:00,1,1,667,2011-01-31 00:00:00,1,0,1,2,FALSE,1,1,0.22,0.2273,0.64,0.194,0,1
355,2011-01-16 00:00:00,1,0,1,6,FALSE,0,2,0.26,354,0.2576,0.56,0.1642,1970-01-01 00:00:00,1,1,715,2011-02-02 00:00:00,1,0,2,3,FALSE,3,3,0.22,0.2273,0.93,0.1343,0,1
355,2011-01-16 00:00:00,1,0,1,6,FALSE,0,2,0.26,354,0.2576,0.56,0.1642,1970-01-01 00:00:00,1,1,716,2011-02-02 00:00:00,1,0,2,4,FALSE,3,3,0.22,0.2121,0.93,0.2836,0,1
355,2011-01-16 00:00:00,1,0,1,6,FALSE,0,2,0.26,354,0.2576,0.56,0.1642,1970-01-01 00:00:00,1,1,739,2011-02-03 00:00:00,1,0,2,3,FALSE,4,1,0.18,0.1667,0.43,0.2537,0,1
355,2011-01-16 00:00:00,1,0,1,6,FALSE,0,2,0.26,354,0.2576,0.56,0.1642,1970-01-01 00:00:00,1,1,761,2011-02-04 00:00:00,1,0,2,2,FALSE,5,2,0.14,0.1667,0.63,0.1045,0,1
355,2011-01-16 00:00:00,1,0,1,6,FALSE,0,2,0.26,354,0.2576,0.56,0.1642,1970-01-01 00:00:00,1,1,762,2011-02-04 00:00:00,1,0,2,3,FALSE,5,2,0.14,0.1667,0.63,0.1045,0,1
355,2011-01-16 00:00:00,1,0,1,6,FALSE,0,2,0.26,354,0.2576,0.56,0.1642,1970-01-01 00:00:00,1,1,811,2011-02-06 00:00:00,1,0,2,5,FALSE,0,1,0.26,0.2576,0.6,0.2239,0,1
355,2011-01-16 00:00:00,1,0,1,6,FALSE,0,2,0.26,354,0.2576,0.56,0.1642,1970-01-01 00:00:00,1,1,812,2011-02-06 00:00:00,1,0,2,6,FALSE,0,1,0.26,0.2576,0.6,0.2239,0,1
355,2011-01-16 00:00:00,1,0,1,6,FALSE,0,2,0.26,354,0.2576,0.56,0.1642,1970-01-01 00:00:00,1,1,833,2011-02-07 00:00:00,1,0,2,3,FALSE,1,1,0.2,0.2576,0.86,0,0,1
355,2011-01-16 00:00:00,1,0,1,6,FALSE,0,2,0.26,354,0.2576,0.56,0.1642,1970-01-01 00:00:00,1,1,857,2011-02-08 00:00:00,1,0,2,3,FALSE,2,3,0.28,0.2727,0.93,0.1642,0,1
355,2011-01-16 00:00:00,1,0,1,6,FALSE,0,2,0.26,354,0.2576,0.56,0.1642,1970-01-01 00:00:00,1,1,904,2011-02-10 00:00:00,1,0,2,4,FALSE,4,2,0.14,0.1364,0.59,0.2239,0,1
355,2011-01-16 00:00:00,1,0,1,6,FALSE,0,2,0.26,354,0.2576,0.56,0.1642,1970-01-01 00:00:00,1,1,951,2011-02-12 00:00:00,1,0,2,5,FALSE,6,1,0.12,0.1667,0.74,0.0896,0,1
378,2011-01-17 00:00:00,1,0,1,5,TRUE,1,2,0.18,377,0.197,0.43,0.1642,1970-01-01 00:00:00,1,1,646,2011-01-30 00:00:00,1,0,1,4,FALSE,0,1,0.14,0.2121,0.93,0,0,1
378,2011-01-17 00:00:00,1,0,1,5,TRUE,1,2,0.18,377,0.197,0.43,0.1642,1970-01-01 00:00:00,1,1,667,2011-01-31 00:00:00,1,0,1,2,FALSE,1,1,0.22,0.2273,0.64,0.194,0,1
378,2011-01-17 00:00:00,1,0,1,5,TRUE,1,2,0.18,377,0.197,0.43,0.1642,1970-01-01 00:00:00,1,1,715,2011-02-02 00:00:00,1,0,2,3,FALSE,3,3,0.22,0.2273,0.93,0.1343,0,1
378,2011-01-17 00:00:00,1,0,1,5,TRUE,1,2,0.18,377,0.197,0.43,0.1642,1970-01-01 00:00:00,1,1,716,2011-02-02 00:00:00,1,0,2,4,FALSE,3,3,0.22,0.2121,0.93,0.2836,0,1
378,2011-01-17 00:00:00,1,0,1,5,TRUE,1,2,0.18,377,0.197,0.43,0.1642,1970-01-01 00:00:00,1,1,739,2011-02-03 00:00:00,1,0,2,3,FALSE,4,1,0.18,0.1667,0.43,0.2537,0,1
378,2011-01-17 00:00:00,1,0,1,5,TRUE,1,2,0.18,377,0.197,0.43,0.1642,1970-01-01 00:00:00,1,1,761,2011-02-04 00:00:00,1,0,2,2,FALSE,5,2,0.14,0.1667,0.63,0.1045,0,1
378,2011-01-17 00:00:00,1,0,1,5,TRUE,1,2,0.18,377,0.197,0.43,0.1642,1970-01-01 00:00:00,1,1,762,2011-02-04 00:00:00,1,0,2,3,FALSE,5,2,0.14,0.1667,0.63,0.1045,0,1
378,2011-01-17 00:00:00,1,0,1,5,TRUE,1,2,0.18,377,0.197,0.43,0.1642,1970-01-01 00:00:00,1,1,811,2011-02-06 00:00:00,1,0,2,5,FALSE,0,1,0.26,0.2576,0.6,0.2239,0,1
378,2011-01-17 00:00:00,1,0,1,5,TRUE,1,2,0.18,377,0.197,0.43,0.1642,1970-01-01 00:00:00,1,1,812,2011-02-06 00:00:00,1,0,2,6,FALSE,0,1,0.26,0.2576,0.6,0.2239,0,1
378,2011-01-17 00:00:00,1,0,1,5,TRUE,1,2,0.18,377,0.197,0.43,0.1642,1970-01-01 00:00:00,1,1,833,2011-02-07 00:00:00,1,0,2,3,FALSE,1,1,0.2,0.2576,0.86,0,0,1
378,2011-01-17 00:00:00,1,0,1,5,TRUE,1,2,0.18,377,0.197,0.43,0.1642,1970-01-01 00:00:00,1,1,857,2011-02-08 00:00:00,1,0,2,3,FALSE,2,3,0.28,0.2727,0.93,0.1642,0,1
378,2011-01-17 00:00:00,1,0,1,5,TRUE,1,2,0.18,377,0.197,0.43,0.1642,1970-01-01 00:00:00,1,1,904,2011-02-10 00:00:00,1,0,2,4,FALSE,4,2,0.14,0.1364,0.59,0.2239,0,1
378,2011-01-17 00:00:00,1,0,1,5,TRUE,1,2,0.18,377,0.197,0.43,0.1642,1970-01-01 00:00:00,1,1,951,2011-02-12 00:00:00,1,0,2,5,FALSE,6,1,0.12,0.1667,0.74,0.0896,0,1
435,2011-01-20 00:00:00,1,0,1,3,FALSE,4,1,0.26,434,0.2576,0.56,0.1642,1970-01-01 00:00:00,1,1,646,2011-01-30 00:00:00,1,0,1,4,FALSE,0,1,0.14,0.2121,0.93,0,0,1
435,2011-01-20 00:00:00,1,0,1,3,FALSE,4,1,0.26,434,0.2576,0.56,0.1642,1970-01-01 00:00:00,1,1,667,2011-01-31 00:00:00,1,0,1,2,FALSE,1,1,0.22,0.2273,0.64,0.194,0,1
435,2011-01-20 00:00:00,1,0,1,3,FALSE,4,1,0.26,434,0.2576,0.56,0.1642,1970-01-01 00:00:00,1,1,715,2011-02-02 00:00:00,1,0,2,3,FALSE,3,3,0.22,0.2273,0.93,0.1343,0,1
435,2011-01-20 00:00:00,1,0,1,3,FALSE,4,1,0.26,434,0.2576,0.56,0.1642,1970-01-01 00:00:00,1,1,716,2011-02-02 00:00:00,1,0,2,4,FALSE,3,3,0.22,0.2121,0.93,0.2836,0,1
435,2011-01-20 00:00:00,1,0,1,3,FALSE,4,1,0.26,434,0.2576,0.56,0.1642,1970-01-01 00:00:00,1,1,739,2011-02-03 00:00:00,1,0,2,3,FALSE,4,1,0.18,0.1667,0.43,0.2537,0,1
435,2011-01-20 00:00:00,1,0,1,3,FALSE,4,1,0.26,434,0.2576,0.56,0.1642,1970-01-01 00:00:00,1,1,761,2011-02-04 00:00:00,1,0,2,2,FALSE,5,2,0.14,0.1667,0.63,0.1045,0,1
435,2011-01-20 00:00:00,1,0,1,3,FALSE,4,1,0.26,434,0.2576,0.56,0.1642,1970-01-01 00:00:00,1,1,762,2011-02-04 00:00:00,1,0,2,3,FALSE,5,2,0.14,0.1667,0.63,0.1045,0,1
435,2011-01-20 00:00:00,1,0,1,3,FALSE,4,1,0.26,434,0.2576,0.56,0.1642,1970-01-01 00:00:00,1,1,811,2011-02-06 00:00:00,1,0,2,5,FALSE,0,1,0.26,0.2576,0.6,0.2239,0,1
435,2011-01-20 00:00:00,1,0,1,3,FALSE,4,1,0.26,434,0.2576,0.56,0.1642,1970-01-01 00:00:00,1,1,812,2011-02-06 00:00:00,1,0,2,6,FALSE,0,1,0.26,0.2576,0.6,0.2239,0,1
435,2011-01-20 00:00:00,1,0,1,3,FALSE,4,1,0.26,434,0.2576,0.56,0.1642,1970-01-01 00:00:00,1,1,833,2011-02-07 00:00:00,1,0,2,3,FALSE,1,1,0.2,0.2576,0.86,0,0,1
435,2011-01-20 00:00:00,1,0,1,3,FALSE,4,1,0.26,434,0.2576,0.56,0.1642,1970-01-01 00:00:00,1,1,857,2011-02-08 00:00:00,1,0,2,3,FALSE,2,3,0.28,0.2727,0.93,0.1642,0,1
435,2011-01-20 00:00:00,1,0,1,3,FALSE,4,1,0.26,434,0.2576,0.56,0.1642,1970-01-01 00:00:00,1,1,904,2011-02-10 00:00:00,1,0,2,4,FALSE,4,2,0.14,0.1364,0.59,0.2239,0,1
435,2011-01-20 00:00:00,1,0,1,3,FALSE,4,1,0.26,434,0.2576,0.56,0.1642,1970-01-01 00:00:00,1,1,951,2011-02-12 00:00:00,1,0,2,5,FALSE,6,1,0.12,0.1667,0.74,0.0896,0,1
436,2011-01-20 00:00:00,1,0,1,4,FALSE,4,1,0.26,435,0.2576,0.56,0.1642,1970-01-01 00:00:00,1,1,646,2011-01-30 00:00:00,1,0,1,4,FALSE,0,1,0.14,0.2121,0.93,0,0,1
436,2011-01-20 00:00:00,1,0,1,4,FALSE,4,1,0.26,435,0.2576,0.56,0.1642,1970-01-01 00:00:00,1,1,667,2011-01-31 00:00:00,1,0,1,2,FALSE,1,1,0.22,0.2273,0.64,0.194,0,1
436,2011-01-20 00:00:00,1,0,1,4,FALSE,4,1,0.26,435,0.2576,0.56,0.1642,1970-01-01 00:00:00,1,1,715,2011-02-02 00:00:00,1,0,2,3,FALSE,3,3,0.22,0.2273,0.93,0.1343,0,1
436,2011-01-20 00:00:00,1,0,1,4,FALSE,4,1,0.26,435,0.2576,0.56,0.1642,1970-01-01 00:00:00,1,1,716,2011-02-02 00:00:00,1,0,2,4,FALSE,3,3,0.22,0.2121,0.93,0.2836,0,1
436,2011-01-20 00:00:00,1,0,1,4,FALSE,4,1,0.26,435,0.2576,0.56,0.1642,1970-01-01 00:00:00,1,1,739,2011-02-03 00:00:00,1,0,2,3,FALSE,4,1,0.18,0.1667,0.43,0.2537,0,1
436,2011-01-20 00:00:00,1,0,1,4,FALSE,4,1,0.26,435,0.2576,0.56,0.1642,1970-01-01 00:00:00,1,1,761,2011-02-04 00:00:00,1,0,2,2,FALSE,5,2,0.14,0.1667,0.63,0.1045,0,1
436,2011-01-20 00:00:00,1,0,1,4,FALSE,4,1,0.26,435,0.2576,0.56,0.1642,1970-01-01 00:00:00,1,1,762,2011-02-04 00:00:00,1,0,2,3,FALSE,5,2,0.14,0.1667,0.63,0.1045,0,1
436,2011-01-20 00:00:00,1,0,1,4,FALSE,4,1,0.26,435,0.2576,0.56,0.1642,1970-01-01 00:00:00,1,1,811,2011-02-06 00:00:00,1,0,2,5,FALSE,0,1,0.26,0.2576,0.6,0.2239,0,1
436,2011-01-20 00:00:00,1,0,1,4,FALSE,4,1,0.26,435,0.2576,0.56,0.1642,1970-01-01 00:00:00,1,1,812,2011-02-06 00:00:00,1,0,2,6,FALSE,0,1,0.26,0.2576,0.6,0.2239,0,1
436,2011-01-20 00:00:00,1,0,1,4,FALSE,4,1,0.26,435,0.2576,0.56,0.1642,1970-01-01 00:00:00,1,1,833,2011-02-07 00:00:00,1,0,2,3,FALSE,1,1,0.2,0.2576,0.86,0,0,1
436,2011-01-20 00:00:00,1,0,1,4,FALSE,4,1,0.26,435,0.2576,0.56,0.1642,1970-01-01 00:00:00,1,1,857,2011-02-08 00:00:00,1,0,2,3,FALSE,2,3,0.28,0.2727,0.93,0.1642,0,1
436,2011-01-20 00:00:00,1,0,1,4,FALSE,4,1,0.26,435,0.2576,0.56,0.1642,1970-01-01 00:00:00,1,1,904,2011-02-10 00:00:00,1,0,2,4,FALSE,4,2,0.14,0.1364,0.59,0.2239,0,1
436,2011-01-20 00:00:00,1,0,1,4,FALSE,4,1,0.26,435,0.2576,0.56,0.1642,1970-01-01 00:00:00,1,1,951,2011-02-12 00:00:00,1,0,2,5,FALSE,6,1,0.12,0.1667,0.74,0.0896,0,1
459,2011-01-21 00:00:00,1,0,1,3,FALSE,5,3,0.22,458,0.2121,0.8,0.2985,1970-01-01 00:00:00,1,1,646,2011-01-30 00:00:00,1,0,1,4,FALSE,0,1,0.14,0.2121,0.93,0,0,1
459,2011-01-21 00:00:00,1,0,1,3,FALSE,5,3,0.22,458,0.2121,0.8,0.2985,1970-01-01 00:00:00,1,1,667,2011-01-31 00:00:00,1,0,1,2,FALSE,1,1,0.22,0.2273,0.64,0.194,0,1
459,2011-01-21 00:00:00,1,0,1,3,FALSE,5,3,0.22,458,0.2121,0.8,0.2985,1970-01-01 00:00:00,1,1,715,2011-02-02 00:00:00,1,0,2,3,FALSE,3,3,0.22,0.2273,0.93,0.1343,0,1
459,2011-01-21 00:00:00,1,0,1,3,FALSE,5,3,0.22,458,0.2121,0.8,0.2985,1970-01-01 00:00:00,1,1,716,2011-02-02 00:00:00,1,0,2,4,FALSE,3,3,0.22,0.2121,0.93,0.2836,0,1
459,2011-01-21 00:00:00,1,0,1,3,FALSE,5,3,0.22,458,0.2121,0.8,0.2985,1970-01-01 00:00:00,1,1,739,2011-02-03 00:00:00,1,0,2,3,FALSE,4,1,0.18,0.1667,0.43,0.2537,0,1
459,2011-01-21 00:00:00,1,0,1,3,FALSE,5,3,0.22,458,0.2121,0.8,0.2985,1970-01-01 00:00:00,1,1,761,2011-02-04 00:00:00,1,0,2,2,FALSE,5,2,0.14,0.1667,0.63,0.1045,0,1
459,2011-01-21 00:00:00,1,0,1,3,FALSE,5,3,0.22,458,0.2121,0.8,0.2985,1970-01-01 00:00:00,1,1,762,2011-02-04 00:00:00,1,0,2,3,FALSE,5,2,0.14,0.1667,0.63,0.1045,0,1
459,2011-01-21 00:00:00,1,0,1,3,FALSE,5,3,0.22,458,0.2121,0.8,0.2985,1970-01-01 00:00:00,1,1,811,2011-02-06 00:00:00,1,0,2,5,FALSE,0,1,0.26,0.2576,0.6,0.2239,0,1
459,2011-01-21 00:00:00,1,0,1,3,FALSE,5,3,0.22,458,0.2121,0.8,0.2985,1970-01-01 00:00:00,1,1,812,2011-02-06 00:00:00,1,0,2,6,FALSE,0,1,0.26,0.2576,0.6,0.2239,0,1
459,2011-01-21 00:00:00,1,0,1,3,FALSE,5,3,0.22,458,0.2121,0.8,0.2985,1970-01-01 00:00:00,1,1,833,2011-02-07 00:00:00,1,0,2,3,FALSE,1,1,0.2,0.2576,0.86,0,0,1
459,2011-01-21 00:00:00,1,0,1,3,FALSE,5,3,0.22,458,0.2121,0.8,0.2985,1970-01-01 00:00:00,1,1,857,2011-02-08 00:00:00,1,0,2,3,FALSE,2,3,0.28,0.2727,0.93,0.1642,0,1
459,2011-01-21 00:00:00,1,0,1,3,FALSE,5,3,0.22,458,0.2121,0.8,0.2985,1970-01-01 00:00:00,1,1,904,2011-02-10 00:00:00,1,0,2,4,FALSE,4,2,0.14,0.1364,0.59,0.2239,0,1
459,2011-01-21 00:00:00,1,0,1,3,FALSE,5,3,0.22,458,0.2121,0.8,0.2985,1970-01-01 00:00:00,1,1,951,2011-02-12 00:00:00,1,0,2,5,FALSE,6,1,0.12,0.1667,0.74,0.0896,0,1
460,2011-01-21 00:00:00,1,0,1,4,FALSE,5,2,0.22,459,0.2576,0.87,0.0896,1970-01-01 00:00:00,1,1,646,2011-01-30 00:00:00,1,0,1,4,FALSE,0,1,0.14,0.2121,0.93,0,0,1
460,2011-01-21 00:00:00,1,0,1,4,FALSE,5,2,0.22,459,0.2576,0.87,0.0896,1970-01-01 00:00:00,1,1,667,2011-01-31 00:00:00,1,0,1,2,FALSE,1,1,0.22,0.2273,0.64,0.194,0,1
460,2011-01-21 00:00:00,1,0,1,4,FALSE,5,2,0.22,459,0.2576,0.87,0.0896,1970-01-01 00:00:00,1,1,715,2011-02-02 00:00:00,1,0,2,3,FALSE,3,3,0.22,0.2273,0.93,0.1343,0,1
460,2011-01-21 00:00:00,1,0,1,4,FALSE,5,2,0.22,459,0.2576,0.87,0.0896,1970-01-01 00:00:00,1,1,716,2011-02-02 00:00:00,1,0,2,4,FALSE,3,3,0.22,0.2121,0.93,0.2836,0,1
460,2011-01-21 00:00:00,1,0,1,4,FALSE,5,2,0.22,459,0.2576,0.87,0.0896,1970-01-01 00:00:00,1,1,739,2011-02-03 00:00:00,1,0,2,3,FALSE,4,1,0.18,0.1667,0.43,0.2537,0,1
460,2011-01-21 00:00:00,1,0,1,4,FALSE,5,2,0.22,459,0.2576,0.87,0.0896,1970-01-01 00:00:00,1,1,761,2011-02-04 00:00:00,1,0,2,2,FALSE,5,2,0.14,0.1667,0.63,0.1045,0,1
460,2011-01-21 00:00:00,1,0,1,4,FALSE,5,2,0.22,459,0.2576,0.87,0.0896,1970-01-01 00:00:00,1,1,762,2011-02-04 00:00:00,1,0,2,3,FALSE,5,2,0.14,0.1667,0.63,0.1045,0,1
460,2011-01-21 00:00:00,1,0,1,4,FALSE,5,2,0.22,459,0.2576,0.87,0.0896,1970-01-01 00:00:00,1,1,811,2011-02-06 00:00:00,1,0,2,5,FALSE,0,1,0.26,0.2576,0.6,0.2239,0,1
460,2011-01-21 00:00:00,1,0,1,4,FALSE,5,2,0.22,459,0.2576,0.87,0.0896,1970-01-01 00:00:00,1,1,812,2011-02-06 00:00:00,1,0,2,6,FALSE,0,1,0.26,0.2576,0.6,0.2239,0,1
460,2011-01-21 00:00:00,1,0,1,4,FALSE,5,2,0.22,459,0.2576,0.87,0.0896,1970-01-01 00:00:00,1,1,833,2011-02-07 00:00:00,1,0,2,3,FALSE,1,1,0.2,0.2576,0.86,0,0,1
460,2011-01-21 00:00:00,1,0,1,4,FALSE,5,2,0.22,459,0.2576,0.87,0.0896,1970-01-01 00:00:00,1,1,857,2011-02-08 00:00:00,1,0,2,3,FALSE,2,3,0.28,0.2727,0.93,0.1642,0,1
460,2011-01-21 00:00:00,1,0,1,4,FALSE,5,2,0.22,459,0.2576,0.87,0.0896,1970-01-01 00:00:00,1,1,904,2011-02-10 00:00:00,1,0,2,4,FALSE,4,2,0.14,0.1364,0.59,0.2239,0,1
460,2011-01-21 00:00:00,1,0,1,4,FALSE,5,2,0.22,459,0.2576,0.87,0.0896,1970-01-01 00:00:00,1,1,951,2011-02-12 00:00:00,1,0,2,5,FALSE,6,1,0.12,0.1667,0.74,0.0896,0,1
508,2011-01-23 00:00:00,1,0,1,6,FALSE,0,2,0.04,507,0.0758,0.57,0.1045,1970-01-01 00:00:00,1,1,646,2011-01-30 00:00:00,1,0,1,4,FALSE,0,1,0.14,0.2121,0.93,0,0,1
508,2011-01-23 00:00:00,1,0,1,6,FALSE,0,2,0.04,507,0.0758,0.57,0.1045,1970-01-01 00:00:00,1,1,667,2011-01-31 00:00:00,1,0,1,2,FALSE,1,1,0.22,0.2273,0.64,0.194,0,1
508,2011-01-23 00:00:00,1,0,1,6,FALSE,0,2,0.04,507,0.0758,0.57,0.1045,1970-01-01 00:00:00,1,1,715,2011-02-02 00:00:00,1,0,2,3,FALSE,3,3,0.22,0.2273,0.93,0.1343,0,1
508,2011-01-23 00:00:00,1,0,1,6,FALSE,0,2,0.04,507,0.0758,0.57,0.1045,1970-01-01 00:00:00,1,1,716,2011-02-02 00:00:00,1,0,2,4,FALSE,3,3,0.22,0.2121,0.93,0.2836,0,1
508,2011-01-23 00:00:00,1,0,1,6,FALSE,0,2,0.04,507,0.0758,0.57,0.1045,1970-01-01 00:00:00,1,1,739,2011-02-03 00:00:00,1,0,2,3,FALSE,4,1,0.18,0.1667,0.43,0.2537,0,1
508,2011-01-23 00:00:00,1,0,1,6,FALSE,0,2,0.04,507,0.0758,0.57,0.1045,1970-01-01 00:00:00,1,1,761,2011-02-04 00:00:00,1,0,2,2,FALSE,5,2,0.14,0.1667,0.63,0.1045,0,1
508,2011-01-23 00:00:00,1,0,1,6,FALSE,0,2,0.04,507,0.0758,0.57,0.1045,1970-01-01 00:00:00,1,1,762,2011-02-04 00:00:00,1,0,2,3,FALSE,5,2,0.14,0.1667,0.63,0.1045,0,1
508,2011-01-23 00:00:00,1,0,1,6,FALSE,0,2,0.04,507,0.0758,0.57,0.1045,1970-01-01 00:00:00,1,1,811,2011-02-06 00:00:00,1,0,2,5,FALSE,0,1,0.26,0.2576,0.6,0.2239,0,1
508,2011-01-23 00:00:00,1,0,1,6,FALSE,0,2,0.04,507,0.0758,0.57,0.1045,1970-01-01 00:00:00,1,1,812,2011-02-06 00:00:00,1,0,2,6,FALSE,0,1,0.26,0.2576,0.6,0.2239,0,1
508,2011-01-23 00:00:00,1,0,1,6,FALSE,0,2,0.04,507,0.0758,0.57,0.1045,1970-01-01 00:00:00,1,1,833,2011-02-07 00:00:00,1,0,2,3,FALSE,1,1,0.2,0.2576,0.86,0,0,1
508,2011-01-23 00:00:00,1,0,1,6,FALSE,0,2,0.04,507,0.0758,0.57,0.1045,1970-01-01 00:00:00,1,1,857,2011-02-08 00:00:00,1,0,2,3,FALSE,2,3,0.28,0.2727,0.93,0.1642,0,1
508,2011-01-23 00:00:00,1,0,1,6,FALSE,0,2,0.04,507,0.0758,0.57,0.1045,1970-01-01 00:00:00,1,1,904,2011-02-10 00:00:00,1,0,2,4,FALSE,4,2,0.14,0.1364,0.59,0.2239,0,1
508,2011-01-23 00:00:00,1,0,1,6,FALSE,0,2,0.04,507,0.0758,0.57,0.1045,1970-01-01 00:00:00,1,1,951,2011-02-12 00:00:00,1,0,2,5,FALSE,6,1,0.12,0.1667,0.74,0.0896,0,1
527,2011-01-24 00:00:00,1,0,1,1,FALSE,1,1,0.04,526,0.0455,0.45,0.194,1970-01-01 00:00:00,1,1,646,2011-01-30 00:00:00,1,0,1,4,FALSE,0,1,0.14,0.2121,0.93,0,0,1
527,2011-01-24 00:00:00,1,0,1,1,FALSE,1,1,0.04,526,0.0455,0.45,0.194,1970-01-01 00:00:00,1,1,667,2011-01-31 00:00:00,1,0,1,2,FALSE,1,1,0.22,0.2273,0.64,0.194,0,1
527,2011-01-24 00:00:00,1,0,1,1,FALSE,1,1,0.04,526,0.0455,0.45,0.194,1970-01-01 00:00:00,1,1,715,2011-02-02 00:00:00,1,0,2,3,FALSE,3,3,0.22,0.2273,0.93,0.1343,0,1
527,2011-01-24 00:00:00,1,0,1,1,FALSE,1,1,0.04,526,0.0455,0.45,0.194,1970-01-01 00:00:00,1,1,716,2011-02-02 00:00:00,1,0,2,4,FALSE,3,3,0.22,0.2121,0.93,0.2836,0,1
527,2011-01-24 00:00:00,1,0,1,1,FALSE,1,1,0.04,526,0.0455,0.45,0.194,1970-01-01 00:00:00,1,1,739,2011-02-03 00:00:00,1,0,2,3,FALSE,4,1,0.18,0.1667,0.43,0.2537,0,1
527,2011-01-24 00:00:00,1,0,1,1,FALSE,1,1,0.04,526,0.0455,0.45,0.194,1970-01-01 00:00:00,1,1,761,2011-02-04 00:00:00,1,0,2,2,FALSE,5,2,0.14,0.1667,0.63,0.1045,0,1
527,2011-01-24 00:00:00,1,0,1,1,FALSE,1,1,0.04,526,0.0455,0.45,0.194,1970-01-01 00:00:00,1,1,762,2011-02-04 00:00:00,1,0,2,3,FALSE,5,2,0.14,0.1667,0.63,0.1045,0,1
527,2011-01-24 00:00:00,1,0,1,1,FALSE,1,1,0.04,526,0.0455,0.45,0.194,1970-01-01 00:00:00,1,1,811,2011-02-06 00:00:00,1,0,2,5,FALSE,0,1,0.26,0.2576,0.6,0.2239,0,1
527,2011-01-24 00:00:00,1,0,1,1,FALSE,1,1,0.04,526,0.0455,0.45,0.194,1970-01-01 00:00:00,1,1,812,2011-02-06 00:00:00,1,0,2,6,FALSE,0,1,0.26,0.2576,0.6,0.2239,0,1
527,2011-01-24 00:00:00,1,0,1,1,FALSE,1,1,0.04,526,0.0455,0.45,0.194,1970-01-01 00:00:00,1,1,833,2011-02-07 00:00:00,1,0,2,3,FALSE,1,1,0.2,0.2576,0.86,0,0,1
527,2011-01-24 00:00:00,1,0,1,1,FALSE,1,1,0.04,526,0.0455,0.45,0.194,1970-01-01 00:00:00,1,1,857,2011-02-08 00:00:00,1,0,2,3,FALSE,2,3,0.28,0.2727,0.93,0.1642,0,1
527,2011-01-24 00:00:00,1,0,1,1,FALSE,1,1,0.04,526,0.0455,0.45,0.194,1970-01-01 00:00:00,1,1,904,2011-02-10 00:00:00,1,0,2,4,FALSE,4,2,0.14,0.1364,0.59,0.2239,0,1
527,2011-01-24 00:00:00,1,0,1,1,FALSE,1,1,0.04,526,0.0455,0.45,0.194,1970-01-01 00:00:00,1,1,951,2011-02-12 00:00:00,1,0,2,5,FALSE,6,1,0.12,0.1667,0.74,0.0896,0,1
528,2011-01-24 00:00:00,1,0,1,3,FALSE,1,1,0.04,527,0.0303,0.45,0.2537,1970-01-01 00:00:00,1,1,646,2011-01-30 00:00:00,1,0,1,4,FALSE,0,1,0.14,0.2121,0.93,0,0,1
528,2011-01-24 00:00:00,1,0,1,3,FALSE,1,1,0.04,527,0.0303,0.45,0.2537,1970-01-01 00:00:00,1,1,667,2011-01-31 00:00:00,1,0,1,2,FALSE,1,1,0.22,0.2273,0.64,0.194,0,1
528,2011-01-24 00:00:00,1,0,1,3,FALSE,1,1,0.04,527,0.0303,0.45,0.2537,1970-01-01 00:00:00,1,1,715,2011-02-02 00:00:00,1,0,2,3,FALSE,3,3,0.22,0.2273,0.93,0.1343,0,1
528,2011-01-24 00:00:00,1,0,1,3,FALSE,1,1,0.04,527,0.0303,0.45,0.2537,1970-01-01 00:00:00,1,1,716,2011-02-02 00:00:00,1,0,2,4,FALSE,3,3,0.22,0.2121,0.93,0.2836,0,1
528,2011-01-24 00:00:00,1,0,1,3,FALSE,1,1,0.04,527,0.0303,0.45,0.2537,1970-01-01 00:00:00,1,1,739,2011-02-03 00:00:00,1,0,2,3,FALSE,4,1,0.18,0.1667,0.43,0.2537,0,1
528,2011-01-24 00:00:00,1,0,1,3,FALSE,1,1,0.04,527,0.0303,0.45,0.2537,1970-01-01 00:00:00,1,1,761,2011-02-04 00:00:00,1,0,2,2,FALSE,5,2,0.14,0.1667,0.63,0.1045,0,1
528,2011-01-24 00:00:00,1,0,1,3,FALSE,1,1,0.04,527,0.0303,0.45,0.2537,1970-01-01 00:00:00,1,1,762,2011-02-04 00:00:00,1,0,2,3,FALSE,5,2,0.14,0.1667,0.63,0.1045,0,1
528,2011-01-24 00:00:00,1,0,1,3,FALSE,1,1,0.04,527,0.0303,0.45,0.2537,1970-01-01 00:00:00,1,1,811,2011-02-06 00:00:00,1,0,2,5,FALSE,0,1,0.26,0.2576,0.6,0.2239,0,1
528,2011-01-24 00:00:00,1,0,1,3,FALSE,1,1,0.04,527,0.0303,0.45,0.2537,1970-01-01 00:00:00,1,1,812,2011-02-06 00:00:00,1,0,2,6,FALSE,0,1,0.26,0.2576,0.6,0.2239,0,1
528,2011-01-24 00:00:00,1,0,1,3,FALSE,1,1,0.04,527,0.0303,0.45,0.2537,1970-01-01 00:00:00,1,1,833,2011-02-07 00:00:00,1,0,2,3,FALSE,1,1,0.2,0.2576,0.86,0,0,1
528,2011-01-24 00:00:00,1,0,1,3,FALSE,1,1,0.04,527,0.0303,0.45,0.2537,1970-01-01 00:00:00,1,1,857,2011-02-08 00:00:00,1,0,2,3,FALSE,2,3,0.28,0.2727,0.93,0.1642,0,1
528,2011-01-24 00:00:00,1,0,1,3,FALSE,1,1,0.04,527,0.0303,0.45,0.2537,1970-01-01 00:00:00,1,1,904,2011-02-10 00:00:00,1,0,2,4,FALSE,4,2,0.14,0.1364,0.59,0.2239,0,1
528,2011-01-24 00:00:00,1,0,1,3,FALSE,1,1,0.04,527,0.0303,0.45,0.2537,1970-01-01 00:00:00,1,1,951,2011-02-12 00:00:00,1,0,2,5,FALSE,6,1,0.12,0.1667,0.74,0.0896,0,1
529,2011-01-24 00:00:00,1,0,1,4,FALSE,1,1,0.02,528,0.0606,0.48,0.1343,1970-01-01 00:00:00,1,1,646,2011-01-30 00:00:00,1,0,1,4,FALSE,0,1,0.14,0.2121,0.93,0,0,1
529,2011-01-24 00:00:00,1,0,1,4,FALSE,1,1,0.02,528,0.0606,0.48,0.1343,1970-01-01 00:00:00,1,1,667,2011-01-31 00:00:00,1,0,1,2,FALSE,1,1,0.22,0.2273,0.64,0.194,0,1
529,2011-01-24 00:00:00,1,0,1,4,FALSE,1,1,0.02,528,0.0606,0.48,0.1343,1970-01-01 00:00:00,1,1,715,2011-02-02 00:00:00,1,0,2,3,FALSE,3,3,0.22,0.2273,0.93,0.1343,0,1
529,2011-01-24 00:00:00,1,0,1,4,FALSE,1,1,0.02,528,0.0606,0.48,0.1343,1970-01-01 00:00:00,1,1,716,2011-02-02 00:00:00,1,0,2,4,FALSE,3,3,0.22,0.2121,0.93,0.2836,0,1
529,2011-01-24 00:00:00,1,0,1,4,FALSE,1,1,0.02,528,0.0606,0.48,0.1343,1970-01-01 00:00:00,1,1,739,2011-02-03 00:00:00,1,0,2,3,FALSE,4,1,0.18,0.1667,0.43,0.2537,0,1
529,2011-01-24 00:00:00,1,0,1,4,FALSE,1,1,0.02,528,0.0606,0.48,0.1343,1970-01-01 00:00:00,1,1,761,2011-02-04 00:00:00,1,0,2,2,FALSE,5,2,0.14,0.1667,0.63,0.1045,0,1
529,2011-01-24 00:00:00,1,0,1,4,FALSE,1,1,0.02,528,0.0606,0.48,0.1343,1970-01-01 00:00:00,1,1,762,2011-02-04 00:00:00,1,0,2,3,FALSE,5,2,0.14,0.1667,0.63,0.1045,0,1
529,2011-01-24 00:00:00,1,0,1,4,FALSE,1,1,0.02,528,0.0606,0.48,0.1343,1970-01-01 00:00:00,1,1,811,2011-02-06 00:00:00,1,0,2,5,FALSE,0,1,0.26,0.2576,0.6,0.2239,0,1
529,2011-01-24 00:00:00,1,0,1,4,FALSE,1,1,0.02,528,0.0606,0.48,0.1343,1970-01-01 00:00:00,1,1,812,2011-02-06 00:00:00,1,0,2,6,FALSE,0,1,0.26,0.2576,0.6,0.2239,0,1
529,2011-01-24 00:00:00,1,0,1,4,FALSE,1,1,0.02,528,0.0606,0.48,0.1343,1970-01-01 00:00:00,1,1,833,2011-02-07 00:00:00,1,0,2,3,FALSE,1,1,0.2,0.2576,0.86,0,0,1
529,2011-01-24 00:00:00,1,0,1,4,FALSE,1,1,0.02,528,0.0606,0.48,0.1343,1970-01-01 00:00:00,1,1,857,2011-02-08 00:00:00,1,0,2,3,FALSE,2,3,0.28,0.2727,0.93,0.1642,0,1
529,2011-01-24 00:00:00,1,0,1,4,FALSE,1,1,0.02,528,0.0606,0.48,0.1343,1970-01-01 00:00:00,1,1,904,2011-02-10 00:00:00,1,0,2,4,FALSE,4,2,0.14,0.1364,0.59,0.2239,0,1
529,2011-01-24 00:00:00,1,0,1,4,FALSE,1,1,0.02,528,0.0606,0.48,0.1343,1970-01-01 00:00:00,1,1,951,2011-02-12 00:00:00,1,0,2,5,FALSE,6,1,0.12,0.1667,0.74,0.0896,0,1
552,2011-01-25 00:00:00,1,0,1,4,FALSE,2,1,0.14,551,0.1667,0.74,0.1045,1970-01-01 00:00:00,1,1,646,2011-01-30 00:00:00,1,0,1,4,FALSE,0,1,0.14,0.2121,0.93,0,0,1
552,2011-01-25 00:00:00,1,0,1,4,FALSE,2,1,0.14,551,0.1667,0.74,0.1045,1970-01-01 00:00:00,1,1,667,2011-01-31 00:00:00,1,0,1,2,FALSE,1,1,0.22,0.2273,0.64,0.194,0,1
552,2011-01-25 00:00:00,1,0,1,4,FALSE,2,1,0.14,551,0.1667,0.74,0.1045,1970-01-01 00:00:00,1,1,715,2011-02-02 00:00:00,1,0,2,3,FALSE,3,3,0.22,0.2273,0.93,0.1343,0,1
552,2011-01-25 00:00:00,1,0,1,4,FALSE,2,1,0.14,551,0.1667,0.74,0.1045,1970-01-01 00:00:00,1,1,716,2011-02-02 00:00:00,1,0,2,4,FALSE,3,3,0.22,0.2121,0.93,0.2836,0,1
552,2011-01-25 00:00:00,1,0,1,4,FALSE,2,1,0.14,551,0.1667,0.74,0.1045,1970-01-01 00:00:00,1,1,739,2011-02-03 00:00:00,1,0,2,3,FALSE,4,1,0.18,0.1667,0.43,0.2537,0,1
552,2011-01-25 00:00:00,1,0,1,4,FALSE,2,1,0.14,551,0.1667,0.74,0.1045,1970-01-01 00:00:00,1,1,761,2011-02-04 00:00:00,1,0,2,2,FALSE,5,2,0.14,0.1667,0.63,0.1045,0,1
552,2011-01-25 00:00:00,1,0,1,4,FALSE,2,1,0.14,551,0.1667,0.74,0.1045,1970-01-01 00:00:00,1,1,762,2011-02-04 00:00:00,1,0,2,3,FALSE,5,2,0.14,0.1667,0.63,0.1045,0,1
552,2011-01-25 00:00:00,1,0,1,4,FALSE,2,1,0.14,551,0.1667,0.74,0.1045,1970-01-01 00:00:00,1,1,811,2011-02-06 00:00:00,1,0,2,5,FALSE,0,1,0.26,0.2576,0.6,0.2239,0,1
552,2011-01-25 00:00:00,1,0,1,4,FALSE,2,1,0.14,551,0.1667,0.74,0.1045,1970-01-01 00:00:00,1,1,812,2011-02-06 00:00:00,1,0,2,6,FALSE,0,1,0.26,0.2576,0.6,0.2239,0,1
552,2011-01-25 00:00:00,1,0,1,4,FALSE,2,1,0.14,551,0.1667,0.74,0.1045,1970-01-01 00:00:00,1,1,833,2011-02-07 00:00:00,1,0,2,3,FALSE,1,1,0.2,0.2576,0.86,0,0,1
552,2011-01-25 00:00:00,1,0,1,4,FALSE,2,1,0.14,551,0.1667,0.74,0.1045,1970-01-01 00:00:00,1,1,857,2011-02-08 00:00:00,1,0,2,3,FALSE,2,3,0.28,0.2727,0.93,0.1642,0,1
552,2011-01-25 00:00:00,1,0,1,4,FALSE,2,1,0.14,551,0.1667,0.74,0.1045,1970-01-01 00:00:00,1,1,904,2011-02-10 00:00:00,1,0,2,4,FALSE,4,2,0.14,0.1364,0.59,0.2239,0,1
552,2011-01-25 00:00:00,1,0,1,4,FALSE,2,1,0.14,551,0.1667,0.74,0.1045,1970-01-01 00:00:00,1,1,951,2011-02-12 00:00:00,1,0,2,5,FALSE,6,1,0.12,0.1667,0.74,0.0896,0,1
575,2011-01-26 00:00:00,1,0,1,5,FALSE,3,3,0.2,574,0.1818,0.86,0.2836,1970-01-01 00:00:00,1,1,646,2011-01-30 00:00:00,1,0,1,4,FALSE,0,1,0.14,0.2121,0.93,0,0,1
575,2011-01-26 00:00:00,1,0,1,5,FALSE,3,3,0.2,574,0.1818,0.86,0.2836,1970-01-01 00:00:00,1,1,667,2011-01-31 00:00:00,1,0,1,2,FALSE,1,1,0.22,0.2273,0.64,0.194,0,1
575,2011-01-26 00:00:00,1,0,1,5,FALSE,3,3,0.2,574,0.1818,0.86,0.2836,1970-01-01 00:00:00,1,1,715,2011-02-02 00:00:00,1,0,2,3,FALSE,3,3,0.22,0.2273,0.93,0.1343,0,1
575,2011-01-26 00:00:00,1,0,1,5,FALSE,3,3,0.2,574,0.1818,0.86,0.2836,1970-01-01 00:00:00,1,1,716,2011-02-02 00:00:00,1,0,2,4,FALSE,3,3,0.22,0.2121,0.93,0.2836,0,1
575,2011-01-26 00:00:00,1,0,1,5,FALSE,3,3,0.2,574,0.1818,0.86,0.2836,1970-01-01 00:00:00,1,1,739,2011-02-03 00:00:00,1,0,2,3,FALSE,4,1,0.18,0.1667,0.43,0.2537,0,1
575,2011-01-26 00:00:00,1,0,1,5,FALSE,3,3,0.2,574,0.1818,0.86,0.2836,1970-01-01 00:00:00,1,1,761,2011-02-04 00:00:00,1,0,2,2,FALSE,5,2,0.14,0.1667,0.63,0.1045,0,1
575,2011-01-26 00:00:00,1,0,1,5,FALSE,3,3,0.2,574,0.1818,0.86,0.2836,1970-01-01 00:00:00,1,1,762,2011-02-04 00:00:00,1,0,2,3,FALSE,5,2,0.14,0.1667,0.63,0.1045,0,1
575,2011-01-26 00:00:00,1,0,1,5,FALSE,3,3,0.2,574,0.1818,0.86,0.2836,1970-01-01 00:00:00,1,1,811,2011-02-06 00:00:00,1,0,2,5,FALSE,0,1,0.26,0.2576,0.6,0.2239,0,1
575,2011-01-26 00:00:00,1,0,1,5,FALSE,3,3,0.2,574,0.1818,0.86,0.2836,1970-01-01 00:00:00,1,1,812,2011-02-06 00:00:00,1,0,2,6,FALSE,0,1,0.26,0.2576,0.6,0.2239,0,1
575,2011-01-26 00:00:00,1,0,1,5,FALSE,3,3,0.2,574,0.1818,0.86,0.2836,1970-01-01 00:00:00,1,1,833,2011-02-07 00:00:00,1,0,2,3,FALSE,1,1,0.2,0.2576,0.86,0,0,1
575,2011-01-26 00:00:00,1,0,1,5,FALSE,3,3,0.2,574,0.1818,0.86,0.2836,1970-01-01 00:00:00,1,1,857,2011-02-08 00:00:00,1,0,2,3,FALSE,2,3,0.28,0.2727,0.93,0.1642,0,1
575,2011-01-26 00:00:00,1,0,1,5,FALSE,3,3,0.2,574,0.1818,0.86,0.2836,1970-01-01 00:00:00,1,1,904,2011-02-10 00:00:00,1,0,2,4,FALSE,4,2,0.14,0.1364,0.59,0.2239,0,1
575,2011-01-26 00:00:00,1,0,1,5,FALSE,3,3,0.2,574,0.1818,0.86,0.2836,1970-01-01 00:00:00,1,1,951,2011-02-12 00:00:00,1,0,2,5,FALSE,6,1,0.12,0.1667,0.74,0.0896,0,1
599,2011-01-28 00:00:00,1,0,1,3,FALSE,5,2,0.2,598,0.2273,0.75,0.1045,1970-01-01 00:00:00,0,1,646,2011-01-30 00:00:00,1,0,1,4,FALSE,0,1,0.14,0.2121,0.93,0,0,1
599,2011-01-28 00:00:00,1,0,1,3,FALSE,5,2,0.2,598,0.2273,0.75,0.1045,1970-01-01 00:00:00,0,1,667,2011-01-31 00:00:00,1,0,1,2,FALSE,1,1,0.22,0.2273,0.64,0.194,0,1
599,2011-01-28 00:00:00,1,0,1,3,FALSE,5,2,0.2,598,0.2273,0.75,0.1045,1970-01-01 00:00:00,0,1,715,2011-02-02 00:00:00,1,0,2,3,FALSE,3,3,0.22,0.2273,0.93,0.1343,0,1
599,2011-01-28 00:00:00,1,0,1,3,FALSE,5,2,0.2,598,0.2273,0.75,0.1045,1970-01-01 00:00:00,0,1,716,2011-02-02 00:00:00,1,0,2,4,FALSE,3,3,0.22,0.2121,0.93,0.2836,0,1
599,2011-01-28 00:00:00,1,0,1,3,FALSE,5,2,0.2,598,0.2273,0.75,0.1045,1970-01-01 00:00:00,0,1,739,2011-02-03 00:00:00,1,0,2,3,FALSE,4,1,0.18,0.1667,0.43,0.2537,0,1
599,2011-01-28 00:00:00,1,0,1,3,FALSE,5,2,0.2,598,0.2273,0.75,0.1045,1970-01-01 00:00:00,0,1,761,2011-02-04 00:00:00,1,0,2,2,FALSE,5,2,0.14,0.1667,0.63,0.1045,0,1
599,2011-01-28 00:00:00,1,0,1,3,FALSE,5,2,0.2,598,0.2273,0.75,0.1045,1970-01-01 00:00:00,0,1,762,2011-02-04 00:00:00,1,0,2,3,FALSE,5,2,0.14,0.1667,0.63,0.1045,0,1
599,2011-01-28 00:00:00,1,0,1,3,FALSE,5,2,0.2,598,0.2273,0.75,0.1045,1970-01-01 00:00:00,0,1,811,2011-02-06 00:00:00,1,0,2,5,FALSE,0,1,0.26,0.2576,0.6,0.2239,0,1
599,2011-01-28 00:00:00,1,0,1,3,FALSE,5,2,0.2,598,0.2273,0.75,0.1045,1970-01-01 00:00:00,0,1,812,2011-02-06 00:00:00,1,0,2,6,FALSE,0,1,0.26,0.2576,0.6,0.2239,0,1
599,2011-01-28 00:00:00,1,0,1,3,FALSE,5,2,0.2,598,0.2273,0.75,0.1045,1970-01-01 00:00:00,0,1,833,2011-02-07 00:00:00,1,0,2,3,FALSE,1,1,0.2,0.2576,0.86,0,0,1
599,2011-01-28 00:00:00,1,0,1,3,FALSE,5,2,0.2,598,0.2273,0.75,0.1045,1970-01-01 00:00:00,0,1,857,2011-02-08 00:00:00,1,0,2,3,FALSE,2,3,0.28,0.2727,0.93,0.1642,0,1
599,2011-01-28 00:00:00,1,0,1,3,FALSE,5,2,0.2,598,0.2273,0.75,0.1045,1970-01-01 00:00:00,0,1,904,2011-02-10 00:00:00,1,0,2,4,FALSE,4,2,0.14,0.1364,0.59,0.2239,0,1
599,2011-01-28 00:00:00,1,0,1,3,FALSE,5,2,0.2,598,0.2273,0.75,0.1045,1970-01-01 00:00:00,0,1,951,2011-02-12 00:00:00,1,0,2,5,FALSE,6,1,0.12,0.1667,0.74,0.0896,0,1
7,2011-01-01 00:00:00,1,0,1,6,FALSE,6,1,0.22,6,0.2727,0.8,0,1970-01-01 00:00:00,0,2,624,2011-01-29 00:00:00,1,0,1,6,FALSE,6,1,0.16,0.1818,0.64,0.1343,0,2
7,2011-01-01 00:00:00,1,0,1,6,FALSE,6,1,0.22,6,0.2727,0.8,0,1970-01-01 00:00:00,0,2,668,2011-01-31 00:00:00,1,0,1,3,FALSE,1,1,0.22,0.2273,0.64,0.194,0,2
7,2011-01-01 00:00:00,1,0,1,6,FALSE,6,1,0.22,6,0.2727,0.8,0,1970-01-01 00:00:00,0,2,669,2011-01-31 00:00:00,1,0,1,4,FALSE,1,1,0.2,0.197,0.59,0.2239,0,2
7,2011-01-01 00:00:00,1,0,1,6,FALSE,6,1,0.22,6,0.2727,0.8,0,1970-01-01 00:00:00,0,2,691,2011-02-01 00:00:00,1,0,2,2,FALSE,2,2,0.16,0.2273,0.69,0,0,2
7,2011-01-01 00:00:00,1,0,1,6,FALSE,6,1,0.22,6,0.2727,0.8,0,1970-01-01 00:00:00,0,2,692,2011-02-01 00:00:00,1,0,2,3,FALSE,2,2,0.16,0.2273,0.69,0,0,2
7,2011-01-01 00:00:00,1,0,1,6,FALSE,6,1,0.22,6,0.2727,0.8,0,1970-01-01 00:00:00,0,2,712,2011-02-02 00:00:00,1,0,2,0,FALSE,3,3,0.22,0.2424,0.93,0.1045,0,2
7,2011-01-01 00:00:00,1,0,1,6,FALSE,6,1,0.22,6,0.2727,0.8,0,1970-01-01 00:00:00,0,2,738,2011-02-03 00:00:00,1,0,2,2,FALSE,4,1,0.18,0.1667,0.43,0.2537,0,2
7,2011-01-01 00:00:00,1,0,1,6,FALSE,6,1,0.22,6,0.2727,0.8,0,1970-01-01 00:00:00,0,2,740,2011-02-03 00:00:00,1,0,2,5,FALSE,4,1,0.16,0.1364,0.5,0.2985,0,2
7,2011-01-01 00:00:00,1,0,1,6,FALSE,6,1,0.22,6,0.2727,0.8,0,1970-01-01 00:00:00,0,2,810,2011-02-06 00:00:00,1,0,2,4,FALSE,0,1,0.26,0.2273,0.6,0.3582,0,2
7,2011-01-01 00:00:00,1,0,1,6,FALSE,6,1,0.22,6,0.2727,0.8,0,1970-01-01 00:00:00,0,2,834,2011-02-07 00:00:00,1,0,2,4,FALSE,1,1,0.2,0.2576,0.86,0,1,1
7,2011-01-01 00:00:00,1,0,1,6,FALSE,6,1,0.22,6,0.2727,0.8,0,1970-01-01 00:00:00,0,2,856,2011-02-08 00:00:00,1,0,2,2,FALSE,2,2,0.26,0.2727,0.93,0.1045,1,1
7,2011-01-01 00:00:00,1,0,1,6,FALSE,6,1,0.22,6,0.2727,0.8,0,1970-01-01 00:00:00,0,2,859,2011-02-08 00:00:00,1,0,2,5,FALSE,2,1,0.26,0.2273,0.81,0.3284,0,2
7,2011-01-01 00:00:00,1,0,1,6,FALSE,6,1,0.22,6,0.2727,0.8,0,1970-01-01 00:00:00,0,2,881,2011-02-09 00:00:00,1,0,2,3,FALSE,3,1,0.06,0.0758,0.45,0.1343,0,2
7,2011-01-01 00:00:00,1,0,1,6,FALSE,6,1,0.22,6,0.2727,0.8,0,1970-01-01 00:00:00,0,2,952,2011-02-12 00:00:00,1,0,2,6,FALSE,6,1,0.12,0.1364,0.93,0.194,1,1
7,2011-01-01 00:00:00,1,0,1,6,FALSE,6,1,0.22,6,0.2727,0.8,0,1970-01-01 00:00:00,0,2,974,2011-02-13 00:00:00,1,0,2,4,FALSE,0,2,0.2,0.2121,0.69,0.1642,0,2
7,2011-01-01 00:00:00,1,0,1,6,FALSE,6,1,0.22,6,0.2727,0.8,0,1970-01-01 00:00:00,0,2,995,2011-02-14 00:00:00,1,0,2,2,FALSE,1,1,0.36,0.3333,0.4,0.2985,0,2
7,2011-01-01 00:00:00,1,0,1,6,FALSE,6,1,0.22,6,0.2727,0.8,0,1970-01-01 00:00:00,0,2,996,2011-02-14 00:00:00,1,0,2,3,FALSE,1,1,0.34,0.3182,0.46,0.2239,1,1
7,2011-01-01 00:00:00,1,0,1,6,FALSE,6,1,0.22,6,0.2727,0.8,0,1970-01-01 00:00:00,0,2,997,2011-02-14 00:00:00,1,0,2,4,FALSE,1,1,0.32,0.303,0.53,0.2836,0,2
30,2011-01-02 00:00:00,1,0,1,6,FALSE,0,3,0.42,29,0.4242,0.77,0.2985,1970-01-01 00:00:00,2,2,624,2011-01-29 00:00:00,1,0,1,6,FALSE,6,1,0.16,0.1818,0.64,0.1343,0,2
30,2011-01-02 00:00:00,1,0,1,6,FALSE,0,3,0.42,29,0.4242,0.77,0.2985,1970-01-01 00:00:00,2,2,668,2011-01-31 00:00:00,1,0,1,3,FALSE,1,1,0.22,0.2273,0.64,0.194,0,2
30,2011-01-02 00:00:00,1,0,1,6,FALSE,0,3,0.42,29,0.4242,0.77,0.2985,1970-01-01 00:00:00,2,2,669,2011-01-31 00:00:00,1,0,1,4,FALSE,1,1,0.2,0.197,0.59,0.2239,0,2
30,2011-01-02 00:00:00,1,0,1,6,FALSE,0,3,0.42,29,0.4242,0.77,0.2985,1970-01-01 00:00:00,2,2,691,2011-02-01 00:00:00,1,0,2,2,FALSE,2,2,0.16,0.2273,0.69,0,0,2
30,2011-01-02 00:00:00,1,0,1,6,FALSE,0,3,0.42,29,0.4242,0.77,0.2985,1970-01-01 00:00:00,2,2,692,2011-02-01 00:00:00,1,0,2,3,FALSE,2,2,0.16,0.2273,0.69,0,0,2
30,2011-01-02 00:00:00,1,0,1,6,FALSE,0,3,0.42,29,0.4242,0.77,0.2985,1970-01-01 00:00:00,2,2,712,2011-02-02 00:00:00,1,0,2,0,FALSE,3,3,0.22,0.2424,0.93,0.1045,0,2
30,2011-01-02 00:00:00,1,0,1,6,FALSE,0,3,0.42,29,0.4242,0.77,0.2985,1970-01-01 00:00:00,2,2,738,2011-02-03 00:00:00,1,0,2,2,FALSE,4,1,0.18,0.1667,0.43,0.2537,0,2
30,2011-01-02 00:00:00,1,0,1,6,FALSE,0,3,0.42,29,0.4242,0.77,0.2985,1970-01-01 00:00:00,2,2,740,2011-02-03 00:00:00,1,0,2,5,FALSE,4,1,0.16,0.1364,0.5,0.2985,0,2
30,2011-01-02 00:00:00,1,0,1,6,FALSE,0,3,0.42,29,0.4242,0.77,0.2985,1970-01-01 00:00:00,2,2,810,2011-02-06 00:00:00,1,0,2,4,FALSE,0,1,0.26,0.2273,0.6,0.3582,0,2
30,2011-01-02 00:00:00,1,0,1,6,FALSE,0,3,0.42,29,0.4242,0.77,0.2985,1970-01-01 00:00:00,2,2,834,2011-02-07 00:00:00,1,0,2,4,FALSE,1,1,0.2,0.2576,0.86,0,1,1
30,2011-01-02 00:00:00,1,0,1,6,FALSE,0,3,0.42,29,0.4242,0.77,0.2985,1970-01-01 00:00:00,2,2,856,2011-02-08 00:00:00,1,0,2,2,FALSE,2,2,0.26,0.2727,0.93,0.1045,1,1
30,2011-01-02 00:00:00,1,0,1,6,FALSE,0,3,0.42,29,0.4242,0.77,0.2985,1970-01-01 00:00:00,2,2,859,2011-02-08 00:00:00,1,0,2,5,FALSE,2,1,0.26,0.2273,0.81,0.3284,0,2
30,2011-01-02 00:00:00,1,0,1,6,FALSE,0,3,0.42,29,0.4242,0.77,0.2985,1970-01-01 00:00:00,2,2,881,2011-02-09 00:00:00,1,0,2,3,FALSE,3,1,0.06,0.0758,0.45,0.1343,0,2
30,2011-01-02 00:00:00,1,0,1,6,FALSE,0,3,0.42,29,0.4242,0.77,0.2985,1970-01-01 00:00:00,2,2,952,2011-02-12 00:00:00,1,0,2,6,FALSE,6,1,0.12,0.1364,0.93,0.194,1,1
30,2011-01-02 00:00:00,1,0,1,6,FALSE,0,3,0.42,29,0.4242,0.77,0.2985,1970-01-01 00:00:00,2,2,974,2011-02-13 00:00:00,1,0,2,4,FALSE,0,2,0.2,0.2121,0.69,0.1642,0,2
30,2011-01-02 00:00:00,1,0,1,6,FALSE,0,3,0.42,29,0.4242,0.77,0.2985,1970-01-01 00:00:00,2,2,995,2011-02-14 00:00:00,1,0,2,2,FALSE,1,1,0.36,0.3333,0.4,0.2985,0,2
30,2011-01-02 00:00:00,1,0,1,6,FALSE,0,3,0.42,29,0.4242,0.77,0.2985,1970-01-01 00:00:00,2,2,996,2011-02-14 00:00:00,1,0,2,3,FALSE,1,1,0.34,0.3182,0.46,0.2239,1,1
30,2011-01-02 00:00:00,1,0,1,6,FALSE,0,3,0.42,29,0.4242,0.77,0.2985,1970-01-01 00:00:00,2,2,997,2011-02-14 00:00:00,1,0,2,4,FALSE,1,1,0.32,0.303,0.53,0.2836,0,2
49,2011-01-03 00:00:00,1,0,1,1,FALSE,1,1,0.2,48,,0.44,0.4179,1970-01-01 00:00:00,2,2,624,2011-01-29 00:00:00,1,0,1,6,FALSE,6,1,0.16,0.1818,0.64,0.1343,0,2
49,2011-01-03 00:00:00,1,0,1,1,FALSE,1,1,0.2,48,,0.44,0.4179,1970-01-01 00:00:00,2,2,668,2011-01-31 00:00:00,1,0,1,3,FALSE,1,1,0.22,0.2273,0.64,0.194,0,2
49,2011-01-03 00:00:00,1,0,1,1,FALSE,1,1,0.2,48,,0.44,0.4179,1970-01-01 00:00:00,2,2,669,2011-01-31 00:00:00,1,0,1,4,FALSE,1,1,0.2,0.197,0.59,0.2239,0,2
49,2011-01-03 00:00:00,1,0,1,1,FALSE,1,1,0.2,48,,0.44,0.4179,1970-01-01 00:00:00,2,2,691,2011-02-01 00:00:00,1,0,2,2,FALSE,2,2,0.16,0.2273,0.69,0,0,2
49,2011-01-03 00:00:00,1,0,1,1,FALSE,1,1,0.2,48,,0.44,0.4179,1970-01-01 00:00:00,2,2,692,2011-02-01 00:00:00,1,0,2,3,FALSE,2,2,0.16,0.2273,0.69,0,0,2
49,2011-01-03 00:00:00,1,0,1,1,FALSE,1,1,0.2,48,,0.44,0.4179,1970-01-01 00:00:00,2,2,712,2011-02-02 00:00:00,1,0,2,0,FALSE,3,3,0.22,0.2424,0.93,0.1045,0,2
49,2011-01-03 00:00:00,1,0,1,1,FALSE,1,1,0.2,48,,0.44,0.4179,1970-01-01 00:00:00,2,2,738,2011-02-03 00:00:00,1,0,2,2,FALSE,4,1,0.18,0.1667,0.43,0.2537,0,2
49,2011-01-03 00:00:00,1,0,1,1,FALSE,1,1,0.2,48,,0.44,0.4179,1970-01-01 00:00:00,2,2,740,2011-02-03 00:00:00,1,0,2,5,FALSE,4,1,0.16,0.1364,0.5,0.2985,0,2
49,2011-01-03 00:00:00,1,0,1,1,FALSE,1,1,0.2,48,,0.44,0.4179,1970-01-01 00:00:00,2,2,810,2011-02-06 00:00:00,1,0,2,4,FALSE,0,1,0.26,0.2273,0.6,0.3582,0,2
49,2011-01-03 00:00:00,1,0,1,1,FALSE,1,1,0.2,48,,0.44,0.4179,1970-01-01 00:00:00,2,2,834,2011-02-07 00:00:00,1,0,2,4,FALSE,1,1,0.2,0.2576,0.86,0,1,1
49,2011-01-03 00:00:00,1,0,1,1,FALSE,1,1,0.2,48,,0.44,0.4179,1970-01-01 00:00:00,2,2,856,2011-02-08 00:00:00,1,0,2,2,FALSE,2,2,0.26,0.2727,0.93,0.1045,1,1
49,2011-01-03 00:00:00,1,0,1,1,FALSE,1,1,0.2,48,,0.44,0.4179,1970-01-01 00:00:00,2,2,859,2011-02-08 00:00:00,1,0,2,5,FALSE,2,1,0.26,0.2273,0.81,0.3284,0,2
49,2011-01-03 00:00:00,1,0,1,1,FALSE,1,1,0.2,48,,0.44,0.4179,1970-01-01 00:00:00,2,2,881,2011-02-09 00:00:00,1,0,2,3,FALSE,3,1,0.06,0.0758,0.45,0.1343,0,2
49,2011-01-03 00:00:00,1,0,1,1,FALSE,1,1,0.2,48,,0.44,0.4179,1970-01-01 00:00:00,2,2,952,2011-02-12 00:00:00,1,0,2,6,FALSE,6,1,0.12,0.1364,0.93,0.194,1,1
49,2011-01-03 00:00:00,1,0,1,1,FALSE,1,1,0.2,48,,0.44,0.4179,1970-01-01 00:00:00,2,2,974,2011-02-13 00:00:00,1,0,2,4,FALSE,0,2,0.2,0.2121,0.69,0.1642,0,2
49,2011-01-03 00:00:00,1,0,1,1,FALSE,1,1,0.2,48,,0.44,0.4179,1970-01-01 00:00:00,2,2,995,2011-02-14 00:00:00,1,0,2,2,FALSE,1,1,0.36,0.3333,0.4,0.2985,0,2
49,2011-01-03 00:00:00,1,0,1,1,FALSE,1,1,0.2,48,,0.44,0.4179,1970-01-01 00:00:00,2,2,996,2011-02-14 00:00:00,1,0,2,3,FALSE,1,1,0.34,0.3182,0.46,0.2239,1,1
49,2011-01-03 00:00:00,1,0,1,1,FALSE,1,1,0.2,48,,0.44,0.4179,1970-01-01 00:00:00,2,2,997,2011-02-14 00:00:00,1,0,2,4,FALSE,1,1,0.32,0.303,0.53,0.2836,0,2
71,2011-01-04 00:00:00,1,0,1,1,FALSE,2,1,0.16,70,0.1818,0.59,0.1045,1970-01-01 00:00:00,2,2,624,2011-01-29 00:00:00,1,0,1,6,FALSE,6,1,0.16,0.1818,0.64,0.1343,0,2
71,2011-01-04 00:00:00,1,0,1,1,FALSE,2,1,0.16,70,0.1818,0.59,0.1045,1970-01-01 00:00:00,2,2,668,2011-01-31 00:00:00,1,0,1,3,FALSE,1,1,0.22,0.2273,0.64,0.194,0,2
71,2011-01-04 00:00:00,1,0,1,1,FALSE,2,1,0.16,70,0.1818,0.59,0.1045,1970-01-01 00:00:00,2,2,669,2011-01-31 00:00:00,1,0,1,4,FALSE,1,1,0.2,0.197,0.59,0.2239,0,2
71,2011-01-04 00:00:00,1,0,1,1,FALSE,2,1,0.16,70,0.1818,0.59,0.1045,1970-01-01 00:00:00,2,2,691,2011-02-01 00:00:00,1,0,2,2,FALSE,2,2,0.16,0.2273,0.69,0,0,2
71,2011-01-04 00:00:00,1,0,1,1,FALSE,2,1,0.16,70,0.1818,0.59,0.1045,1970-01-01 00:00:00,2,2,692,2011-02-01 00:00:00,1,0,2,3,FALSE,2,2,0.16,0.2273,0.69,0,0,2
71,2011-01-04 00:00:00,1,0,1,1,FALSE,2,1,0.16,70,0.1818,0.59,0.1045,1970-01-01 00:00:00,2,2,712,2011-02-02 00:00:00,1,0,2,0,FALSE,3,3,0.22,0.2424,0.93,0.1045,0,2
71,2011-01-04 00:00:00,1,0,1,1,FALSE,2,1,0.16,70,0.1818,0.59,0.1045,1970-01-01 00:00:00,2,2,738,2011-02-03 00:00:00,1,0,2,2,FALSE,4,1,0.18,0.1667,0.43,0.2537,0,2
71,2011-01-04 00:00:00,1,0,1,1,FALSE,2,1,0.16,70,0.1818,0.59,0.1045,1970-01-01 00:00:00,2,2,740,2011-02-03 00:00:00,1,0,2,5,FALSE,4,1,0.16,0.1364,0.5,0.2985,0,2
71,2011-01-04 00:00:00,1,0,1,1,FALSE,2,1,0.16,70,0.1818,0.59,0.1045,1970-01-01 00:00:00,2,2,810,2011-02-06 00:00:00,1,0,2,4,FALSE,0,1,0.26,0.2273,0.6,0.3582,0,2
71,2011-01-04 00:00:00,1,0,1,1,FALSE,2,1,0.16,70,0.1818,0.59,0.1045,1970-01-01 00:00:00,2,2,834,2011-02-07 00:00:00,1,0,2,4,FALSE,1,1,0.2,0.2576,0.86,0,1,1
71,2011-01-04 00:00:00,1,0,1,1,FALSE,2,1,0.16,70,0.1818,0.59,0.1045,1970-01-01 00:00:00,2,2,856,2011-02-08 00:00:00,1,0,2,2,FALSE,2,2,0.26,0.2727,0.93,0.1045,1,1
71,2011-01-04 00:00:00,1,0,1,1,FALSE,2,1,0.16,70,0.1818,0.59,0.1045,1970-01-01 00:00:00,2,2,859,2011-02-08 00:00:00,1,0,2,5,FALSE,2,1,0.26,0.2273,0.81,0.3284,0,2
71,2011-01-04 00:00:00,1,0,1,1,FALSE,2,1,0.16,70,0.1818,0.59,0.1045,1970-01-01 00:00:00,2,2,881,2011-02-09 00:00:00,1,0,2,3,FALSE,3,1,0.06,0.0758,0.45,0.1343,0,2
71,2011-01-04 00:00:00,1,0,1,1,FALSE,2,1,0.16,70,0.1818,0.59,0.1045,1970-01-01 00:00:00,2,2,952,2011-02-12 00:00:00,1,0,2,6,FALSE,6,1,0.12,0.1364,0.93,0.194,1,1
71,2011-01-04 00:00:00,1,0,1,1,FALSE,2,1,0.16,70,0.1818,0.59,0.1045,1970-01-01 00:00:00,2,2,974,2011-02-13 00:00:00,1,0,2,4,FALSE,0,2,0.2,0.2121,0.69,0.1642,0,2
71,2011-01-04 00:00:00,1,0,1,1,FALSE,2,1,0.16,70,0.1818,0.59,0.1045,1970-01-01 00:00:00,2,2,995,2011-02-14 00:00:00,1,0,2,2,FALSE,1,1,0.36,0.3333,0.4,0.2985,0,2
71,2011-01-04 00:00:00,1,0,1,1,FALSE,2,1,0.16,70,0.1818,0.59,0.1045,1970-01-01 00:00:00,2,2,996,2011-02-14 00:00:00,1,0,2,3,FALSE,1,1,0.34,0.3182,0.46,0.2239,1,1
71,2011-01-04 00:00:00,1,0,1,1,FALSE,2,1,0.16,70,0.1818,0.59,0.1045,1970-01-01 00:00:00,2,2,997,2011-02-14 00:00:00,1,0,2,4,FALSE,1,1,0.32,0.303,0.53,0.2836,0,2
73,2011-01-04 00:00:00,1,0,1,4,FALSE,2,1,0.14,72,0.1818,0.63,0.0896,1970-01-01 00:00:00,2,2,624,2011-01-29 00:00:00,1,0,1,6,FALSE,6,1,0.16,0.1818,0.64,0.1343,0,2
73,2011-01-04 00:00:00,1,0,1,4,FALSE,2,1,0.14,72,0.1818,0.63,0.0896,1970-01-01 00:00:00,2,2,668,2011-01-31 00:00:00,1,0,1,3,FALSE,1,1,0.22,0.2273,0.64,0.194,0,2
73,2011-01-04 00:00:00,1,0,1,4,FALSE,2,1,0.14,72,0.1818,0.63,0.0896,1970-01-01 00:00:00,2,2,669,2011-01-31 00:00:00,1,0,1,4,FALSE,1,1,0.2,0.197,0.59,0.2239,0,2
73,2011-01-04 00:00:00,1,0,1,4,FALSE,2,1,0.14,72,0.1818,0.63,0.0896,1970-01-01 00:00:00,2,2,691,2011-02-01 00:00:00,1,0,2,2,FALSE,2,2,0.16,0.2273,0.69,0,0,2
73,2011-01-04 00:00:00,1,0,1,4,FALSE,2,1,0.14,72,0.1818,0.63,0.0896,1970-01-01 00:00:00,2,2,692,2011-02-01 00:00:00,1,0,2,3,FALSE,2,2,0.16,0.2273,0.69,0,0,2
73,2011-01-04 00:00:00,1,0,1,4,FALSE,2,1,0.14,72,0.1818,0.63,0.0896,1970-01-01 00:00:00,2,2,712,2011-02-02 00:00:00,1,0,2,0,FALSE,3,3,0.22,0.2424,0.93,0.1045,0,2
73,2011-01-04 00:00:00,1,0,1,4,FALSE,2,1,0.14,72,0.1818,0.63,0.0896,1970-01-01 00:00:00,2,2,738,2011-02-03 00:00:00,1,0,2,2,FALSE,4,1,0.18,0.1667,0.43,0.2537,0,2
73,2011-01-04 00:00:00,1,0,1,4,FALSE,2,1,0.14,72,0.1818,0.63,0.0896,1970-01-01 00:00:00,2,2,740,2011-02-03 00:00:00,1,0,2,5,FALSE,4,1,0.16,0.1364,0.5,0.2985,0,2
73,2011-01-04 00:00:00,1,0,1,4,FALSE,2,1,0.14,72,0.1818,0.63,0.0896,1970-01-01 00:00:00,2,2,810,2011-02-06 00:00:00,1,0,2,4,FALSE,0,1,0.26,0.2273,0.6,0.3582,0,2
73,2011-01-04 00:00:00,1,0,1,4,FALSE,2,1,0.14,72,0.1818,0.63,0.0896,1970-01-01 00:00:00,2,2,834,2011-02-07 00:00:00,1,0,2,4,FALSE,1,1,0.2,0.2576,0.86,0,1,1
73,2011-01-04 00:00:00,1,0,1,4,FALSE,2,1,0.14,72,0.1818,0.63,0.0896,1970-01-01 00:00:00,2,2,856,2011-02-08 00:00:00,1,0,2,2,FALSE,2,2,0.26,0.2727,0.93,0.1045,1,1
73,2011-01-04 00:00:00,1,0,1,4,FALSE,2,1,0.14,72,0.1818,0.63,0.0896,1970-01-01 00:00:00,2,2,859,2011-02-08 00:00:00,1,0,2,5,FALSE,2,1,0.26,0.2273,0.81,0.3284,0,2
73,2011-01-04 00:00:00,1,0,1,4,FALSE,2,1,0.14,72,0.1818,0.63,0.0896,1970-01-01 00:00:00,2,2,881,2011-02-09 00:00:00,1,0,2,3,FALSE,3,1,0.06,0.0758,0.45,0.1343,0,2
73,2011-01-04 00:00:00,1,0,1,4,FALSE,2,1,0.14,72,0.1818,0.63,0.0896,1970-01-01 00:00:00,2,2,952,2011-02-12 00:00:00,1,0,2,6,FALSE,6,1,0.12,0.1364,0.93,0.194,1,1
73,2011-01-04 00:00:00,1,0,1,4,FALSE,2,1,0.14,72,0.1818,0.63,0.0896,1970-01-01 00:00:00,2,2,974,2011-02-13 00:00:00,1,0,2,4,FALSE,0,2,0.2,0.2121,0.69,0.1642,0,2
73,2011-01-04 00:00:00,1,0,1,4,FALSE,2,1,0.14,72,0.1818,0.63,0.0896,1970-01-01 00:00:00,2,2,995,2011-02-14 00:00:00,1,0,2,2,FALSE,1,1,0.36,0.3333,0.4,0.2985,0,2
73,2011-01-04 00:00:00,1,0,1,4,FALSE,2,1,0.14,72,0.1818,0.63,0.0896,1970-01-01 00:00:00,2,2,996,2011-02-14 00:00:00,1,0,2,3,FALSE,1,1,0.34,0.3182,0.46,0.2239,1,1
73,2011-01-04 00:00:00,1,0,1,4,FALSE,2,1,0.14,72,0.1818,0.63,0.0896,1970-01-01 00:00:00,2,2,997,2011-02-14 00:00:00,1,0,2,4,FALSE,1,1,0.32,0.303,0.53,0.2836,0,2
95,2011-01-05 00:00:00,1,0,1,2,FALSE,3,1,0.16,94,0.197,0.74,0.0896,1970-01-01 00:00:00,2,2,624,2011-01-29 00:00:00,1,0,1,6,FALSE,6,1,0.16,0.1818,0.64,0.1343,0,2
95,2011-01-05 00:00:00,1,0,1,2,FALSE,3,1,0.16,94,0.197,0.74,0.0896,1970-01-01 00:00:00,2,2,668,2011-01-31 00:00:00,1,0,1,3,FALSE,1,1,0.22,0.2273,0.64,0.194,0,2
95,2011-01-05 00:00:00,1,0,1,2,FALSE,3,1,0.16,94,0.197,0.74,0.0896,1970-01-01 00:00:00,2,2,669,2011-01-31 00:00:00,1,0,1,4,FALSE,1,1,0.2,0.197,0.59,0.2239,0,2
95,2011-01-05 00:00:00,1,0,1,2,FALSE,3,1,0.16,94,0.197,0.74,0.0896,1970-01-01 00:00:00,2,2,691,2011-02-01 00:00:00,1,0,2,2,FALSE,2,2,0.16,0.2273,0.69,0,0,2
95,2011-01-05 00:00:00,1,0,1,2,FALSE,3,1,0.16,94,0.197,0.74,0.0896,1970-01-01 00:00:00,2,2,692,2011-02-01 00:00:00,1,0,2,3,FALSE,2,2,0.16,0.2273,0.69,0,0,2
95,2011-01-05 00:00:00,1,0,1,2,FALSE,3,1,0.16,94,0.197,0.74,0.0896,1970-01-01 00:00:00,2,2,712,2011-02-02 00:00:00,1,0,2,0,FALSE,3,3,0.22,0.2424,0.93,0.1045,0,2
95,2011-01-05 00:00:00,1,0,1,2,FALSE,3,1,0.16,94,0.197,0.74,0.0896,1970-01-01 00:00:00,2,2,738,2011-02-03 00:00:00,1,0,2,2,FALSE,4,1,0.18,0.1667,0.43,0.2537,0,2
95,2011-01-05 00:00:00,1,0,1,2,FALSE,3,1,0.16,94,0.197,0.74,0.0896,1970-01-01 00:00:00,2,2,740,2011-02-03 00:00:00,1,0,2,5,FALSE,4,1,0.16,0.1364,0.5,0.2985,0,2
95,2011-01-05 00:00:00,1,0,1,2,FALSE,3,1,0.16,94,0.197,0.74,0.0896,1970-01-01 00:00:00,2,2,810,2011-02-06 00:00:00,1,0,2,4,FALSE,0,1,0.26,0.2273,0.6,0.3582,0,2
95,2011-01-05 00:00:00,1,0,1,2,FALSE,3,1,0.16,94,0.197,0.74,0.0896,1970-01-01 00:00:00,2,2,834,2011-02-07 00:00:00,1,0,2,4,FALSE,1,1,0.2,0.2576,0.86,0,1,1
95,2011-01-05 00:00:00,1,0,1,2,FALSE,3,1,0.16,94,0.197,0.74,0.0896,1970-01-01 00:00:00,2,2,856,2011-02-08 00:00:00,1,0,2,2,FALSE,2,2,0.26,0.2727,0.93,0.1045,1,1
95,2011-01-05 00:00:00,1,0,1,2,FALSE,3,1,0.16,94,0.197,0.74,0.0896,1970-01-01 00:00:00,2,2,859,2011-02-08 00:00:00,1,0,2,5,FALSE,2,1,0.26,0.2273,0.81,0.3284,0,2
95,2011-01-05 00:00:00,1,0,1,2,FALSE,3,1,0.16,94,0.197,0.74,0.0896,1970-01-01 00:00:00,2,2,881,2011-02-09 00:00:00,1,0,2,3,FALSE,3,1,0.06,0.0758,0.45,0.1343,0,2
95,2011-01-05 00:00:00,1,0,1,2,FALSE,3,1,0.16,94,0.197,0.74,0.0896,1970-01-01 00:00:00,2,2,952,2011-02-12 00:00:00,1,0,2,6,FALSE,6,1,0.12,0.1364,0.93,0.194,1,1
95,2011-01-05 00:00:00,1,0,1,2,FALSE,3,1,0.16,94,0.197,0.74,0.0896,1970-01-01 00:00:00,2,2,974,2011-02-13 00:00:00,1,0,2,4,FALSE,0,2,0.2,0.2121,0.69,0.1642,0,2
95,2011-01-05 00:00:00,1,0,1,2,FALSE,3,1,0.16,94,0.197,0.74,0.0896,1970-01-01 00:00:00,2,2,995,2011-02-14 00:00:00,1,0,2,2,FALSE,1,1,0.36,0.3333,0.4,0.2985,0,2
95,2011-01-05 00:00:00,1,0,1,2,FALSE,3,1,0.16,94,0.197,0.74,0.0896,1970-01-01 00:00:00,2,2,996,2011-02-14 00:00:00,1,0,2,3,FALSE,1,1,0.34,0.3182,0.46,0.2239,1,1
95,2011-01-05 00:00:00,1,0,1,2,FALSE,3,1,0.16,94,0.197,0.74,0.0896,1970-01-01 00:00:00,2,2,997,2011-02-14 00:00:00,1,0,2,4,FALSE,1,1,0.32,0.303,0.53,0.2836,0,2
96,2011-01-05 00:00:00,1,0,1,4,FALSE,3,1,0.24,95,0.2273,0.48,0.2239,1970-01-01 00:00:00,2,2,624,2011-01-29 00:00:00,1,0,1,6,FALSE,6,1,0.16,0.1818,0.64,0.1343,0,2
96,2011-01-05 00:00:00,1,0,1,4,FALSE,3,1,0.24,95,0.2273,0.48,0.2239,1970-01-01 00:00:00,2,2,668,2011-01-31 00:00:00,1,0,1,3,FALSE,1,1,0.22,0.2273,0.64,0.194,0,2
96,2011-01-05 00:00:00,1,0,1,4,FALSE,3,1,0.24,95,0.2273,0.48,0.2239,1970-01-01 00:00:00,2,2,669,2011-01-31 00:00:00,1,0,1,4,FALSE,1,1,0.2,0.197,0.59,0.2239,0,2
96,2011-01-05 00:00:00,1,0,1,4,FALSE,3,1,0.24,95,0.2273,0.48,0.2239,1970-01-01 00:00:00,2,2,691,2011-02-01 00:00:00,1,0,2,2,FALSE,2,2,0.16,0.2273,0.69,0,0,2
96,2011-01-05 00:00:00,1,0,1,4,FALSE,3,1,0.24,95,0.2273,0.48,0.2239,1970-01-01 00:00:00,2,2,692,2011-02-01 00:00:00,1,0,2,3,FALSE,2,2,0.16,0.2273,0.69,0,0,2
96,2011-01-05 00:00:00,1,0,1,4,FALSE,3,1,0.24,95,0.2273,0.48,0.2239,1970-01-01 00:00:00,2,2,712,2011-02-02 00:00:00,1,0,2,0,FALSE,3,3,0.22,0.2424,0.93,0.1045,0,2
96,2011-01-05 00:00:00,1,0,1,4,FALSE,3,1,0.24,95,0.2273,0.48,0.2239,1970-01-01 00:00:00,2,2,738,2011-02-03 00:00:00,1,0,2,2,FALSE,4,1,0.18,0.1667,0.43,0.2537,0,2
96,2011-01-05 00:00:00,1,0,1,4,FALSE,3,1,0.24,95,0.2273,0.48,0.2239,1970-01-01 00:00:00,2,2,740,2011-02-03 00:00:00,1,0,2,5,FALSE,4,1,0.16,0.1364,0.5,0.2985,0,2
96,2011-01-05 00:00:00,1,0,1,4,FALSE,3,1,0.24,95,0.2273,0.48,0.2239,1970-01-01 00:00:00,2,2,810,2011-02-06 00:00:00,1,0,2,4,FALSE,0,1,0.26,0.2273,0.6,0.3582,0,2
96,2011-01-05 00:00:00,1,0,1,4,FALSE,3,1,0.24,95,0.2273,0.48,0.2239,1970-01-01 00:00:00,2,2,834,2011-02-07 00:00:00,1,0,2,4,FALSE,1,1,0.2,0.2576,0.86,0,1,1
96,2011-01-05 00:00:00,1,0,1,4,FALSE,3,1,0.24,95,0.2273,0.48,0.2239,1970-01-01 00:00:00,2,2,856,2011-02-08 00:00:00,1,0,2,2,FALSE,2,2,0.26,0.2727,0.93,0.1045,1,1
96,2011-01-05 00:00:00,1,0,1,4,FALSE,3,1,0.24,95,0.2273,0.48,0.2239,1970-01-01 00:00:00,2,2,859,2011-02-08 00:00:00,1,0,2,5,FALSE,2,1,0.26,0.2273,0.81,0.3284,0,2
96,2011-01-05 00:00:00,1,0,1,4,FALSE,3,1,0.24,95,0.2273,0.48,0.2239,1970-01-01 00:00:00,2,2,881,2011-02-09 00:00:00,1,0,2,3,FALSE,3,1,0.06,0.0758,0.45,0.1343,0,2
96,2011-01-05 00:00:00,1,0,1,4,FALSE,3,1,0.24,95,0.2273,0.48,0.2239,1970-01-01 00:00:00,2,2,952,2011-02-12 00:00:00,1,0,2,6,FALSE,6,1,0.12,0.1364,0.93,0.194,1,1
96,2011-01-05 00:00:00,1,0,1,4,FALSE,3,1,0.24,95,0.2273,0.48,0.2239,1970-01-01 00:00:00,2,2,974,2011-02-13 00:00:00,1,0,2,4,FALSE,0,2,0.2,0.2121,0.69,0.1642,0,2
96,2011-01-05 00:00:00,1,0,1,4,FALSE,3,1,0.24,95,0.2273,0.48,0.2239,1970-01-01 00:00:00,2,2,995,2011-02-14 00:00:00,1,0,2,2,FALSE,1,1,0.36,0.3333,0.4,0.2985,0,2
96,2011-01-05 00:00:00,1,0,1,4,FALSE,3,1,0.24,95,0.2273,0.48,0.2239,1970-01-01 00:00:00,2,2,996,2011-02-14 00:00:00,1,0,2,3,FALSE,1,1,0.34,0.3182,0.46,0.2239,1,1
96,2011-01-05 00:00:00,1,0,1,4,FALSE,3,1,0.24,95,0.2273,0.48,0.2239,1970-01-01 00:00:00,2,2,997,2011-02-14 00:00:00,1,0,2,4,FALSE,1,1,0.32,0.303,0.53,0.2836,0,2
118,2011-01-06 00:00:00,1,0,1,2,FALSE,4,1,0.16,117,0.2273,0.64,0,1970-01-01 00:00:00,2,2,624,2011-01-29 00:00:00,1,0,1,6,FALSE,6,1,0.16,0.1818,0.64,0.1343,0,2
118,2011-01-06 00:00:00,1,0,1,2,FALSE,4,1,0.16,117,0.2273,0.64,0,1970-01-01 00:00:00,2,2,668,2011-01-31 00:00:00,1,0,1,3,FALSE,1,1,0.22,0.2273,0.64,0.194,0,2
118,2011-01-06 00:00:00,1,0,1,2,FALSE,4,1,0.16,117,0.2273,0.64,0,1970-01-01 00:00:00,2,2,669,2011-01-31 00:00:00,1,0,1,4,FALSE,1,1,0.2,0.197,0.59,0.2239,0,2
118,2011-01-06 00:00:00,1,0,1,2,FALSE,4,1,0.16,117,0.2273,0.64,0,1970-01-01 00:00:00,2,2,691,2011-02-01 00:00:00,1,0,2,2,FALSE,2,2,0.16,0.2273,0.69,0,0,2
118,2011-01-06 00:00:00,1,0,1,2,FALSE,4,1,0.16,117,0.2273,0.64,0,1970-01-01 00:00:00,2,2,692,2011-02-01 00:00:00,1,0,2,3,FALSE,2,2,0.16,0.2273,0.69,0,0,2
118,2011-01-06 00:00:00,1,0,1,2,FALSE,4,1,0.16,117,0.2273,0.64,0,1970-01-01 00:00:00,2,2,712,2011-02-02 00:00:00,1,0,2,0,FALSE,3,3,0.22,0.2424,0.93,0.1045,0,2
118,2011-01-06 00:00:00,1,0,1,2,FALSE,4,1,0.16,117,0.2273,0.64,0,1970-01-01 00:00:00,2,2,738,2011-02-03 00:00:00,1,0,2,2,FALSE,4,1,0.18,0.1667,0.43,0.2537,0,2
118,2011-01-06 00:00:00,1,0,1,2,FALSE,4,1,0.16,117,0.2273,0.64,0,1970-01-01 00:00:00,2,2,740,2011-02-03 00:00:00,1,0,2,5,FALSE,4,1,0.16,0.1364,0.5,0.2985,0,2
118,2011-01-06 00:00:00,1,0,1,2,FALSE,4,1,0.16,117,0.2273,0.64,0,1970-01-01 00:00:00,2,2,810,2011-02-06 00:00:00,1,0,2,4,FALSE,0,1,0.26,0.2273,0.6,0.3582,0,2
118,2011-01-06 00:00:00,1,0,1,2,FALSE,4,1,0.16,117,0.2273,0.64,0,1970-01-01 00:00:00,2,2,834,2011-02-07 00:00:00,1,0,2,4,FALSE,1,1,0.2,0.2576,0.86,0,1,1
118,2011-01-06 00:00:00,1,0,1,2,FALSE,4,1,0.16,117,0.2273,0.64,0,1970-01-01 00:00:00,2,2,856,2011-02-08 00:00:00,1,0,2,2,FALSE,2,2,0.26,0.2727,0.93,0.1045,1,1
118,2011-01-06 00:00:00,1,0,1,2,FALSE,4,1,0.16,117,0.2273,0.64,0,1970-01-01 00:00:00,2,2,859,2011-02-08 00:00:00,1,0,2,5,FALSE,2,1,0.26,0.2273,0.81,0.3284,0,2
118,2011-01-06 00:00:00,1,0,1,2,FALSE,4,1,0.16,117,0.2273,0.64,0,1970-01-01 00:00:00,2,2,881,2011-02-09 00:00:00,1,0,2,3,FALSE,3,1,0.06,0.0758,0.45,0.1343,0,2
118,2011-01-06 00:00:00,1,0,1,2,FALSE,4,1,0.16,117,0.2273,0.64,0,1970-01-01 00:00:00,2,2,952,2011-02-12 00:00:00,1,0,2,6,FALSE,6,1,0.12,0.1364,0.93,0.194,1,1
118,2011-01-06 00:00:00,1,0,1,2,FALSE,4,1,0.16,117,0.2273,0.64,0,1970-01-01 00:00:00,2,2,974,2011-02-13 00:00:00,1,0,2,4,FALSE,0,2,0.2,0.2121,0.69,0.1642,0,2
118,2011-01-06 00:00:00,1,0,1,2,FALSE,4,1,0.16,117,0.2273,0.64,0,1970-01-01 00:00:00,2,2,995,2011-02-14 00:00:00,1,0,2,2,FALSE,1,1,0.36,0.3333,0.4,0.2985,0,2
118,2011-01-06 00:00:00,1,0,1,2,FALSE,4,1,0.16,117,0.2273,0.64,0,1970-01-01 00:00:00,2,2,996,2011-02-14 00:00:00,1,0,2,3,FALSE,1,1,0.34,0.3182,0.46,0.2239,1,1
118,2011-01-06 00:00:00,1,0,1,2,FALSE,4,1,0.16,117,0.2273,0.64,0,1970-01-01 00:00:00,2,2,997,2011-02-14 00:00:00,1,0,2,4,FALSE,1,1,0.32,0.303,0.53,0.2836,0,2
168,2011-01-08 00:00:00,1,0,1,6,FALSE,6,2,0.16,167,0.1667,0.74,0.1642,1970-01-01 00:00:00,2,2,624,2011-01-29 00:00:00,1,0,1,6,FALSE,6,1,0.16,0.1818,0.64,0.1343,0,2
168,2011-01-08 00:00:00,1,0,1,6,FALSE,6,2,0.16,167,0.1667,0.74,0.1642,1970-01-01 00:00:00,2,2,668,2011-01-31 00:00:00,1,0,1,3,FALSE,1,1,0.22,0.2273,0.64,0.194,0,2
168,2011-01-08 00:00:00,1,0,1,6,FALSE,6,2,0.16,167,0.1667,0.74,0.1642,1970-01-01 00:00:00,2,2,669,2011-01-31 00:00:00,1,0,1,4,FALSE,1,1,0.2,0.197,0.59,0.2239,0,2
168,2011-01-08 00:00:00,1,0,1,6,FALSE,6,2,0.16,167,0.1667,0.74,0.1642,1970-01-01 00:00:00,2,2,691,2011-02-01 00:00:00,1,0,2,2,FALSE,2,2,0.16,0.2273,0.69,0,0,2
168,2011-01-08 00:00:00,1,0,1,6,FALSE,6,2,0.16,167,0.1667,0.74,0.1642,1970-01-01 00:00:00,2,2,692,2011-02-01 00:00:00,1,0,2,3,FALSE,2,2,0.16,0.2273,0.69,0,0,2
168,2011-01-08 00:00:00,1,0,1,6,FALSE,6,2,0.16,167,0.1667,0.74,0.1642,1970-01-01 00:00:00,2,2,712,2011-02-02 00:00:00,1,0,2,0,FALSE,3,3,0.22,0.2424,0.93,0.1045,0,2
168,2011-01-08 00:00:00,1,0,1,6,FALSE,6,2,0.16,167,0.1667,0.74,0.1642,1970-01-01 00:00:00,2,2,738,2011-02-03 00:00:00,1,0,2,2,FALSE,4,1,0.18,0.1667,0.43,0.2537,0,2
168,2011-01-08 00:00:00,1,0,1,6,FALSE,6,2,0.16,167,0.1667,0.74,0.1642,1970-01-01 00:00:00,2,2,740,2011-02-03 00:00:00,1,0,2,5,FALSE,4,1,0.16,0.1364,0.5,0.2985,0,2
168,2011-01-08 00:00:00,1,0,1,6,FALSE,6,2,0.16,167,0.1667,0.74,0.1642,1970-01-01 00:00:00,2,2,810,2011-02-06 00:00:00,1,0,2,4,FALSE,0,1,0.26,0.2273,0.6,0.3582,0,2
168,2011-01-08 00:00:00,1,0,1,6,FALSE,6,2,0.16,167,0.1667,0.74,0.1642,1970-01-01 00:00:00,2,2,834,2011-02-07 00:00:00,1,0,2,4,FALSE,1,1,0.2,0.2576,0.86,0,1,1
168,2011-01-08 00:00:00,1,0,1,6,FALSE,6,2,0.16,167,0.1667,0.74,0.1642,1970-01-01 00:00:00,2,2,856,2011-02-08 00:00:00,1,0,2,2,FALSE,2,2,0.26,0.2727,0.93,0.1045,1,1
168,2011-01-08 00:00:00,1,0,1,6,FALSE,6,2,0.16,167,0.1667,0.74,0.1642,1970-01-01 00:00:00,2,2,859,2011-02-08 00:00:00,1,0,2,5,FALSE,2,1,0.26,0.2273,0.81,0.3284,0,2
168,2011-01-08 00:00:00,1,0,1,6,FALSE,6,2,0.16,167,0.1667,0.74,0.1642,1970-01-01 00:00:00,2,2,881,2011-02-09 00:00:00,1,0,2,3,FALSE,3,1,0.06,0.0758,0.45,0.1343,0,2
168,2011-01-08 00:00:00,1,0,1,6,FALSE,6,2,0.16,167,0.1667,0.74,0.1642,1970-01-01 00:00:00,2,2,952,2011-02-12 00:00:00,1,0,2,6,FALSE,6,1,0.12,0.1364,0.93,0.194,1,1
168,2011-01-08 00:00:00,1,0,1,6,FALSE,6,2,0.16,167,0.1667,0.74,0.1642,1970-01-01 00:00:00,2,2,974,2011-02-13 00:00:00,1,0,2,4,FALSE,0,2,0.2,0.2121,0.69,0.1642,0,2
168,2011-01-08 00:00:00,1,0,1,6,FALSE,6,2,0.16,167,0.1667,0.74,0.1642,1970-01-01 00:00:00,2,2,995,2011-02-14 00:00:00,1,0,2,2,FALSE,1,1,0.36,0.3333,0.4,0.2985,0,2
168,2011-01-08 00:00:00,1,0,1,6,FALSE,6,2,0.16,167,0.1667,0.74,0.1642,1970-01-01 00:00:00,2,2,996,2011-02-14 00:00:00,1,0,2,3,FALSE,1,1,0.34,0.3182,0.46,0.2239,1,1
168,2011-01-08 00:00:00,1,0,1,6,FALSE,6,2,0.16,167,0.1667,0.74,0.1642,1970-01-01 00:00:00,2,2,997,2011-02-14 00:00:00,1,0,2,4,FALSE,1,1,0.32,0.303,0.53,0.2836,0,2
279,2011-01-13 00:00:00,1,0,1,1,FALSE,4,1,0.14,278,0.1212,0.5,0.2836,1970-01-01 00:00:00,2,2,624,2011-01-29 00:00:00,1,0,1,6,FALSE,6,1,0.16,0.1818,0.64,0.1343,0,2
279,2011-01-13 00:00:00,1,0,1,1,FALSE,4,1,0.14,278,0.1212,0.5,0.2836,1970-01-01 00:00:00,2,2,668,2011-01-31 00:00:00,1,0,1,3,FALSE,1,1,0.22,0.2273,0.64,0.194,0,2
279,2011-01-13 00:00:00,1,0,1,1,FALSE,4,1,0.14,278,0.1212,0.5,0.2836,1970-01-01 00:00:00,2,2,669,2011-01-31 00:00:00,1,0,1,4,FALSE,1,1,0.2,0.197,0.59,0.2239,0,2
279,2011-01-13 00:00:00,1,0,1,1,FALSE,4,1,0.14,278,0.1212,0.5,0.2836,1970-01-01 00:00:00,2,2,691,2011-02-01 00:00:00,1,0,2,2,FALSE,2,2,0.16,0.2273,0.69,0,0,2
279,2011-01-13 00:00:00,1,0,1,1,FALSE,4,1,0.14,278,0.1212,0.5,0.2836,1970-01-01 00:00:00,2,2,692,2011-02-01 00:00:00,1,0,2,3,FALSE,2,2,0.16,0.2273,0.69,0,0,2
279,2011-01-13 00:00:00,1,0,1,1,FALSE,4,1,0.14,278,0.1212,0.5,0.2836,1970-01-01 00:00:00,2,2,712,2011-02-02 00:00:00,1,0,2,0,FALSE,3,3,0.22,0.2424,0.93,0.1045,0,2
279,2011-01-13 00:00:00,1,0,1,1,FALSE,4,1,0.14,278,0.1212,0.5,0.2836,1970-01-01 00:00:00,2,2,738,2011-02-03 00:00:00,1,0,2,2,FALSE,4,1,0.18,0.1667,0.43,0.2537,0,2
279,2011-01-13 00:00:00,1,0,1,1,FALSE,4,1,0.14,278,0.1212,0.5,0.2836,1970-01-01 00:00:00,2,2,740,2011-02-03 00:00:00,1,0,2,5,FALSE,4,1,0.16,0.1364,0.5,0.2985,0,2
279,2011-01-13 00:00:00,1,0,1,1,FALSE,4,1,0.14,278,0.1212,0.5,0.2836,1970-01-01 00:00:00,2,2,810,2011-02-06 00:00:00,1,0,2,4,FALSE,0,1,0.26,0.2273,0.6,0.3582,0,2
279,2011-01-13 00:00:00,1,0,1,1,FALSE,4,1,0.14,278,0.1212,0.5,0.2836,1970-01-01 00:00:00,2,2,834,2011-02-07 00:00:00,1,0,2,4,FALSE,1,1,0.2,0.2576,0.86,0,1,1
279,2011-01-13 00:00:00,1,0,1,1,FALSE,4,1,0.14,278,0.1212,0.5,0.2836,1970-01-01 00:00:00,2,2,856,2011-02-08 00:00:00,1,0,2,2,FALSE,2,2,0.26,0.2727,0.93,0.1045,1,1
279,2011-01-13 00:00:00,1,0,1,1,FALSE,4,1,0.14,278,0.1212,0.5,0.2836,1970-01-01 00:00:00,2,2,859,2011-02-08 00:00:00,1,0,2,5,FALSE,2,1,0.26,0.2273,0.81,0.3284,0,2
279,2011-01-13 00:00:00,1,0,1,1,FALSE,4,1,0.14,278,0.1212,0.5,0.2836,1970-01-01 00:00:00,2,2,881,2011-02-09 00:00:00,1,0,2,3,FALSE,3,1,0.06,0.0758,0.45,0.1343,0,2
279,2011-01-13 00:00:00,1,0,1,1,FALSE,4,1,0.14,278,0.1212,0.5,0.2836,1970-01-01 00:00:00,2,2,952,2011-02-12 00:00:00,1,0,2,6,FALSE,6,1,0.12,0.1364,0.93,0.194,1,1
279,2011-01-13 00:00:00,1,0,1,1,FALSE,4,1,0.14,278,0.1212,0.5,0.2836,1970-01-01 00:00:00,2,2,974,2011-02-13 00:00:00,1,0,2,4,FALSE,0,2,0.2,0.2121,0.69,0.1642,0,2
279,2011-01-13 00:00:00,1,0,1,1,FALSE,4,1,0.14,278,0.1212,0.5,0.2836,1970-01-01 00:00:00,2,2,995,2011-02-14 00:00:00,1,0,2,2,FALSE,1,1,0.36,0.3333,0.4,0.2985,0,2
279,2011-01-13 00:00:00,1,0,1,1,FALSE,4,1,0.14,278,0.1212,0.5,0.2836,1970-01-01 00:00:00,2,2,996,2011-02-14 00:00:00,1,0,2,3,FALSE,1,1,0.34,0.3182,0.46,0.2239,1,1
279,2011-01-13 00:00:00,1,0,1,1,FALSE,4,1,0.14,278,0.1212,0.5,0.2836,1970-01-01 00:00:00,2,2,997,2011-02-14 00:00:00,1,0,2,4,FALSE,1,1,0.32,0.303,0.53,0.2836,0,2
280,2011-01-13 00:00:00,1,0,1,2,FALSE,4,1,0.14,279,0.1212,0.5,0.3582,1970-01-01 00:00:00,2,2,624,2011-01-29 00:00:00,1,0,1,6,FALSE,6,1,0.16,0.1818,0.64,0.1343,0,2
280,2011-01-13 00:00:00,1,0,1,2,FALSE,4,1,0.14,279,0.1212,0.5,0.3582,1970-01-01 00:00:00,2,2,668,2011-01-31 00:00:00,1,0,1,3,FALSE,1,1,0.22,0.2273,0.64,0.194,0,2
280,2011-01-13 00:00:00,1,0,1,2,FALSE,4,1,0.14,279,0.1212,0.5,0.3582,1970-01-01 00:00:00,2,2,669,2011-01-31 00:00:00,1,0,1,4,FALSE,1,1,0.2,0.197,0.59,0.2239,0,2
280,2011-01-13 00:00:00,1,0,1,2,FALSE,4,1,0.14,279,0.1212,0.5,0.3582,1970-01-01 00:00:00,2,2,691,2011-02-01 00:00:00,1,0,2,2,FALSE,2,2,0.16,0.2273,0.69,0,0,2
280,2011-01-13 00:00:00,1,0,1,2,FALSE,4,1,0.14,279,0.1212,0.5,0.3582,1970-01-01 00:00:00,2,2,692,2011-02-01 00:00:00,1,0,2,3,FALSE,2,2,0.16,0.2273,0.69,0,0,2
280,2011-01-13 00:00:00,1,0,1,2,FALSE,4,1,0.14,279,0.1212,0.5,0.3582,1970-01-01 00:00:00,2,2,712,2011-02-02 00:00:00,1,0,2,0,FALSE,3,3,0.22,0.2424,0.93,0.1045,0,2
280,2011-01-13 00:00:00,1,0,1,2,FALSE,4,1,0.14,279,0.1212,0.5,0.3582,1970-01-01 00:00:00,2,2,738,2011-02-03 00:00:00,1,0,2,2,FALSE,4,1,0.18,0.1667,0.43,0.2537,0,2
280,2011-01-13 00:00:00,1,0,1,2,FALSE,4,1,0.14,279,0.1212,0.5,0.3582,1970-01-01 00:00:00,2,2,740,2011-02-03 00:00:00,1,0,2,5,FALSE,4,1,0.16,0.1364,0.5,0.2985,0,2
280,2011-01-13 00:00:00,1,0,1,2,FALSE,4,1,0.14,279,0.1212,0.5,0.3582,1970-01-01 00:00:00,2,2,810,2011-02-06 00:00:00,1,0,2,4,FALSE,0,1,0.26,0.2273,0.6,0.3582,0,2
280,2011-01-13 00:00:00,1,0,1,2,FALSE,4,1,0.14,279,0.1212,0.5,0.3582,1970-01-01 00:00:00,2,2,834,2011-02-07 00:00:00,1,0,2,4,FALSE,1,1,0.2,0.2576,0.86,0,1,1
280,2011-01-13 00:00:00,1,0,1,2,FALSE,4,1,0.14,279,0.1212,0.5,0.3582,1970-01-01 00:00:00,2,2,856,2011-02-08 00:00:00,1,0,2,2,FALSE,2,2,0.26,0.2727,0.93,0.1045,1,1
280,2011-01-13 00:00:00,1,0,1,2,FALSE,4,1,0.14,279,0.1212,0.5,0.3582,1970-01-01 00:00:00,2,2,859,2011-02-08 00:00:00,1,0,2,5,FALSE,2,1,0.26,0.2273,0.81,0.3284,0,2
280,2011-01-13 00:00:00,1,0,1,2,FALSE,4,1,0.14,279,0.1212,0.5,0.3582,1970-01-01 00:00:00,2,2,881,2011-02-09 00:00:00,1,0,2,3,FALSE,3,1,0.06,0.0758,0.45,0.1343,0,2
280,2011-01-13 00:00:00,1,0,1,2,FALSE,4,1,0.14,279,0.1212,0.5,0.3582,1970-01-01 00:00:00,2,2,952,2011-02-12 00:00:00,1,0,2,6,FALSE,6,1,0.12,0.1364,0.93,0.194,1,1
280,2011-01-13 00:00:00,1,0,1,2,FALSE,4,1,0.14,279,0.1212,0.5,0.3582,1970-01-01 00:00:00,2,2,974,2011-02-13 00:00:00,1,0,2,4,FALSE,0,2,0.2,0.2121,0.69,0.1642,0,2
280,2011-01-13 00:00:00,1,0,1,2,FALSE,4,1,0.14,279,0.1212,0.5,0.3582,1970-01-01 00:00:00,2,2,995,2011-02-14 00:00:00,1,0,2,2,FALSE,1,1,0.36,0.3333,0.4,0.2985,0,2
280,2011-01-13 00:00:00,1,0,1,2,FALSE,4,1,0.14,279,0.1212,0.5,0.3582,1970-01-01 00:00:00,2,2,996,2011-02-14 00:00:00,1,0,2,3,FALSE,1,1,0.34,0.3182,0.46,0.2239,1,1
280,2011-01-13 00:00:00,1,0,1,2,FALSE,4,1,0.14,279,0.1212,0.5,0.3582,1970-01-01 00:00:00,2,2,997,2011-02-14 00:00:00,1,0,2,4,FALSE,1,1,0.32,0.303,0.53,0.2836,0,2
354,2011-01-16 00:00:00,1,0,1,5,FALSE,0,2,0.26,353,0.2576,0.56,0.1642,1970-01-01 00:00:00,1,2,624,2011-01-29 00:00:00,1,0,1,6,FALSE,6,1,0.16,0.1818,0.64,0.1343,0,2
354,2011-01-16 00:00:00,1,0,1,5,FALSE,0,2,0.26,353,0.2576,0.56,0.1642,1970-01-01 00:00:00,1,2,668,2011-01-31 00:00:00,1,0,1,3,FALSE,1,1,0.22,0.2273,0.64,0.194,0,2
354,2011-01-16 00:00:00,1,0,1,5,FALSE,0,2,0.26,353,0.2576,0.56,0.1642,1970-01-01 00:00:00,1,2,669,2011-01-31 00:00:00,1,0,1,4,FALSE,1,1,0.2,0.197,0.59,0.2239,0,2
354,2011-01-16 00:00:00,1,0,1,5,FALSE,0,2,0.26,353,0.2576,0.56,0.1642,1970-01-01 00:00:00,1,2,691,2011-02-01 00:00:00,1,0,2,2,FALSE,2,2,0.16,0.2273,0.69,0,0,2
354,2011-01-16 00:00:00,1,0,1,5,FALSE,0,2,0.26,353,0.2576,0.56,0.1642,1970-01-01 00:00:00,1,2,692,2011-02-01 00:00:00,1,0,2,3,FALSE,2,2,0.16,0.2273,0.69,0,0,2
354,2011-01-16 00:00:00,1,0,1,5,FALSE,0,2,0.26,353,0.2576,0.56,0.1642,1970-01-01 00:00:00,1,2,712,2011-02-02 00:00:00,1,0,2,0,FALSE,3,3,0.22,0.2424,0.93,0.1045,0,2
354,2011-01-16 00:00:00,1,0,1,5,FALSE,0,2,0.26,353,0.2576,0.56,0.1642,1970-01-01 00:00:00,1,2,738,2011-02-03 00:00:00,1,0,2,2,FALSE,4,1,0.18,0.1667,0.43,0.2537,0,2
354,2011-01-16 00:00:00,1,0,1,5,FALSE,0,2,0.26,353,0.2576,0.56,0.1642,1970-01-01 00:00:00,1,2,740,2011-02-03 00:00:00,1,0,2,5,FALSE,4,1,0.16,0.1364,0.5,0.2985,0,2
354,2011-01-16 00:00:00,1,0,1,5,FALSE,0,2,0.26,353,0.2576,0.56,0.1642,1970-01-01 00:00:00,1,2,810,2011-02-06 00:00:00,1,0,2,4,FALSE,0,1,0.26,0.2273,0.6,0.3582,0,2
354,2011-01-16 00:00:00,1,0,1,5,FALSE,0,2,0.26,353,0.2576,0.56,0.1642,1970-01-01 00:00:00,1,2,834,2011-02-07 00:00:00,1,0,2,4,FALSE,1,1,0.2,0.2576,0.86,0,1,1
354,2011-01-16 00:00:00,1,0,1,5,FALSE,0,2,0.26,353,0.2576,0.56,0.1642,1970-01-01 00:00:00,1,2,856,2011-02-08 00:00:00,1,0,2,2,FALSE,2,2,0.26,0.2727,0.93,0.1045,1,1
354,2011-01-16 00:00:00,1,0,1,5,FALSE,0,2,0.26,353,0.2576,0.56,0.1642,1970-01-01 00:00:00,1,2,859,2011-02-08 00:00:00,1,0,2,5,FALSE,2,1,0.26,0.2273,0.81,0.3284,0,2
354,2011-01-16 00:00:00,1,0,1,5,FALSE,0,2,0.26,353,0.2576,0.56,0.1642,1970-01-01 00:00:00,1,2,881,2011-02-09 00:00:00,1,0,2,3,FALSE,3,1,0.06,0.0758,0.45,0.1343,0,2
354,2011-01-16 00:00:00,1,0,1,5,FALSE,0,2,0.26,353,0.2576,0.56,0.1642,1970-01-01 00:00:00,1,2,952,2011-02-12 00:00:00,1,0,2,6,FALSE,6,1,0.12,0.1364,0.93,0.194,1,1
354,2011-01-16 00:00:00,1,0,1,5,FALSE,0,2,0.26,353,0.2576,0.56,0.1642,1970-01-01 00:00:00,1,2,974,2011-02-13 00:00:00,1,0,2,4,FALSE,0,2,0.2,0.2121,0.69,0.1642,0,2
354,2011-01-16 00:00:00,1,0,1,5,FALSE,0,2,0.26,353,0.2576,0.56,0.1642,1970-01-01 00:00:00,1,2,995,2011-02-14 00:00:00,1,0,2,2,FALSE,1,1,0.36,0.3333,0.4,0.2985,0,2
354,2011-01-16 00:00:00,1,0,1,5,FALSE,0,2,0.26,353,0.2576,0.56,0.1642,1970-01-01 00:00:00,1,2,996,2011-02-14 00:00:00,1,0,2,3,FALSE,1,1,0.34,0.3182,0.46,0.2239,1,1
354,2011-01-16 00:00:00,1,0,1,5,FALSE,0,2,0.26,353,0.2576,0.56,0.1642,1970-01-01 00:00:00,1,2,997,2011-02-14 00:00:00,1,0,2,4,FALSE,1,1,0.32,0.303,0.53,0.2836,0,2
376,2011-01-17 00:00:00,1,0,1,3,TRUE,1,2,0.18,375,0.1818,0.43,0.194,1970-01-01 00:00:00,2,2,624,2011-01-29 00:00:00,1,0,1,6,FALSE,6,1,0.16,0.1818,0.64,0.1343,0,2
376,2011-01-17 00:00:00,1,0,1,3,TRUE,1,2,0.18,375,0.1818,0.43,0.194,1970-01-01 00:00:00,2,2,668,2011-01-31 00:00:00,1,0,1,3,FALSE,1,1,0.22,0.2273,0.64,0.194,0,2
376,2011-01-17 00:00:00,1,0,1,3,TRUE,1,2,0.18,375,0.1818,0.43,0.194,1970-01-01 00:00:00,2,2,669,2011-01-31 00:00:00,1,0,1,4,FALSE,1,1,0.2,0.197,0.59,0.2239,0,2
376,2011-01-17 00:00:00,1,0,1,3,TRUE,1,2,0.18,375,0.1818,0.43,0.194,1970-01-01 00:00:00,2,2,691,2011-02-01 00:00:00,1,0,2,2,FALSE,2,2,0.16,0.2273,0.69,0,0,2
376,2011-01-17 00:00:00,1,0,1,3,TRUE,1,2,0.18,375,0.1818,0.43,0.194,1970-01-01 00:00:00,2,2,692,2011-02-01 00:00:00,1,0,2,3,FALSE,2,2,0.16,0.2273,0.69,0,0,2
376,2011-01-17 00:00:00,1,0,1,3,TRUE,1,2,0.18,375,0.1818,0.43,0.194,1970-01-01 00:00:00,2,2,712,2011-02-02 00:00:00,1,0,2,0,FALSE,3,3,0.22,0.2424,0.93,0.1045,0,2
376,2011-01-17 00:00:00,1,0,1,3,TRUE,1,2,0.18,375,0.1818,0.43,0.194,1970-01-01 00:00:00,2,2,738,2011-02-03 00:00:00,1,0,2,2,FALSE,4,1,0.18,0.1667,0.43,0.2537,0,2
376,2011-01-17 00:00:00,1,0,1,3,TRUE,1,2,0.18,375,0.1818,0.43,0.194,1970-01-01 00:00:00,2,2,740,2011-02-03 00:00:00,1,0,2,5,FALSE,4,1,0.16,0.1364,0.5,0.2985,0,2
376,2011-01-17 00:00:00,1,0,1,3,TRUE,1,2,0.18,375,0.1818,0.43,0.194,1970-01-01 00:00:00,2,2,810,2011-02-06 00:00:00,1,0,2,4,FALSE,0,1,0.26,0.2273,0.6,0.3582,0,2
376,2011-01-17 00:00:00,1,0,1,3,TRUE,1,2,0.18,375,0.1818,0.43,0.194,1970-01-01 00:00:00,2,2,834,2011-02-07 00:00:00,1,0,2,4,FALSE,1,1,0.2,0.2576,0.86,0,1,1
376,2011-01-17 00:00:00,1,0,1,3,TRUE,1,2,0.18,375,0.1818,0.43,0.194,1970-01-01 00:00:00,2,2,856,2011-02-08 00:00:00,1,0,2,2,FALSE,2,2,0.26,0.2727,0.93,0.1045,1,1
376,2011-01-17 00:00:00,1,0,1,3,TRUE,1,2,0.18,375,0.1818,0.43,0.194,1970-01-01 00:00:00,2,2,859,2011-02-08 00:00:00,1,0,2,5,FALSE,2,1,0.26,0.2273,0.81,0.3284,0,2
376,2011-01-17 00:00:00,1,0,1,3,TRUE,1,2,0.18,375,0.1818,0.43,0.194,1970-01-01 00:00:00,2,2,881,2011-02-09 00:00:00,1,0,2,3,FALSE,3,1,0.06,0.0758,0.45,0.1343,0,2
376,2011-01-17 00:00:00,1,0,1,3,TRUE,1,2,0.18,375,0.1818,0.43,0.194,1970-01-01 00:00:00,2,2,952,2011-02-12 00:00:00,1,0,2,6,FALSE,6,1,0.12,0.1364,0.93,0.194,1,1
376,2011-01-17 00:00:00,1,0,1,3,TRUE,1,2,0.18,375,0.1818,0.43,0.194,1970-01-01 00:00:00,2,2,974,2011-02-13 00:00:00,1,0,2,4,FALSE,0,2,0.2,0.2121,0.69,0.1642,0,2
376,2011-01-17 00:00:00,1,0,1,3,TRUE,1,2,0.18,375,0.1818,0.43,0.194,1970-01-01 00:00:00,2,2,995,2011-02-14 00:00:00,1,0,2,2,FALSE,1,1,0.36,0.3333,0.4,0.2985,0,2
376,2011-01-17 00:00:00,1,0,1,3,TRUE,1,2,0.18,375,0.1818,0.43,0.194,1970-01-01 00:00:00,2,2,996,2011-02-14 00:00:00,1,0,2,3,FALSE,1,1,0.34,0.3182,0.46,0.2239,1,1
376,2011-01-17 00:00:00,1,0,1,3,TRUE,1,2,0.18,375,0.1818,0.43,0.194,1970-01-01 00:00:00,2,2,997,2011-02-14 00:00:00,1,0,2,4,FALSE,1,1,0.32,0.303,0.53,0.2836,0,2
412,2011-01-19 00:00:00,1,0,1,4,FALSE,3,3,0.22,411,0.2273,0.93,0.1343,1970-01-01 00:00:00,1,2,624,2011-01-29 00:00:00,1,0,1,6,FALSE,6,1,0.16,0.1818,0.64,0.1343,0,2
412,2011-01-19 00:00:00,1,0,1,4,FALSE,3,3,0.22,411,0.2273,0.93,0.1343,1970-01-01 00:00:00,1,2,668,2011-01-31 00:00:00,1,0,1,3,FALSE,1,1,0.22,0.2273,0.64,0.194,0,2
412,2011-01-19 00:00:00,1,0,1,4,FALSE,3,3,0.22,411,0.2273,0.93,0.1343,1970-01-01 00:00:00,1,2,669,2011-01-31 00:00:00,1,0,1,4,FALSE,1,1,0.2,0.197,0.59,0.2239,0,2
412,2011-01-19 00:00:00,1,0,1,4,FALSE,3,3,0.22,411,0.2273,0.93,0.1343,1970-01-01 00:00:00,1,2,691,2011-02-01 00:00:00,1,0,2,2,FALSE,2,2,0.16,0.2273,0.69,0,0,2
412,2011-01-19 00:00:00,1,0,1,4,FALSE,3,3,0.22,411,0.2273,0.93,0.1343,1970-01-01 00:00:00,1,2,692,2011-02-01 00:00:00,1,0,2,3,FALSE,2,2,0.16,0.2273,0.69,0,0,2
412,2011-01-19 00:00:00,1,0,1,4,FALSE,3,3,0.22,411,0.2273,0.93,0.1343,1970-01-01 00:00:00,1,2,712,2011-02-02 00:00:00,1,0,2,0,FALSE,3,3,0.22,0.2424,0.93,0.1045,0,2
412,2011-01-19 00:00:00,1,0,1,4,FALSE,3,3,0.22,411,0.2273,0.93,0.1343,1970-01-01 00:00:00,1,2,738,2011-02-03 00:00:00,1,0,2,2,FALSE,4,1,0.18,0.1667,0.43,0.2537,0,2
412,2011-01-19 00:00:00,1,0,1,4,FALSE,3,3,0.22,411,0.2273,0.93,0.1343,1970-01-01 00:00:00,1,2,740,2011-02-03 00:00:00,1,0,2,5,FALSE,4,1,0.16,0.1364,0.5,0.2985,0,2
412,2011-01-19 00:00:00,1,0,1,4,FALSE,3,3,0.22,411,0.2273,0.93,0.1343,1970-01-01 00:00:00,1,2,810,2011-02-06 00:00:00,1,0,2,4,FALSE,0,1,0.26,0.2273,0.6,0.3582,0,2
412,2011-01-19 00:00:00,1,0,1,4,FALSE,3,3,0.22,411,0.2273,0.93,0.1343,1970-01-01 00:00:00,1,2,834,2011-02-07 00:00:00,1,0,2,4,FALSE,1,1,0.2,0.2576,0.86,0,1,1
412,2011-01-19 00:00:00,1,0,1,4,FALSE,3,3,0.22,411,0.2273,0.93,0.1343,1970-01-01 00:00:00,1,2,856,2011-02-08 00:00:00,1,0,2,2,FALSE,2,2,0.26,0.2727,0.93,0.1045,1,1
412,2011-01-19 00:00:00,1,0,1,4,FALSE,3,3,0.22,411,0.2273,0.93,0.1343,1970-01-01 00:00:00,1,2,859,2011-02-08 00:00:00,1,0,2,5,FALSE,2,1,0.26,0.2273,0.81,0.3284,0,2
412,2011-01-19 00:00:00,1,0,1,4,FALSE,3,3,0.22,411,0.2273,0.93,0.1343,1970-01-01 00:00:00,1,2,881,2011-02-09 00:00:00,1,0,2,3,FALSE,3,1,0.06,0.0758,0.45,0.1343,0,2
412,2011-01-19 00:00:00,1,0,1,4,FALSE,3,3,0.22,411,0.2273,0.93,0.1343,1970-01-01 00:00:00,1,2,952,2011-02-12 00:00:00,1,0,2,6,FALSE,6,1,0.12,0.1364,0.93,0.194,1,1
412,2011-01-19 00:00:00,1,0,1,4,FALSE,3,3,0.22,411,0.2273,0.93,0.1343,1970-01-01 00:00:00,1,2,974,2011-02-13 00:00:00,1,0,2,4,FALSE,0,2,0.2,0.2121,0.69,0.1642,0,2
412,2011-01-19 00:00:00,1,0,1,4,FALSE,3,3,0.22,411,0.2273,0.93,0.1343,1970-01-01 00:00:00,1,2,995,2011-02-14 00:00:00,1,0,2,2,FALSE,1,1,0.36,0.3333,0.4,0.2985,0,2
412,2011-01-19 00:00:00,1,0,1,4,FALSE,3,3,0.22,411,0.2273,0.93,0.1343,1970-01-01 00:00:00,1,2,996,2011-02-14 00:00:00,1,0,2,3,FALSE,1,1,0.34,0.3182,0.46,0.2239,1,1
412,2011-01-19 00:00:00,1,0,1,4,FALSE,3,3,0.22,411,0.2273,0.93,0.1343,1970-01-01 00:00:00,1,2,997,2011-02-14 00:00:00,1,0,2,4,FALSE,1,1,0.32,0.303,0.53,0.2836,0,2
434,2011-01-20 00:00:00,1,0,1,2,FALSE,4,1,0.26,433,0.2727,0.56,0,1970-01-01 00:00:00,2,2,624,2011-01-29 00:00:00,1,0,1,6,FALSE,6,1,0.16,0.1818,0.64,0.1343,0,2
434,2011-01-20 00:00:00,1,0,1,2,FALSE,4,1,0.26,433,0.2727,0.56,0,1970-01-01 00:00:00,2,2,668,2011-01-31 00:00:00,1,0,1,3,FALSE,1,1,0.22,0.2273,0.64,0.194,0,2
434,2011-01-20 00:00:00,1,0,1,2,FALSE,4,1,0.26,433,0.2727,0.56,0,1970-01-01 00:00:00,2,2,669,2011-01-31 00:00:00,1,0,1,4,FALSE,1,1,0.2,0.197,0.59,0.2239,0,2
434,2011-01-20 00:00:00,1,0,1,2,FALSE,4,1,0.26,433,0.2727,0.56,0,1970-01-01 00:00:00,2,2,691,2011-02-01 00:00:00,1,0,2,2,FALSE,2,2,0.16,0.2273,0.69,0,0,2
434,2011-01-20 00:00:00,1,0,1,2,FALSE,4,1,0.26,433,0.2727,0.56,0,1970-01-01 00:00:00,2,2,692,2011-02-01 00:00:00,1,0,2,3,FALSE,2,2,0.16,0.2273,0.69,0,0,2
434,2011-01-20 00:00:00,1,0,1,2,FALSE,4,1,0.26,433,0.2727,0.56,0,1970-01-01 00:00:00,2,2,712,2011-02-02 00:00:00,1,0,2,0,FALSE,3,3,0.22,0.2424,0.93,0.1045,0,2
434,2011-01-20 00:00:00,1,0,1,2,FALSE,4,1,0.26,433,0.2727,0.56,0,1970-01-01 00:00:00,2,2,738,2011-02-03 00:00:00,1,0,2,2,FALSE,4,1,0.18,0.1667,0.43,0.2537,0,2
434,2011-01-20 00:00:00,1,0,1,2,FALSE,4,1,0.26,433,0.2727,0.56,0,1970-01-01 00:00:00,2,2,740,2011-02-03 00:00:00,1,0,2,5,FALSE,4,1,0.16,0.1364,0.5,0.2985,0,2
434,2011-01-20 00:00:00,1,0,1,2,FALSE,4,1,0.26,433,0.2727,0.56,0,1970-01-01 00:00:00,2,2,810,2011-02-06 00:00:00,1,0,2,4,FALSE,0,1,0.26,0.2273,0.6,0.3582,0,2
434,2011-01-20 00:00:00,1,0,1,2,FALSE,4,1,0.26,433,0.2727,0.56,0,1970-01-01 00:00:00,2,2,834,2011-02-07 00:00:00,1,0,2,4,FALSE,1,1,0.2,0.2576,0.86,0,1,1
434,2011-01-20 00:00:00,1,0,1,2,FALSE,4,1,0.26,433,0.2727,0.56,0,1970-01-01 00:00:00,2,2,856,2011-02-08 00:00:00,1,0,2,2,FALSE,2,2,0.26,0.2727,0.93,0.1045,1,1
434,2011-01-20 00:00:00,1,0,1,2,FALSE,4,1,0.26,433,0.2727,0.56,0,1970-01-01 00:00:00,2,2,859,2011-02-08 00:00:00,1,0,2,5,FALSE,2,1,0.26,0.2273,0.81,0.3284,0,2
434,2011-01-20 00:00:00,1,0,1,2,FALSE,4,1,0.26,433,0.2727,0.56,0,1970-01-01 00:00:00,2,2,881,2011-02-09 00:00:00,1,0,2,3,FALSE,3,1,0.06,0.0758,0.45,0.1343,0,2
434,2011-01-20 00:00:00,1,0,1,2,FALSE,4,1,0.26,433,0.2727,0.56,0,1970-01-01 00:00:00,2,2,952,2011-02-12 00:00:00,1,0,2,6,FALSE,6,1,0.12,0.1364,0.93,0.194,1,1
434,2011-01-20 00:00:00,1,0,1,2,FALSE,4,1,0.26,433,0.2727,0.56,0,1970-01-01 00:00:00,2,2,974,2011-02-13 00:00:00,1,0,2,4,FALSE,0,2,0.2,0.2121,0.69,0.1642,0,2
434,2011-01-20 00:00:00,1,0,1,2,FALSE,4,1,0.26,433,0.2727,0.56,0,1970-01-01 00:00:00,2,2,995,2011-02-14 00:00:00,1,0,2,2,FALSE,1,1,0.36,0.3333,0.4,0.2985,0,2
434,2011-01-20 00:00:00,1,0,1,2,FALSE,4,1,0.26,433,0.2727,0.56,0,1970-01-01 00:00:00,2,2,996,2011-02-14 00:00:00,1,0,2,3,FALSE,1,1,0.34,0.3182,0.46,0.2239,1,1
434,2011-01-20 00:00:00,1,0,1,2,FALSE,4,1,0.26,433,0.2727,0.56,0,1970-01-01 00:00:00,2,2,997,2011-02-14 00:00:00,1,0,2,4,FALSE,1,1,0.32,0.303,0.53,0.2836,0,2
458,2011-01-21 00:00:00,1,0,1,2,FALSE,5,3,0.24,457,0.2424,0.75,0.1642,1970-01-01 00:00:00,2,2,624,2011-01-29 00:00:00,1,0,1,6,FALSE,6,1,0.16,0.1818,0.64,0.1343,0,2
458,2011-01-21 00:00:00,1,0,1,2,FALSE,5,3,0.24,457,0.2424,0.75,0.1642,1970-01-01 00:00:00,2,2,668,2011-01-31 00:00:00,1,0,1,3,FALSE,1,1,0.22,0.2273,0.64,0.194,0,2
458,2011-01-21 00:00:00,1,0,1,2,FALSE,5,3,0.24,457,0.2424,0.75,0.1642,1970-01-01 00:00:00,2,2,669,2011-01-31 00:00:00,1,0,1,4,FALSE,1,1,0.2,0.197,0.59,0.2239,0,2
458,2011-01-21 00:00:00,1,0,1,2,FALSE,5,3,0.24,457,0.2424,0.75,0.1642,1970-01-01 00:00:00,2,2,691,2011-02-01 00:00:00,1,0,2,2,FALSE,2,2,0.16,0.2273,0.69,0,0,2
458,2011-01-21 00:00:00,1,0,1,2,FALSE,5,3,0.24,457,0.2424,0.75,0.1642,1970-01-01 00:00:00,2,2,692,2011-02-01 00:00:00,1,0,2,3,FALSE,2,2,0.16,0.2273,0.69,0,0,2
458,2011-01-21 00:00:00,1,0,1,2,FALSE,5,3,0.24,457,0.2424,0.75,0.1642,1970-01-01 00:00:00,2,2,712,2011-02-02 00:00:00,1,0,2,0,FALSE,3,3,0.22,0.2424,0.93,0.1045,0,2
458,2011-01-21 00:00:00,1,0,1,2,FALSE,5,3,0.24,457,0.2424,0.75,0.1642,1970-01-01 00:00:00,2,2,738,2011-02-03 00:00:00,1,0,2,2,FALSE,4,1,0.18,0.1667,0.43,0.2537,0,2
458,2011-01-21 00:00:00,1,0,1,2,FALSE,5,3,0.24,457,0.2424,0.75,0.1642,1970-01-01 00:00:00,2,2,740,2011-02-03 00:00:00,1,0,2,5,FALSE,4,1,0.16,0.1364,0.5,0.2985,0,2
458,2011-01-21 00:00:00,1,0,1,2,FALSE,5,3,0.24,457,0.2424,0.75,0.1642,1970-01-01 00:00:00,2,2,810,2011-02-06 00:00:00,1,0,2,4,FALSE,0,1,0.26,0.2273,0.6,0.3582,0,2
458,2011-01-21 00:00:00,1,0,1,2,FALSE,5,3,0.24,457,0.2424,0.75,0.1642,1970-01-01 00:00:00,2,2,834,2011-02-07 00:00:00,1,0,2,4,FALSE,1,1,0.2,0.2576,0.86,0,1,1
458,2011-01-21 00:00:00,1,0,1,2,FALSE,5,3,0.24,457,0.2424,0.75,0.1642,1970-01-01 00:00:00,2,2,856,2011-02-08 00:00:00,1,0,2,2,FALSE,2,2,0.26,0.2727,0.93,0.1045,1,1
458,2011-01-21 00:00:00,1,0,1,2,FALSE,5,3,0.24,457,0.2424,0.75,0.1642,1970-01-01 00:00:00,2,2,859,2011-02-08 00:00:00,1,0,2,5,FALSE,2,1,0.26,0.2273,0.81,0.3284,0,2
458,2011-01-21 00:00:00,1,0,1,2,FALSE,5,3,0.24,457,0.2424,0.75,0.1642,1970-01-01 00:00:00,2,2,881,2011-02-09 00:00:00,1,0,2,3,FALSE,3,1,0.06,0.0758,0.45,0.1343,0,2
458,2011-01-21 00:00:00,1,0,1,2,FALSE,5,3,0.24,457,0.2424,0.75,0.1642,1970-01-01 00:00:00,2,2,952,2011-02-12 00:00:00,1,0,2,6,FALSE,6,1,0.12,0.1364,0.93,0.194,1,1
458,2011-01-21 00:00:00,1,0,1,2,FALSE,5,3,0.24,457,0.2424,0.75,0.1642,1970-01-01 00:00:00,2,2,974,2011-02-13 00:00:00,1,0,2,4,FALSE,0,2,0.2,0.2121,0.69,0.1642,0,2
458,2011-01-21 00:00:00,1,0,1,2,FALSE,5,3,0.24,457,0.2424,0.75,0.1642,1970-01-01 00:00:00,2,2,995,2011-02-14 00:00:00,1,0,2,2,FALSE,1,1,0.36,0.3333,0.4,0.2985,0,2
458,2011-01-21 00:00:00,1,0,1,2,FALSE,5,3,0.24,457,0.2424,0.75,0.1642,1970-01-01 00:00:00,2,2,996,2011-02-14 00:00:00,1,0,2,3,FALSE,1,1,0.34,0.3182,0.46,0.2239,1,1
458,2011-01-21 00:00:00,1,0,1,2,FALSE,5,3,0.24,457,0.2424,0.75,0.1642,1970-01-01 00:00:00,2,2,997,2011-02-14 00:00:00,1,0,2,4,FALSE,1,1,0.32,0.303,0.53,0.2836,0,2
485,2011-01-22 00:00:00,1,0,1,6,FALSE,6,2,0.02,484,0.0303,0.44,0.2239,1970-01-01 00:00:00,2,2,624,2011-01-29 00:00:00,1,0,1,6,FALSE,6,1,0.16,0.1818,0.64,0.1343,0,2
485,2011-01-22 00:00:00,1,0,1,6,FALSE,6,2,0.02,484,0.0303,0.44,0.2239,1970-01-01 00:00:00,2,2,668,2011-01-31 00:00:00,1,0,1,3,FALSE,1,1,0.22,0.2273,0.64,0.194,0,2
485,2011-01-22 00:00:00,1,0,1,6,FALSE,6,2,0.02,484,0.0303,0.44,0.2239,1970-01-01 00:00:00,2,2,669,2011-01-31 00:00:00,1,0,1,4,FALSE,1,1,0.2,0.197,0.59,0.2239,0,2
485,2011-01-22 00:00:00,1,0,1,6,FALSE,6,2,0.02,484,0.0303,0.44,0.2239,1970-01-01 00:00:00,2,2,691,2011-02-01 00:00:00,1,0,2,2,FALSE,2,2,0.16,0.2273,0.69,0,0,2
485,2011-01-22 00:00:00,1,0,1,6,FALSE,6,2,0.02,484,0.0303,0.44,0.2239,1970-01-01 00:00:00,2,2,692,2011-02-01 00:00:00,1,0,2,3,FALSE,2,2,0.16,0.2273,0.69,0,0,2
485,2011-01-22 00:00:00,1,0,1,6,FALSE,6,2,0.02,484,0.0303,0.44,0.2239,1970-01-01 00:00:00,2,2,712,2011-02-02 00:00:00,1,0,2,0,FALSE,3,3,0.22,0.2424,0.93,0.1045,0,2
485,2011-01-22 00:00:00,1,0,1,6,FALSE,6,2,0.02,484,0.0303,0.44,0.2239,1970-01-01 00:00:00,2,2,738,2011-02-03 00:00:00,1,0,2,2,FALSE,4,1,0.18,0.1667,0.43,0.2537,0,2
485,2011-01-22 00:00:00,1,0,1,6,FALSE,6,2,0.02,484,0.0303,0.44,0.2239,1970-01-01 00:00:00,2,2,740,2011-02-03 00:00:00,1,0,2,5,FALSE,4,1,0.16,0.1364,0.5,0.2985,0,2
485,2011-01-22 00:00:00,1,0,1,6,FALSE,6,2,0.02,484,0.0303,0.44,0.2239,1970-01-01 00:00:00,2,2,810,2011-02-06 00:00:00,1,0,2,4,FALSE,0,1,0.26,0.2273,0.6,0.3582,0,2
485,2011-01-22 00:00:00,1,0,1,6,FALSE,6,2,0.02,484,0.0303,0.44,0.2239,1970-01-01 00:00:00,2,2,834,2011-02-07 00:00:00,1,0,2,4,FALSE,1,1,0.2,0.2576,0.86,0,1,1
485,2011-01-22 00:00:00,1,0,1,6,FALSE,6,2,0.02,484,0.0303,0.44,0.2239,1970-01-01 00:00:00,2,2,856,2011-02-08 00:00:00,1,0,2,2,FALSE,2,2,0.26,0.2727,0.93,0.1045,1,1
485,2011-01-22 00:00:00,1,0,1,6,FALSE,6,2,0.02,484,0.0303,0.44,0.2239,1970-01-01 00:00:00,2,2,859,2011-02-08 00:00:00,1,0,2,5,FALSE,2,1,0.26,0.2273,0.81,0.3284,0,2
485,2011-01-22 00:00:00,1,0,1,6,FALSE,6,2,0.02,484,0.0303,0.44,0.2239,1970-01-01 00:00:00,2,2,881,2011-02-09 00:00:00,1,0,2,3,FALSE,3,1,0.06,0.0758,0.45,0.1343,0,2
485,2011-01-22 00:00:00,1,0,1,6,FALSE,6,2,0.02,484,0.0303,0.44,0.2239,1970-01-01 00:00:00,2,2,952,2011-02-12 00:00:00,1,0,2,6,FALSE,6,1,0.12,0.1364,0.93,0.194,1,1
485,2011-01-22 00:00:00,1,0,1,6,FALSE,6,2,0.02,484,0.0303,0.44,0.2239,1970-01-01 00:00:00,2,2,974,2011-02-13 00:00:00,1,0,2,4,FALSE,0,2,0.2,0.2121,0.69,0.1642,0,2
485,2011-01-22 00:00:00,1,0,1,6,FALSE,6,2,0.02,484,0.0303,0.44,0.2239,1970-01-01 00:00:00,2,2,995,2011-02-14 00:00:00,1,0,2,2,FALSE,1,1,0.36,0.3333,0.4,0.2985,0,2
485,2011-01-22 00:00:00,1,0,1,6,FALSE,6,2,0.02,484,0.0303,0.44,0.2239,1970-01-01 00:00:00,2,2,996,2011-02-14 00:00:00,1,0,2,3,FALSE,1,1,0.34,0.3182,0.46,0.2239,1,1
485,2011-01-22 00:00:00,1,0,1,6,FALSE,6,2,0.02,484,0.0303,0.44,0.2239,1970-01-01 00:00:00,2,2,997,2011-02-14 00:00:00,1,0,2,4,FALSE,1,1,0.32,0.303,0.53,0.2836,0,2
509,2011-01-23 00:00:00,1,0,1,7,FALSE,0,1,0.08,508,0.1061,0.58,0.1642,1970-01-01 00:00:00,1,2,624,2011-01-29 00:00:00,1,0,1,6,FALSE,6,1,0.16,0.1818,0.64,0.1343,0,2
509,2011-01-23 00:00:00,1,0,1,7,FALSE,0,1,0.08,508,0.1061,0.58,0.1642,1970-01-01 00:00:00,1,2,668,2011-01-31 00:00:00,1,0,1,3,FALSE,1,1,0.22,0.2273,0.64,0.194,0,2
509,2011-01-23 00:00:00,1,0,1,7,FALSE,0,1,0.08,508,0.1061,0.58,0.1642,1970-01-01 00:00:00,1,2,669,2011-01-31 00:00:00,1,0,1,4,FALSE,1,1,0.2,0.197,0.59,0.2239,0,2
509,2011-01-23 00:00:00,1,0,1,7,FALSE,0,1,0.08,508,0.1061,0.58,0.1642,1970-01-01 00:00:00,1,2,691,2011-02-01 00:00:00,1,0,2,2,FALSE,2,2,0.16,0.2273,0.69,0,0,2
509,2011-01-23 00:00:00,1,0,1,7,FALSE,0,1,0.08,508,0.1061,0.58,0.1642,1970-01-01 00:00:00,1,2,692,2011-02-01 00:00:00,1,0,2,3,FALSE,2,2,0.16,0.2273,0.69,0,0,2
509,2011-01-23 00:00:00,1,0,1,7,FALSE,0,1,0.08,508,0.1061,0.58,0.1642,1970-01-01 00:00:00,1,2,712,2011-02-02 00:00:00,1,0,2,0,FALSE,3,3,0.22,0.2424,0.93,0.1045,0,2
509,2011-01-23 00:00:00,1,0,1,7,FALSE,0,1,0.08,508,0.1061,0.58,0.1642,1970-01-01 00:00:00,1,2,738,2011-02-03 00:00:00,1,0,2,2,FALSE,4,1,0.18,0.1667,0.43,0.2537,0,2
509,2011-01-23 00:00:00,1,0,1,7,FALSE,0,1,0.08,508,0.1061,0.58,0.1642,1970-01-01 00:00:00,1,2,740,2011-02-03 00:00:00,1,0,2,5,FALSE,4,1,0.16,0.1364,0.5,0.2985,0,2
509,2011-01-23 00:00:00,1,0,1,7,FALSE,0,1,0.08,508,0.1061,0.58,0.1642,1970-01-01 00:00:00,1,2,810,2011-02-06 00:00:00,1,0,2,4,FALSE,0,1,0.26,0.2273,0.6,0.3582,0,2
509,2011-01-23 00:00:00,1,0,1,7,FALSE,0,1,0.08,508,0.1061,0.58,0.1642,1970-01-01 00:00:00,1,2,834,2011-02-07 00:00:00,1,0,2,4,FALSE,1,1,0.2,0.2576,0.86,0,1,1
509,2011-01-23 00:00:00,1,0,1,7,FALSE,0,1,0.08,508,0.1061,0.58,0.1642,1970-01-01 00:00:00,1,2,856,2011-02-08 00:00:00,1,0,2,2,FALSE,2,2,0.26,0.2727,0.93,0.1045,1,1
509,2011-01-23 00:00:00,1,0,1,7,FALSE,0,1,0.08,508,0.1061,0.58,0.1642,1970-01-01 00:00:00,1,2,859,2011-02-08 00:00:00,1,0,2,5,FALSE,2,1,0.26,0.2273,0.81,0.3284,0,2
509,2011-01-23 00:00:00,1,0,1,7,FALSE,0,1,0.08,508,0.1061,0.58,0.1642,1970-01-01 00:00:00,1,2,881,2011-02-09 00:00:00,1,0,2,3,FALSE,3,1,0.06,0.0758,0.45,0.1343,0,2
509,2011-01-23 00:00:00,1,0,1,7,FALSE,0,1,0.08,508,0.1061,0.58,0.1642,1970-01-01 00:00:00,1,2,952,2011-02-12 00:00:00,1,0,2,6,FALSE,6,1,0.12,0.1364,0.93,0.194,1,1
509,2011-01-23 00:00:00,1,0,1,7,FALSE,0,1,0.08,508,0.1061,0.58,0.1642,1970-01-01 00:00:00,1,2,974,2011-02-13 00:00:00,1,0,2,4,FALSE,0,2,0.2,0.2121,0.69,0.1642,0,2
509,2011-01-23 00:00:00,1,0,1,7,FALSE,0,1,0.08,508,0.1061,0.58,0.1642,1970-01-01 00:00:00,1,2,995,2011-02-14 00:00:00,1,0,2,2,FALSE,1,1,0.36,0.3333,0.4,0.2985,0,2
509,2011-01-23 00:00:00,1,0,1,7,FALSE,0,1,0.08,508,0.1061,0.58,0.1642,1970-01-01 00:00:00,1,2,996,2011-02-14 00:00:00,1,0,2,3,FALSE,1,1,0.34,0.3182,0.46,0.2239,1,1
509,2011-01-23 00:00:00,1,0,1,7,FALSE,0,1,0.08,508,0.1061,0.58,0.1642,1970-01-01 00:00:00,1,2,997,2011-02-14 00:00:00,1,0,2,4,FALSE,1,1,0.32,0.303,0.53,0.2836,0,2
551,2011-01-25 00:00:00,1,0,1,2,FALSE,2,1,0.16,550,0.1515,0.69,0.2239,1970-01-01 00:00:00,2,2,624,2011-01-29 00:00:00,1,0,1,6,FALSE,6,1,0.16,0.1818,0.64,0.1343,0,2
551,2011-01-25 00:00:00,1,0,1,2,FALSE,2,1,0.16,550,0.1515,0.69,0.2239,1970-01-01 00:00:00,2,2,668,2011-01-31 00:00:00,1,0,1,3,FALSE,1,1,0.22,0.2273,0.64,0.194,0,2
551,2011-01-25 00:00:00,1,0,1,2,FALSE,2,1,0.16,550,0.1515,0.69,0.2239,1970-01-01 00:00:00,2,2,669,2011-01-31 00:00:00,1,0,1,4,FALSE,1,1,0.2,0.197,0.59,0.2239,0,2
551,2011-01-25 00:00:00,1,0,1,2,FALSE,2,1,0.16,550,0.1515,0.69,0.2239,1970-01-01 00:00:00,2,2,691,2011-02-01 00:00:00,1,0,2,2,FALSE,2,2,0.16,0.2273,0.69,0,0,2
551,2011-01-25 00:00:00,1,0,1,2,FALSE,2,1,0.16,550,0.1515,0.69,0.2239,1970-01-01 00:00:00,2,2,692,2011-02-01 00:00:00,1,0,2,3,FALSE,2,2,0.16,0.2273,0.69,0,0,2
551,2011-01-25 00:00:00,1,0,1,2,FALSE,2,1,0.16,550,0.1515,0.69,0.2239,1970-01-01 00:00:00,2,2,712,2011-02-02 00:00:00,1,0,2,0,FALSE,3,3,0.22,0.2424,0.93,0.1045,0,2
551,2011-01-25 00:00:00,1,0,1,2,FALSE,2,1,0.16,550,0.1515,0.69,0.2239,1970-01-01 00:00:00,2,2,738,2011-02-03 00:00:00,1,0,2,2,FALSE,4,1,0.18,0.1667,0.43,0.2537,0,2
551,2011-01-25 00:00:00,1,0,1,2,FALSE,2,1,0.16,550,0.1515,0.69,0.2239,1970-01-01 00:00:00,2,2,740,2011-02-03 00:00:00,1,0,2,5,FALSE,4,1,0.16,0.1364,0.5,0.2985,0,2
551,2011-01-25 00:00:00,1,0,1,2,FALSE,2,1,0.16,550,0.1515,0.69,0.2239,1970-01-01 00:00:00,2,2,810,2011-02-06 00:00:00,1,0,2,4,FALSE,0,1,0.26,0.2273,0.6,0.3582,0,2
551,2011-01-25 00:00:00,1,0,1,2,FALSE,2,1,0.16,550,0.1515,0.69,0.2239,1970-01-01 00:00:00,2,2,834,2011-02-07 00:00:00,1,0,2,4,FALSE,1,1,0.2,0.2576,0.86,0,1,1
551,2011-01-25 00:00:00,1,0,1,2,FALSE,2,1,0.16,550,0.1515,0.69,0.2239,1970-01-01 00:00:00,2,2,856,2011-02-08 00:00:00,1,0,2,2,FALSE,2,2,0.26,0.2727,0.93,0.1045,1,1
551,2011-01-25 00:00:00,1,0,1,2,FALSE,2,1,0.16,550,0.1515,0.69,0.2239,1970-01-01 00:00:00,2,2,859,2011-02-08 00:00:00,1,0,2,5,FALSE,2,1,0.26,0.2273,0.81,0.3284,0,2
551,2011-01-25 00:00:00,1,0,1,2,FALSE,2,1,0.16,550,0.1515,0.69,0.2239,1970-01-01 00:00:00,2,2,881,2011-02-09 00:00:00,1,0,2,3,FALSE,3,1,0.06,0.0758,0.45,0.1343,0,2
551,2011-01-25 00:00:00,1,0,1,2,FALSE,2,1,0.16,550,0.1515,0.69,0.2239,1970-01-01 00:00:00,2,2,952,2011-02-12 00:00:00,1,0,2,6,FALSE,6,1,0.12,0.1364,0.93,0.194,1,1
551,2011-01-25 00:00:00,1,0,1,2,FALSE,2,1,0.16,550,0.1515,0.69,0.2239,1970-01-01 00:00:00,2,2,974,2011-02-13 00:00:00,1,0,2,4,FALSE,0,2,0.2,0.2121,0.69,0.1642,0,2
551,2011-01-25 00:00:00,1,0,1,2,FALSE,2,1,0.16,550,0.1515,0.69,0.2239,1970-01-01 00:00:00,2,2,995,2011-02-14 00:00:00,1,0,2,2,FALSE,1,1,0.36,0.3333,0.4,0.2985,0,2
551,2011-01-25 00:00:00,1,0,1,2,FALSE,2,1,0.16,550,0.1515,0.69,0.2239,1970-01-01 00:00:00,2,2,996,2011-02-14 00:00:00,1,0,2,3,FALSE,1,1,0.34,0.3182,0.46,0.2239,1,1
551,2011-01-25 00:00:00,1,0,1,2,FALSE,2,1,0.16,550,0.1515,0.69,0.2239,1970-01-01 00:00:00,2,2,997,2011-02-14 00:00:00,1,0,2,4,FALSE,1,1,0.32,0.303,0.53,0.2836,0,2
598,2011-01-28 00:00:00,1,0,1,2,FALSE,5,2,0.2,597,0.2121,0.75,0.1642,1970-01-01 00:00:00,2,2,624,2011-01-29 00:00:00,1,0,1,6,FALSE,6,1,0.16,0.1818,0.64,0.1343,0,2
598,2011-01-28 00:00:00,1,0,1,2,FALSE,5,2,0.2,597,0.2121,0.75,0.1642,1970-01-01 00:00:00,2,2,668,2011-01-31 00:00:00,1,0,1,3,FALSE,1,1,0.22,0.2273,0.64,0.194,0,2
598,2011-01-28 00:00:00,1,0,1,2,FALSE,5,2,0.2,597,0.2121,0.75,0.1642,1970-01-01 00:00:00,2,2,669,2011-01-31 00:00:00,1,0,1,4,FALSE,1,1,0.2,0.197,0.59,0.2239,0,2
598,2011-01-28 00:00:00,1,0,1,2,FALSE,5,2,0.2,597,0.2121,0.75,0.1642,1970-01-01 00:00:00,2,2,691,2011-02-01 00:00:00,1,0,2,2,FALSE,2,2,0.16,0.2273,0.69,0,0,2
598,2011-01-28 00:00:00,1,0,1,2,FALSE,5,2,0.2,597,0.2121,0.75,0.1642,1970-01-01 00:00:00,2,2,692,2011-02-01 00:00:00,1,0,2,3,FALSE,2,2,0.16,0.2273,0.69,0,0,2
598,2011-01-28 00:00:00,1,0,1,2,FALSE,5,2,0.2,597,0.2121,0.75,0.1642,1970-01-01 00:00:00,2,2,712,2011-02-02 00:00:00,1,0,2,0,FALSE,3,3,0.22,0.2424,0.93,0.1045,0,2
598,2011-01-28 00:00:00,1,0,1,2,FALSE,5,2,0.2,597,0.2121,0.75,0.1642,1970-01-01 00:00:00,2,2,738,2011-02-03 00:00:00,1,0,2,2,FALSE,4,1,0.18,0.1667,0.43,0.2537,0,2
598,2011-01-28 00:00:00,1,0,1,2,FALSE,5,2,0.2,597,0.2121,0.75,0.1642,1970-01-01 00:00:00,2,2,740,2011-02-03 00:00:00,1,0,2,5,FALSE,4,1,0.16,0.1364,0.5,0.2985,0,2
598,2011-01-28 00:00:00,1,0,1,2,FALSE,5,2,0.2,597,0.2121,0.75,0.1642,1970-01-01 00:00:00,2,2,810,2011-02-06 00:00:00,1,0,2,4,FALSE,0,1,0.26,0.2273,0.6,0.3582,0,2
598,2011-01-28 00:00:00,1,0,1,2,FALSE,5,2,0.2,597,0.2121,0.75,0.1642,1970-01-01 00:00:00,2,2,834,2011-02-07 00:00:00,1,0,2,4,FALSE,1,1,0.2,0.2576,0.86,0,1,1
598,2011-01-28 00:00:00,1,0,1,2,FALSE,5,2,0.2,597,0.2121,0.75,0.1642,1970-01-01 00:00:00,2,2,856,2011-02-08 00:00:00,1,0,2,2,FALSE,2,2,0.26,0.2727,0.93,0.1045,1,1
598,2011-01-28 00:00:00,1,0,1,2,FALSE,5,2,0.2,597,0.2121,0.75,0.1642,1970-01-01 00:00:00,2,2,859,2011-02-08 00:00:00,1,0,2,5,FALSE,2,1,0.26,0.2273,0.81,0.3284,0,2
598,2011-01-28 00:00:00,1,0,1,2,FALSE,5,2,0.2,597,0.2121,0.75,0.1642,1970-01-01 00:00:00,2,2,881,2011-02-09 00:00:00,1,0,2,3,FALSE,3,1,0.06,0.0758,0.45,0.1343,0,2
598,2011-01-28 00:00:00,1,0,1,2,FALSE,5,2,0.2,597,0.2121,0.75,0.1642,1970-01-01 00:00:00,2,2,952,2011-02-12 00:00:00,1,0,2,6,FALSE,6,1,0.12,0.1364,0.93,0.194,1,1
598,2011-01-28 00:00:00,1,0,1,2,FALSE,5,2,0.2,597,0.2121,0.75,0.1642,1970-01-01 00:00:00,2,2,974,2011-02-13 00:00:00,1,0,2,4,FALSE,0,2,0.2,0.2121,0.69,0.1642,0,2
598,2011-01-28 00:00:00,1,0,1,2,FALSE,5,2,0.2,597,0.2121,0.75,0.1642,1970-01-01 00:00:00,2,2,995,2011-02-14 00:00:00,1,0,2,2,FALSE,1,1,0.36,0.3333,0.4,0.2985,0,2
598,2011-01-28 00:00:00,1,0,1,2,FALSE,5,2,0.2,597,0.2121,0.75,0.1642,1970-01-01 00:00:00,2,2,996,2011-02-14 00:00:00,1,0,2,3,FALSE,1,1,0.34,0.3182,0.46,0.2239,1,1
598,2011-01-28 00:00:00,1,0,1,2,FALSE,5,2,0.2,597,0.2121,0.75,0.1642,1970-01-01 00:00:00,2,2,997,2011-02-14 00:00:00,1,0,2,4,FALSE,1,1,0.32,0.303,0.53,0.2836,0,2
8,2011-01-01 00:00:00,1,0,1,7,FALSE,6,1,0.2,7,0.2576,0.86,0,1970-01-01 00:00:00,2,3,623,2011-01-29 00:00:00,1,0,1,4,FALSE,6,1,0.16,0.1818,0.69,0.1045,1,2
8,2011-01-01 00:00:00,1,0,1,7,FALSE,6,1,0.2,7,0.2576,0.86,0,1970-01-01 00:00:00,2,3,647,2011-01-30 00:00:00,1,0,1,5,FALSE,0,1,0.14,0.2121,0.86,0,0,3
8,2011-01-01 00:00:00,1,0,1,7,FALSE,6,1,0.2,7,0.2576,0.86,0,1970-01-01 00:00:00,2,3,648,2011-01-30 00:00:00,1,0,1,7,FALSE,0,1,0.14,0.2121,0.86,0,0,3
8,2011-01-01 00:00:00,1,0,1,7,FALSE,6,1,0.2,7,0.2576,0.86,0,1970-01-01 00:00:00,2,3,690,2011-02-01 00:00:00,1,0,2,1,FALSE,2,2,0.16,0.1818,0.69,0.1045,0,3
8,2011-01-01 00:00:00,1,0,1,7,FALSE,6,1,0.2,7,0.2576,0.86,0,1970-01-01 00:00:00,2,3,693,2011-02-01 00:00:00,1,0,2,5,FALSE,2,3,0.14,0.2121,0.93,0,0,3
8,2011-01-01 00:00:00,1,0,1,7,FALSE,6,1,0.2,7,0.2576,0.86,0,1970-01-01 00:00:00,2,3,713,2011-02-02 00:00:00,1,0,2,1,FALSE,3,3,0.22,0.2273,0.93,0.194,0,3
8,2011-01-01 00:00:00,1,0,1,7,FALSE,6,1,0.2,7,0.2576,0.86,0,1970-01-01 00:00:00,2,3,717,2011-02-02 00:00:00,1,0,2,5,FALSE,3,3,0.22,0.2424,0.93,0.1045,0,3
8,2011-01-01 00:00:00,1,0,1,7,FALSE,6,1,0.2,7,0.2576,0.86,0,1970-01-01 00:00:00,2,3,832,2011-02-07 00:00:00,1,0,2,2,FALSE,1,1,0.2,0.2576,0.8,0,0,3
8,2011-01-01 00:00:00,1,0,1,7,FALSE,6,1,0.2,7,0.2576,0.86,0,1970-01-01 00:00:00,2,3,858,2011-02-08 00:00:00,1,0,2,4,FALSE,2,1,0.26,0.2576,0.93,0.1642,0,3
8,2011-01-01 00:00:00,1,0,1,7,FALSE,6,1,0.2,7,0.2576,0.86,0,1970-01-01 00:00:00,2,3,880,2011-02-09 00:00:00,1,0,2,2,FALSE,3,1,0.08,0.0758,0.38,0.2836,1,2
8,2011-01-01 00:00:00,1,0,1,7,FALSE,6,1,0.2,7,0.2576,0.86,0,1970-01-01 00:00:00,2,3,903,2011-02-10 00:00:00,1,0,2,2,FALSE,4,3,0.14,0.1515,0.8,0.1343,0,3
8,2011-01-01 00:00:00,1,0,1,7,FALSE,6,1,0.2,7,0.2576,0.86,0,1970-01-01 00:00:00,2,3,926,2011-02-11 00:00:00,1,0,2,2,FALSE,5,1,0.1,0.1364,0.54,0.0896,0,3
8,2011-01-01 00:00:00,1,0,1,7,FALSE,6,1,0.2,7,0.2576,0.86,0,1970-01-01 00:00:00,2,3,976,2011-02-13 00:00:00,1,0,2,7,FALSE,0,2,0.22,0.2727,0.55,0,0,3
8,2011-01-01 00:00:00,1,0,1,7,FALSE,6,1,0.2,7,0.2576,0.86,0,1970-01-01 00:00:00,2,3,998,2011-02-14 00:00:00,1,0,2,5,FALSE,1,1,0.32,0.303,0.53,0.2836,0,3
29,2011-01-02 00:00:00,1,0,1,4,FALSE,0,2,0.46,28,,0.94,0.194,1970-01-01 00:00:00,1,3,623,2011-01-29 00:00:00,1,0,1,4,FALSE,6,1,0.16,0.1818,0.69,0.1045,1,2
29,2011-01-02 00:00:00,1,0,1,4,FALSE,0,2,0.46,28,,0.94,0.194,1970-01-01 00:00:00,1,3,647,2011-01-30 00:00:00,1,0,1,5,FALSE,0,1,0.14,0.2121,0.86,0,0,3
29,2011-01-02 00:00:00,1,0,1,4,FALSE,0,2,0.46,28,,0.94,0.194,1970-01-01 00:00:00,1,3,648,2011-01-30 00:00:00,1,0,1,7,FALSE,0,1,0.14,0.2121,0.86,0,0,3
29,2011-01-02 00:00:00,1,0,1,4,FALSE,0,2,0.46,28,,0.94,0.194,1970-01-01 00:00:00,1,3,690,2011-02-01 00:00:00,1,0,2,1,FALSE,2,2,0.16,0.1818,0.69,0.1045,0,3
29,2011-01-02 00:00:00,1,0,1,4,FALSE,0,2,0.46,28,,0.94,0.194,1970-01-01 00:00:00,1,3,693,2011-02-01 00:00:00,1,0,2,5,FALSE,2,3,0.14,0.2121,0.93,0,0,3
29,2011-01-02 00:00:00,1,0,1,4,FALSE,0,2,0.46,28,,0.94,0.194,1970-01-01 00:00:00,1,3,713,2011-02-02 00:00:00,1,0,2,1,FALSE,3,3,0.22,0.2273,0.93,0.194,0,3
29,2011-01-02 00:00:00,1,0,1,4,FALSE,0,2,0.46,28,,0.94,0.194,1970-01-01 00:00:00,1,3,717,2011-02-02 00:00:00,1,0,2,5,FALSE,3,3,0.22,0.2424,0.93,0.1045,0,3
29,2011-01-02 00:00:00,1,0,1,4,FALSE,0,2,0.46,28,,0.94,0.194,1970-01-01 00:00:00,1,3,832,2011-02-07 00:00:00,1,0,2,2,FALSE,1,1,0.2,0.2576,0.8,0,0,3
29,2011-01-02 00:00:00,1,0,1,4,FALSE,0,2,0.46,28,,0.94,0.194,1970-01-01 00:00:00,1,3,858,2011-02-08 00:00:00,1,0,2,4,FALSE,2,1,0.26,0.2576,0.93,0.1642,0,3
29,2011-01-02 00:00:00,1,0,1,4,FALSE,0,2,0.46,28,,0.94,0.194,1970-01-01 00:00:00,1,3,880,2011-02-09 00:00:00,1,0,2,2,FALSE,3,1,0.08,0.0758,0.38,0.2836,1,2
29,2011-01-02 00:00:00,1,0,1,4,FALSE,0,2,0.46,28,,0.94,0.194,1970-01-01 00:00:00,1,3,903,2011-02-10 00:00:00,1,0,2,2,FALSE,4,3,0.14,0.1515,0.8,0.1343,0,3
29,2011-01-02 00:00:00,1,0,1,4,FALSE,0,2,0.46,28,,0.94,0.194,1970-01-01 00:00:00,1,3,926,2011-02-11 00:00:00,1,0,2,2,FALSE,5,1,0.1,0.1364,0.54,0.0896,0,3
29,2011-01-02 00:00:00,1,0,1,4,FALSE,0,2,0.46,28,,0.94,0.194,1970-01-01 00:00:00,1,3,976,2011-02-13 00:00:00,1,0,2,7,FALSE,0,2,0.22,0.2727,0.55,0,0,3
29,2011-01-02 00:00:00,1,0,1,4,FALSE,0,2,0.46,28,,0.94,0.194,1970-01-01 00:00:00,1,3,998,2011-02-14 00:00:00,1,0,2,5,FALSE,1,1,0.32,0.303,0.53,0.2836,0,3
51,2011-01-03 00:00:00,1,0,1,5,FALSE,1,1,0.16,50,0.1364,0.47,0.2836,1970-01-01 00:00:00,3,3,623,2011-01-29 00:00:00,1,0,1,4,FALSE,6,1,0.16,0.1818,0.69,0.1045,1,2
51,2011-01-03 00:00:00,1,0,1,5,FALSE,1,1,0.16,50,0.1364,0.47,0.2836,1970-01-01 00:00:00,3,3,647,2011-01-30 00:00:00,1,0,1,5,FALSE,0,1,0.14,0.2121,0.86,0,0,3
51,2011-01-03 00:00:00,1,0,1,5,FALSE,1,1,0.16,50,0.1364,0.47,0.2836,1970-01-01 00:00:00,3,3,648,2011-01-30 00:00:00,1,0,1,7,FALSE,0,1,0.14,0.2121,0.86,0,0,3
51,2011-01-03 00:00:00,1,0,1,5,FALSE,1,1,0.16,50,0.1364,0.47,0.2836,1970-01-01 00:00:00,3,3,690,2011-02-01 00:00:00,1,0,2,1,FALSE,2,2,0.16,0.1818,0.69,0.1045,0,3
51,2011-01-03 00:00:00,1,0,1,5,FALSE,1,1,0.16,50,0.1364,0.47,0.2836,1970-01-01 00:00:00,3,3,693,2011-02-01 00:00:00,1,0,2,5,FALSE,2,3,0.14,0.2121,0.93,0,0,3
51,2011-01-03 00:00:00,1,0,1,5,FALSE,1,1,0.16,50,0.1364,0.47,0.2836,1970-01-01 00:00:00,3,3,713,2011-02-02 00:00:00,1,0,2,1,FALSE,3,3,0.22,0.2273,0.93,0.194,0,3
51,2011-01-03 00:00:00,1,0,1,5,FALSE,1,1,0.16,50,0.1364,0.47,0.2836,1970-01-01 00:00:00,3,3,717,2011-02-02 00:00:00,1,0,2,5,FALSE,3,3,0.22,0.2424,0.93,0.1045,0,3
51,2011-01-03 00:00:00,1,0,1,5,FALSE,1,1,0.16,50,0.1364,0.47,0.2836,1970-01-01 00:00:00,3,3,832,2011-02-07 00:00:00,1,0,2,2,FALSE,1,1,0.2,0.2576,0.8,0,0,3
51,2011-01-03 00:00:00,1,0,1,5,FALSE,1,1,0.16,50,0.1364,0.47,0.2836,1970-01-01 00:00:00,3,3,858,2011-02-08 00:00:00,1,0,2,4,FALSE,2,1,0.26,0.2576,0.93,0.1642,0,3
51,2011-01-03 00:00:00,1,0,1,5,FALSE,1,1,0.16,50,0.1364,0.47,0.2836,1970-01-01 00:00:00,3,3,880,2011-02-09 00:00:00,1,0,2,2,FALSE,3,1,0.08,0.0758,0.38,0.2836,1,2
51,2011-01-03 00:00:00,1,0,1,5,FALSE,1,1,0.16,50,0.1364,0.47,0.2836,1970-01-01 00:00:00,3,3,903,2011-02-10 00:00:00,1,0,2,2,FALSE,4,3,0.14,0.1515,0.8,0.1343,0,3
51,2011-01-03 00:00:00,1,0,1,5,FALSE,1,1,0.16,50,0.1364,0.47,0.2836,1970-01-01 00:00:00,3,3,926,2011-02-11 00:00:00,1,0,2,2,FALSE,5,1,0.1,0.1364,0.54,0.0896,0,3
51,2011-01-03 00:00:00,1,0,1,5,FALSE,1,1,0.16,50,0.1364,0.47,0.2836,1970-01-01 00:00:00,3,3,976,2011-02-13 00:00:00,1,0,2,7,FALSE,0,2,0.22,0.2727,0.55,0,0,3
51,2011-01-03 00:00:00,1,0,1,5,FALSE,1,1,0.16,50,0.1364,0.47,0.2836,1970-01-01 00:00:00,3,3,998,2011-02-14 00:00:00,1,0,2,5,FALSE,1,1,0.32,0.303,0.53,0.2836,0,3
97,2011-01-05 00:00:00,1,0,1,5,FALSE,3,1,0.22,96,0.2273,0.47,0.1642,1970-01-01 00:00:00,3,3,623,2011-01-29 00:00:00,1,0,1,4,FALSE,6,1,0.16,0.1818,0.69,0.1045,1,2
97,2011-01-05 00:00:00,1,0,1,5,FALSE,3,1,0.22,96,0.2273,0.47,0.1642,1970-01-01 00:00:00,3,3,647,2011-01-30 00:00:00,1,0,1,5,FALSE,0,1,0.14,0.2121,0.86,0,0,3
97,2011-01-05 00:00:00,1,0,1,5,FALSE,3,1,0.22,96,0.2273,0.47,0.1642,1970-01-01 00:00:00,3,3,648,2011-01-30 00:00:00,1,0,1,7,FALSE,0,1,0.14,0.2121,0.86,0,0,3
97,2011-01-05 00:00:00,1,0,1,5,FALSE,3,1,0.22,96,0.2273,0.47,0.1642,1970-01-01 00:00:00,3,3,690,2011-02-01 00:00:00,1,0,2,1,FALSE,2,2,0.16,0.1818,0.69,0.1045,0,3
97,2011-01-05 00:00:00,1,0,1,5,FALSE,3,1,0.22,96,0.2273,0.47,0.1642,1970-01-01 00:00:00,3,3,693,2011-02-01 00:00:00,1,0,2,5,FALSE,2,3,0.14,0.2121,0.93,0,0,3
97,2011-01-05 00:00:00,1,0,1,5,FALSE,3,1,0.22,96,0.2273,0.47,0.1642,1970-01-01 00:00:00,3,3,713,2011-02-02 00:00:00,1,0,2,1,FALSE,3,3,0.22,0.2273,0.93,0.194,0,3
97,2011-01-05 00:00:00,1,0,1,5,FALSE,3,1,0.22,96,0.2273,0.47,0.1642,1970-01-01 00:00:00,3,3,717,2011-02-02 00:00:00,1,0,2,5,FALSE,3,3,0.22,0.2424,0.93,0.1045,0,3
97,2011-01-05 00:00:00,1,0,1,5,FALSE,3,1,0.22,96,0.2273,0.47,0.1642,1970-01-01 00:00:00,3,3,832,2011-02-07 00:00:00,1,0,2,2,FALSE,1,1,0.2,0.2576,0.8,0,0,3
97,2011-01-05 00:00:00,1,0,1,5,FALSE,3,1,0.22,96,0.2273,0.47,0.1642,1970-01-01 00:00:00,3,3,858,2011-02-08 00:00:00,1,0,2,4,FALSE,2,1,0.26,0.2576,0.93,0.1642,0,3
97,2011-01-05 00:00:00,1,0,1,5,FALSE,3,1,0.22,96,0.2273,0.47,0.1642,1970-01-01 00:00:00,3,3,880,2011-02-09 00:00:00,1,0,2,2,FALSE,3,1,0.08,0.0758,0.38,0.2836,1,2
97,2011-01-05 00:00:00,1,0,1,5,FALSE,3,1,0.22,96,0.2273,0.47,0.1642,1970-01-01 00:00:00,3,3,903,2011-02-10 00:00:00,1,0,2,2,FALSE,4,3,0.14,0.1515,0.8,0.1343,0,3
97,2011-01-05 00:00:00,1,0,1,5,FALSE,3,1,0.22,96,0.2273,0.47,0.1642,1970-01-01 00:00:00,3,3,926,2011-02-11 00:00:00,1,0,2,2,FALSE,5,1,0.1,0.1364,0.54,0.0896,0,3
97,2011-01-05 00:00:00,1,0,1,5,FALSE,3,1,0.22,96,0.2273,0.47,0.1642,1970-01-01 00:00:00,3,3,976,2011-02-13 00:00:00,1,0,2,7,FALSE,0,2,0.22,0.2727,0.55,0,0,3
97,2011-01-05 00:00:00,1,0,1,5,FALSE,3,1,0.22,96,0.2273,0.47,0.1642,1970-01-01 00:00:00,3,3,998,2011-02-14 00:00:00,1,0,2,5,FALSE,1,1,0.32,0.303,0.53,0.2836,0,3
212,2011-01-10 00:00:00,1,0,1,2,FALSE,1,1,0.12,211,0.1212,0.5,0.2239,1970-01-01 00:00:00,3,3,623,2011-01-29 00:00:00,1,0,1,4,FALSE,6,1,0.16,0.1818,0.69,0.1045,1,2
212,2011-01-10 00:00:00,1,0,1,2,FALSE,1,1,0.12,211,0.1212,0.5,0.2239,1970-01-01 00:00:00,3,3,647,2011-01-30 00:00:00,1,0,1,5,FALSE,0,1,0.14,0.2121,0.86,0,0,3
212,2011-01-10 00:00:00,1,0,1,2,FALSE,1,1,0.12,211,0.1212,0.5,0.2239,1970-01-01 00:00:00,3,3,648,2011-01-30 00:00:00,1,0,1,7,FALSE,0,1,0.14,0.2121,0.86,0,0,3
212,2011-01-10 00:00:00,1,0,1,2,FALSE,1,1,0.12,211,0.1212,0.5,0.2239,1970-01-01 00:00:00,3,3,690,2011-02-01 00:00:00,1,0,2,1,FALSE,2,2,0.16,0.1818,0.69,0.1045,0,3
212,2011-01-10 00:00:00,1,0,1,2,FALSE,1,1,0.12,211,0.1212,0.5,0.2239,1970-01-01 00:00:00,3,3,693,2011-02-01 00:00:00,1,0,2,5,FALSE,2,3,0.14,0.2121,0.93,0,0,3
212,2011-01-10 00:00:00,1,0,1,2,FALSE,1,1,0.12,211,0.1212,0.5,0.2239,1970-01-01 00:00:00,3,3,713,2011-02-02 00:00:00,1,0,2,1,FALSE,3,3,0.22,0.2273,0.93,0.194,0,3
212,2011-01-10 00:00:00,1,0,1,2,FALSE,1,1,0.12,211,0.1212,0.5,0.2239,1970-01-01 00:00:00,3,3,717,2011-02-02 00:00:00,1,0,2,5,FALSE,3,3,0.22,0.2424,0.93,0.1045,0,3
212,2011-01-10 00:00:00,1,0,1,2,FALSE,1,1,0.12,211,0.1212,0.5,0.2239,1970-01-01 00:00:00,3,3,832,2011-02-07 00:00:00,1,0,2,2,FALSE,1,1,0.2,0.2576,0.8,0,0,3
212,2011-01-10 00:00:00,1,0,1,2,FALSE,1,1,0.12,211,0.1212,0.5,0.2239,1970-01-01 00:00:00,3,3,858,2011-02-08 00:00:00,1,0,2,4,FALSE,2,1,0.26,0.2576,0.93,0.1642,0,3
212,2011-01-10 00:00:00,1,0,1,2,FALSE,1,1,0.12,211,0.1212,0.5,0.2239,1970-01-01 00:00:00,3,3,880,2011-02-09 00:00:00,1,0,2,2,FALSE,3,1,0.08,0.0758,0.38,0.2836,1,2
212,2011-01-10 00:00:00,1,0,1,2,FALSE,1,1,0.12,211,0.1212,0.5,0.2239,1970-01-01 00:00:00,3,3,903,2011-02-10 00:00:00,1,0,2,2,FALSE,4,3,0.14,0.1515,0.8,0.1343,0,3
212,2011-01-10 00:00:00,1,0,1,2,FALSE,1,1,0.12,211,0.1212,0.5,0.2239,1970-01-01 00:00:00,3,3,926,2011-02-11 00:00:00,1,0,2,2,FALSE,5,1,0.1,0.1364,0.54,0.0896,0,3
212,2011-01-10 00:00:00,1,0,1,2,FALSE,1,1,0.12,211,0.1212,0.5,0.2239,1970-01-01 00:00:00,3,3,976,2011-02-13 00:00:00,1,0,2,7,FALSE,0,2,0.22,0.2727,0.55,0,0,3
212,2011-01-10 00:00:00,1,0,1,2,FALSE,1,1,0.12,211,0.1212,0.5,0.2239,1970-01-01 00:00:00,3,3,998,2011-02-14 00:00:00,1,0,2,5,FALSE,1,1,0.32,0.303,0.53,0.2836,0,3
214,2011-01-10 00:00:00,1,0,1,4,FALSE,1,1,0.1,213,0.1212,0.54,0.1343,1970-01-01 00:00:00,2,3,623,2011-01-29 00:00:00,1,0,1,4,FALSE,6,1,0.16,0.1818,0.69,0.1045,1,2
214,2011-01-10 00:00:00,1,0,1,4,FALSE,1,1,0.1,213,0.1212,0.54,0.1343,1970-01-01 00:00:00,2,3,647,2011-01-30 00:00:00,1,0,1,5,FALSE,0,1,0.14,0.2121,0.86,0,0,3
214,2011-01-10 00:00:00,1,0,1,4,FALSE,1,1,0.1,213,0.1212,0.54,0.1343,1970-01-01 00:00:00,2,3,648,2011-01-30 00:00:00,1,0,1,7,FALSE,0,1,0.14,0.2121,0.86,0,0,3
214,2011-01-10 00:00:00,1,0,1,4,FALSE,1,1,0.1,213,0.1212,0.54,0.1343,1970-01-01 00:00:00,2,3,690,2011-02-01 00:00:00,1,0,2,1,FALSE,2,2,0.16,0.1818,0.69,0.1045,0,3
214,2011-01-10 00:00:00,1,0,1,4,FALSE,1,1,0.1,213,0.1212,0.54,0.1343,1970-01-01 00:00:00,2,3,693,2011-02-01 00:00:00,1,0,2,5,FALSE,2,3,0.14,0.2121,0.93,0,0,3
214,2011-01-10 00:00:00,1,0,1,4,FALSE,1,1,0.1,213,0.1212,0.54,0.1343,1970-01-01 00:00:00,2,3,713,2011-02-02 00:00:00,1,0,2,1,FALSE,3,3,0.22,0.2273,0.93,0.194,0,3
214,2011-01-10 00:00:00,1,0,1,4,FALSE,1,1,0.1,213,0.1212,0.54,0.1343,1970-01-01 00:00:00,2,3,717,2011-02-02 00:00:00,1,0,2,5,FALSE,3,3,0.22,0.2424,0.93,0.1045,0,3
214,2011-01-10 00:00:00,1,0,1,4,FALSE,1,1,0.1,213,0.1212,0.54,0.1343,1970-01-01 00:00:00,2,3,832,2011-02-07 00:00:00,1,0,2,2,FALSE,1,1,0.2,0.2576,0.8,0,0,3
214,2011-01-10 00:00:00,1,0,1,4,FALSE,1,1,0.1,213,0.1212,0.54,0.1343,1970-01-01 00:00:00,2,3,858,2011-02-08 00:00:00,1,0,2,4,FALSE,2,1,0.26,0.2576,0.93,0.1642,0,3
214,2011-01-10 00:00:00,1,0,1,4,FALSE,1,1,0.1,213,0.1212,0.54,0.1343,1970-01-01 00:00:00,2,3,880,2011-02-09 00:00:00,1,0,2,2,FALSE,3,1,0.08,0.0758,0.38,0.2836,1,2
214,2011-01-10 00:00:00,1,0,1,4,FALSE,1,1,0.1,213,0.1212,0.54,0.1343,1970-01-01 00:00:00,2,3,903,2011-02-10 00:00:00,1,0,2,2,FALSE,4,3,0.14,0.1515,0.8,0.1343,0,3
214,2011-01-10 00:00:00,1,0,1,4,FALSE,1,1,0.1,213,0.1212,0.54,0.1343,1970-01-01 00:00:00,2,3,926,2011-02-11 00:00:00,1,0,2,2,FALSE,5,1,0.1,0.1364,0.54,0.0896,0,3
214,2011-01-10 00:00:00,1,0,1,4,FALSE,1,1,0.1,213,0.1212,0.54,0.1343,1970-01-01 00:00:00,2,3,976,2011-02-13 00:00:00,1,0,2,7,FALSE,0,2,0.22,0.2727,0.55,0,0,3
214,2011-01-10 00:00:00,1,0,1,4,FALSE,1,1,0.1,213,0.1212,0.54,0.1343,1970-01-01 00:00:00,2,3,998,2011-02-14 00:00:00,1,0,2,5,FALSE,1,1,0.32,0.303,0.53,0.2836,0,3
215,2011-01-10 00:00:00,1,0,1,5,FALSE,1,1,0.1,214,0.1061,0.54,0.2537,1970-01-01 00:00:00,3,3,623,2011-01-29 00:00:00,1,0,1,4,FALSE,6,1,0.16,0.1818,0.69,0.1045,1,2
215,2011-01-10 00:00:00,1,0,1,5,FALSE,1,1,0.1,214,0.1061,0.54,0.2537,1970-01-01 00:00:00,3,3,647,2011-01-30 00:00:00,1,0,1,5,FALSE,0,1,0.14,0.2121,0.86,0,0,3
215,2011-01-10 00:00:00,1,0,1,5,FALSE,1,1,0.1,214,0.1061,0.54,0.2537,1970-01-01 00:00:00,3,3,648,2011-01-30 00:00:00,1,0,1,7,FALSE,0,1,0.14,0.2121,0.86,0,0,3
215,2011-01-10 00:00:00,1,0,1,5,FALSE,1,1,0.1,214,0.1061,0.54,0.2537,1970-01-01 00:00:00,3,3,690,2011-02-01 00:00:00,1,0,2,1,FALSE,2,2,0.16,0.1818,0.69,0.1045,0,3
215,2011-01-10 00:00:00,1,0,1,5,FALSE,1,1,0.1,214,0.1061,0.54,0.2537,1970-01-01 00:00:00,3,3,693,2011-02-01 00:00:00,1,0,2,5,FALSE,2,3,0.14,0.2121,0.93,0,0,3
215,2011-01-10 00:00:00,1,0,1,5,FALSE,1,1,0.1,214,0.1061,0.54,0.2537,1970-01-01 00:00:00,3,3,713,2011-02-02 00:00:00,1,0,2,1,FALSE,3,3,0.22,0.2273,0.93,0.194,0,3
215,2011-01-10 00:00:00,1,0,1,5,FALSE,1,1,0.1,214,0.1061,0.54,0.2537,1970-01-01 00:00:00,3,3,717,2011-02-02 00:00:00,1,0,2,5,FALSE,3,3,0.22,0.2424,0.93,0.1045,0,3
215,2011-01-10 00:00:00,1,0,1,5,FALSE,1,1,0.1,214,0.1061,0.54,0.2537,1970-01-01 00:00:00,3,3,832,2011-02-07 00:00:00,1,0,2,2,FALSE,1,1,0.2,0.2576,0.8,0,0,3
215,2011-01-10 00:00:00,1,0,1,5,FALSE,1,1,0.1,214,0.1061,0.54,0.2537,1970-01-01 00:00:00,3,3,858,2011-02-08 00:00:00,1,0,2,4,FALSE,2,1,0.26,0.2576,0.93,0.1642,0,3
215,2011-01-10 00:00:00,1,0,1,5,FALSE,1,1,0.1,214,0.1061,0.54,0.2537,1970-01-01 00:00:00,3,3,880,2011-02-09 00:00:00,1,0,2,2,FALSE,3,1,0.08,0.0758,0.38,0.2836,1,2
215,2011-01-10 00:00:00,1,0,1,5,FALSE,1,1,0.1,214,0.1061,0.54,0.2537,1970-01-01 00:00:00,3,3,903,2011-02-10 00:00:00,1,0,2,2,FALSE,4,3,0.14,0.1515,0.8,0.1343,0,3
215,2011-01-10 00:00:00,1,0,1,5,FALSE,1,1,0.1,214,0.1061,0.54,0.2537,1970-01-01 00:00:00,3,3,926,2011-02-11 00:00:00,1,0,2,2,FALSE,5,1,0.1,0.1364,0.54,0.0896,0,3
215,2011-01-10 00:00:00,1,0,1,5,FALSE,1,1,0.1,214,0.1061,0.54,0.2537,1970-01-01 00:00:00,3,3,976,2011-02-13 00:00:00,1,0,2,7,FALSE,0,2,0.22,0.2727,0.55,0,0,3
215,2011-01-10 00:00:00,1,0,1,5,FALSE,1,1,0.1,214,0.1061,0.54,0.2537,1970-01-01 00:00:00,3,3,998,2011-02-14 00:00:00,1,0,2,5,FALSE,1,1,0.32,0.303,0.53,0.2836,0,3
235,2011-01-11 00:00:00,1,0,1,1,FALSE,2,1,0.14,234,0.1515,0.59,0.1642,1970-01-01 00:00:00,3,3,623,2011-01-29 00:00:00,1,0,1,4,FALSE,6,1,0.16,0.1818,0.69,0.1045,1,2
235,2011-01-11 00:00:00,1,0,1,1,FALSE,2,1,0.14,234,0.1515,0.59,0.1642,1970-01-01 00:00:00,3,3,647,2011-01-30 00:00:00,1,0,1,5,FALSE,0,1,0.14,0.2121,0.86,0,0,3
235,2011-01-11 00:00:00,1,0,1,1,FALSE,2,1,0.14,234,0.1515,0.59,0.1642,1970-01-01 00:00:00,3,3,648,2011-01-30 00:00:00,1,0,1,7,FALSE,0,1,0.14,0.2121,0.86,0,0,3
235,2011-01-11 00:00:00,1,0,1,1,FALSE,2,1,0.14,234,0.1515,0.59,0.1642,1970-01-01 00:00:00,3,3,690,2011-02-01 00:00:00,1,0,2,1,FALSE,2,2,0.16,0.1818,0.69,0.1045,0,3
235,2011-01-11 00:00:00,1,0,1,1,FALSE,2,1,0.14,234,0.1515,0.59,0.1642,1970-01-01 00:00:00,3,3,693,2011-02-01 00:00:00,1,0,2,5,FALSE,2,3,0.14,0.2121,0.93,0,0,3
235,2011-01-11 00:00:00,1,0,1,1,FALSE,2,1,0.14,234,0.1515,0.59,0.1642,1970-01-01 00:00:00,3,3,713,2011-02-02 00:00:00,1,0,2,1,FALSE,3,3,0.22,0.2273,0.93,0.194,0,3
235,2011-01-11 00:00:00,1,0,1,1,FALSE,2,1,0.14,234,0.1515,0.59,0.1642,1970-01-01 00:00:00,3,3,717,2011-02-02 00:00:00,1,0,2,5,FALSE,3,3,0.22,0.2424,0.93,0.1045,0,3
235,2011-01-11 00:00:00,1,0,1,1,FALSE,2,1,0.14,234,0.1515,0.59,0.1642,1970-01-01 00:00:00,3,3,832,2011-02-07 00:00:00,1,0,2,2,FALSE,1,1,0.2,0.2576,0.8,0,0,3
235,2011-01-11 00:00:00,1,0,1,1,FALSE,2,1,0.14,234,0.1515,0.59,0.1642,1970-01-01 00:00:00,3,3,858,2011-02-08 00:00:00,1,0,2,4,FALSE,2,1,0.26,0.2576,0.93,0.1642,0,3
235,2011-01-11 00:00:00,1,0,1,1,FALSE,2,1,0.14,234,0.1515,0.59,0.1642,1970-01-01 00:00:00,3,3,880,2011-02-09 00:00:00,1,0,2,2,FALSE,3,1,0.08,0.0758,0.38,0.2836,1,2
235,2011-01-11 00:00:00,1,0,1,1,FALSE,2,1,0.14,234,0.1515,0.59,0.1642,1970-01-01 00:00:00,3,3,903,2011-02-10 00:00:00,1,0,2,2,FALSE,4,3,0.14,0.1515,0.8,0.1343,0,3
235,2011-01-11 00:00:00,1,0,1,1,FALSE,2,1,0.14,234,0.1515,0.59,0.1642,1970-01-01 00:00:00,3,3,926,2011-02-11 00:00:00,1,0,2,2,FALSE,5,1,0.1,0.1364,0.54,0.0896,0,3
235,2011-01-11 00:00:00,1,0,1,1,FALSE,2,1,0.14,234,0.1515,0.59,0.1642,1970-01-01 00:00:00,3,3,976,2011-02-13 00:00:00,1,0,2,7,FALSE,0,2,0.22,0.2727,0.55,0,0,3
235,2011-01-11 00:00:00,1,0,1,1,FALSE,2,1,0.14,234,0.1515,0.59,0.1642,1970-01-01 00:00:00,3,3,998,2011-02-14 00:00:00,1,0,2,5,FALSE,1,1,0.32,0.303,0.53,0.2836,0,3
236,2011-01-11 00:00:00,1,0,1,2,FALSE,2,2,0.16,235,0.1515,0.55,0.194,1970-01-01 00:00:00,3,3,623,2011-01-29 00:00:00,1,0,1,4,FALSE,6,1,0.16,0.1818,0.69,0.1045,1,2
236,2011-01-11 00:00:00,1,0,1,2,FALSE,2,2,0.16,235,0.1515,0.55,0.194,1970-01-01 00:00:00,3,3,647,2011-01-30 00:00:00,1,0,1,5,FALSE,0,1,0.14,0.2121,0.86,0,0,3
236,2011-01-11 00:00:00,1,0,1,2,FALSE,2,2,0.16,235,0.1515,0.55,0.194,1970-01-01 00:00:00,3,3,648,2011-01-30 00:00:00,1,0,1,7,FALSE,0,1,0.14,0.2121,0.86,0,0,3
236,2011-01-11 00:00:00,1,0,1,2,FALSE,2,2,0.16,235,0.1515,0.55,0.194,1970-01-01 00:00:00,3,3,690,2011-02-01 00:00:00,1,0,2,1,FALSE,2,2,0.16,0.1818,0.69,0.1045,0,3
236,2011-01-11 00:00:00,1,0,1,2,FALSE,2,2,0.16,235,0.1515,0.55,0.194,1970-01-01 00:00:00,3,3,693,2011-02-01 00:00:00,1,0,2,5,FALSE,2,3,0.14,0.2121,0.93,0,0,3
236,2011-01-11 00:00:00,1,0,1,2,FALSE,2,2,0.16,235,0.1515,0.55,0.194,1970-01-01 00:00:00,3,3,713,2011-02-02 00:00:00,1,0,2,1,FALSE,3,3,0.22,0.2273,0.93,0.194,0,3
236,2011-01-11 00:00:00,1,0,1,2,FALSE,2,2,0.16,235,0.1515,0.55,0.194,1970-01-01 00:00:00,3,3,717,2011-02-02 00:00:00,1,0,2,5,FALSE,3,3,0.22,0.2424,0.93,0.1045,0,3
236,2011-01-11 00:00:00,1,0,1,2,FALSE,2,2,0.16,235,0.1515,0.55,0.194,1970-01-01 00:00:00,3,3,832,2011-02-07 00:00:00,1,0,2,2,FALSE,1,1,0.2,0.2576,0.8,0,0,3
236,2011-01-11 00:00:00,1,0,1,2,FALSE,2,2,0.16,235,0.1515,0.55,0.194,1970-01-01 00:00:00,3,3,858,2011-02-08 00:00:00,1,0,2,4,FALSE,2,1,0.26,0.2576,0.93,0.1642,0,3
236,2011-01-11 00:00:00,1,0,1,2,FALSE,2,2,0.16,235,0.1515,0.55,0.194,1970-01-01 00:00:00,3,3,880,2011-02-09 00:00:00,1,0,2,2,FALSE,3,1,0.08,0.0758,0.38,0.2836,1,2
236,2011-01-11 00:00:00,1,0,1,2,FALSE,2,2,0.16,235,0.1515,0.55,0.194,1970-01-01 00:00:00,3,3,903,2011-02-10 00:00:00,1,0,2,2,FALSE,4,3,0.14,0.1515,0.8,0.1343,0,3
236,2011-01-11 00:00:00,1,0,1,2,FALSE,2,2,0.16,235,0.1515,0.55,0.194,1970-01-01 00:00:00,3,3,926,2011-02-11 00:00:00,1,0,2,2,FALSE,5,1,0.1,0.1364,0.54,0.0896,0,3
236,2011-01-11 00:00:00,1,0,1,2,FALSE,2,2,0.16,235,0.1515,0.55,0.194,1970-01-01 00:00:00,3,3,976,2011-02-13 00:00:00,1,0,2,7,FALSE,0,2,0.22,0.2727,0.55,0,0,3
236,2011-01-11 00:00:00,1,0,1,2,FALSE,2,2,0.16,235,0.1515,0.55,0.194,1970-01-01 00:00:00,3,3,998,2011-02-14 00:00:00,1,0,2,5,FALSE,1,1,0.32,0.303,0.53,0.2836,0,3
281,2011-01-13 00:00:00,1,0,1,3,FALSE,4,1,0.14,280,0.1212,0.5,0.3284,1970-01-01 00:00:00,3,3,623,2011-01-29 00:00:00,1,0,1,4,FALSE,6,1,0.16,0.1818,0.69,0.1045,1,2
281,2011-01-13 00:00:00,1,0,1,3,FALSE,4,1,0.14,280,0.1212,0.5,0.3284,1970-01-01 00:00:00,3,3,647,2011-01-30 00:00:00,1,0,1,5,FALSE,0,1,0.14,0.2121,0.86,0,0,3
281,2011-01-13 00:00:00,1,0,1,3,FALSE,4,1,0.14,280,0.1212,0.5,0.3284,1970-01-01 00:00:00,3,3,648,2011-01-30 00:00:00,1,0,1,7,FALSE,0,1,0.14,0.2121,0.86,0,0,3
281,2011-01-13 00:00:00,1,0,1,3,FALSE,4,1,0.14,280,0.1212,0.5,0.3284,1970-01-01 00:00:00,3,3,690,2011-02-01 00:00:00,1,0,2,1,FALSE,2,2,0.16,0.1818,0.69,0.1045,0,3
281,2011-01-13 00:00:00,1,0,1,3,FALSE,4,1,0.14,280,0.1212,0.5,0.3284,1970-01-01 00:00:00,3,3,693,2011-02-01 00:00:00,1,0,2,5,FALSE,2,3,0.14,0.2121,0.93,0,0,3
281,2011-01-13 00:00:00,1,0,1,3,FALSE,4,1,0.14,280,0.1212,0.5,0.3284,1970-01-01 00:00:00,3,3,713,2011-02-02 00:00:00,1,0,2,1,FALSE,3,3,0.22,0.2273,0.93,0.194,0,3
281,2011-01-13 00:00:00,1,0,1,3,FALSE,4,1,0.14,280,0.1212,0.5,0.3284,1970-01-01 00:00:00,3,3,717,2011-02-02 00:00:00,1,0,2,5,FALSE,3,3,0.22,0.2424,0.93,0.1045,0,3
281,2011-01-13 00:00:00,1,0,1,3,FALSE,4,1,0.14,280,0.1212,0.5,0.3284,1970-01-01 00:00:00,3,3,832,2011-02-07 00:00:00,1,0,2,2,FALSE,1,1,0.2,0.2576,0.8,0,0,3
281,2011-01-13 00:00:00,1,0,1,3,FALSE,4,1,0.14,280,0.1212,0.5,0.3284,1970-01-01 00:00:00,3,3,858,2011-02-08 00:00:00,1,0,2,4,FALSE,2,1,0.26,0.2576,0.93,0.1642,0,3
281,2011-01-13 00:00:00,1,0,1,3,FALSE,4,1,0.14,280,0.1212,0.5,0.3284,1970-01-01 00:00:00,3,3,880,2011-02-09 00:00:00,1,0,2,2,FALSE,3,1,0.08,0.0758,0.38,0.2836,1,2
281,2011-01-13 00:00:00,1,0,1,3,FALSE,4,1,0.14,280,0.1212,0.5,0.3284,1970-01-01 00:00:00,3,3,903,2011-02-10 00:00:00,1,0,2,2,FALSE,4,3,0.14,0.1515,0.8,0.1343,0,3
281,2011-01-13 00:00:00,1,0,1,3,FALSE,4,1,0.14,280,0.1212,0.5,0.3284,1970-01-01 00:00:00,3,3,926,2011-02-11 00:00:00,1,0,2,2,FALSE,5,1,0.1,0.1364,0.54,0.0896,0,3
281,2011-01-13 00:00:00,1,0,1,3,FALSE,4,1,0.14,280,0.1212,0.5,0.3284,1970-01-01 00:00:00,3,3,976,2011-02-13 00:00:00,1,0,2,7,FALSE,0,2,0.22,0.2727,0.55,0,0,3
281,2011-01-13 00:00:00,1,0,1,3,FALSE,4,1,0.14,280,0.1212,0.5,0.3284,1970-01-01 00:00:00,3,3,998,2011-02-14 00:00:00,1,0,2,5,FALSE,1,1,0.32,0.303,0.53,0.2836,0,3
283,2011-01-13 00:00:00,1,0,1,5,FALSE,4,1,0.14,282,0.1212,0.5,0.2985,1970-01-01 00:00:00,3,3,623,2011-01-29 00:00:00,1,0,1,4,FALSE,6,1,0.16,0.1818,0.69,0.1045,1,2
283,2011-01-13 00:00:00,1,0,1,5,FALSE,4,1,0.14,282,0.1212,0.5,0.2985,1970-01-01 00:00:00,3,3,647,2011-01-30 00:00:00,1,0,1,5,FALSE,0,1,0.14,0.2121,0.86,0,0,3
283,2011-01-13 00:00:00,1,0,1,5,FALSE,4,1,0.14,282,0.1212,0.5,0.2985,1970-01-01 00:00:00,3,3,648,2011-01-30 00:00:00,1,0,1,7,FALSE,0,1,0.14,0.2121,0.86,0,0,3
283,2011-01-13 00:00:00,1,0,1,5,FALSE,4,1,0.14,282,0.1212,0.5,0.2985,1970-01-01 00:00:00,3,3,690,2011-02-01 00:00:00,1,0,2,1,FALSE,2,2,0.16,0.1818,0.69,0.1045,0,3
283,2011-01-13 00:00:00,1,0,1,5,FALSE,4,1,0.14,282,0.1212,0.5,0.2985,1970-01-01 00:00:00,3,3,693,2011-02-01 00:00:00,1,0,2,5,FALSE,2,3,0.14,0.2121,0.93,0,0,3
283,2011-01-13 00:00:00,1,0,1,5,FALSE,4,1,0.14,282,0.1212,0.5,0.2985,1970-01-01 00:00:00,3,3,713,2011-02-02 00:00:00,1,0,2,1,FALSE,3,3,0.22,0.2273,0.93,0.194,0,3
283,2011-01-13 00:00:00,1,0,1,5,FALSE,4,1,0.14,282,0.1212,0.5,0.2985,1970-01-01 00:00:00,3,3,717,2011-02-02 00:00:00,1,0,2,5,FALSE,3,3,0.22,0.2424,0.93,0.1045,0,3
283,2011-01-13 00:00:00,1,0,1,5,FALSE,4,1,0.14,282,0.1212,0.5,0.2985,1970-01-01 00:00:00,3,3,832,2011-02-07 00:00:00,1,0,2,2,FALSE,1,1,0.2,0.2576,0.8,0,0,3
283,2011-01-13 00:00:00,1,0,1,5,FALSE,4,1,0.14,282,0.1212,0.5,0.2985,1970-01-01 00:00:00,3,3,858,2011-02-08 00:00:00,1,0,2,4,FALSE,2,1,0.26,0.2576,0.93,0.1642,0,3
283,2011-01-13 00:00:00,1,0,1,5,FALSE,4,1,0.14,282,0.1212,0.5,0.2985,1970-01-01 00:00:00,3,3,880,2011-02-09 00:00:00,1,0,2,2,FALSE,3,1,0.08,0.0758,0.38,0.2836,1,2
283,2011-01-13 00:00:00,1,0,1,5,FALSE,4,1,0.14,282,0.1212,0.5,0.2985,1970-01-01 00:00:00,3,3,903,2011-02-10 00:00:00,1,0,2,2,FALSE,4,3,0.14,0.1515,0.8,0.1343,0,3
283,2011-01-13 00:00:00,1,0,1,5,FALSE,4,1,0.14,282,0.1212,0.5,0.2985,1970-01-01 00:00:00,3,3,926,2011-02-11 00:00:00,1,0,2,2,FALSE,5,1,0.1,0.1364,0.54,0.0896,0,3
283,2011-01-13 00:00:00,1,0,1,5,FALSE,4,1,0.14,282,0.1212,0.5,0.2985,1970-01-01 00:00:00,3,3,976,2011-02-13 00:00:00,1,0,2,7,FALSE,0,2,0.22,0.2727,0.55,0,0,3
283,2011-01-13 00:00:00,1,0,1,5,FALSE,4,1,0.14,282,0.1212,0.5,0.2985,1970-01-01 00:00:00,3,3,998,2011-02-14 00:00:00,1,0,2,5,FALSE,1,1,0.32,0.303,0.53,0.2836,0,3
331,2011-01-15 00:00:00,1,0,1,6,FALSE,6,1,0.14,330,0.1667,0.63,0.1045,1970-01-01 00:00:00,2,3,623,2011-01-29 00:00:00,1,0,1,4,FALSE,6,1,0.16,0.1818,0.69,0.1045,1,2
331,2011-01-15 00:00:00,1,0,1,6,FALSE,6,1,0.14,330,0.1667,0.63,0.1045,1970-01-01 00:00:00,2,3,647,2011-01-30 00:00:00,1,0,1,5,FALSE,0,1,0.14,0.2121,0.86,0,0,3
331,2011-01-15 00:00:00,1,0,1,6,FALSE,6,1,0.14,330,0.1667,0.63,0.1045,1970-01-01 00:00:00,2,3,648,2011-01-30 00:00:00,1,0,1,7,FALSE,0,1,0.14,0.2121,0.86,0,0,3
331,2011-01-15 00:00:00,1,0,1,6,FALSE,6,1,0.14,330,0.1667,0.63,0.1045,1970-01-01 00:00:00,2,3,690,2011-02-01 00:00:00,1,0,2,1,FALSE,2,2,0.16,0.1818,0.69,0.1045,0,3
331,2011-01-15 00:00:00,1,0,1,6,FALSE,6,1,0.14,330,0.1667,0.63,0.1045,1970-01-01 00:00:00,2,3,693,2011-02-01 00:00:00,1,0,2,5,FALSE,2,3,0.14,0.2121,0.93,0,0,3
331,2011-01-15 00:00:00,1,0,1,6,FALSE,6,1,0.14,330,0.1667,0.63,0.1045,1970-01-01 00:00:00,2,3,713,2011-02-02 00:00:00,1,0,2,1,FALSE,3,3,0.22,0.2273,0.93,0.194,0,3
331,2011-01-15 00:00:00,1,0,1,6,FALSE,6,1,0.14,330,0.1667,0.63,0.1045,1970-01-01 00:00:00,2,3,717,2011-02-02 00:00:00,1,0,2,5,FALSE,3,3,0.22,0.2424,0.93,0.1045,0,3
331,2011-01-15 00:00:00,1,0,1,6,FALSE,6,1,0.14,330,0.1667,0.63,0.1045,1970-01-01 00:00:00,2,3,832,2011-02-07 00:00:00,1,0,2,2,FALSE,1,1,0.2,0.2576,0.8,0,0,3
331,2011-01-15 00:00:00,1,0,1,6,FALSE,6,1,0.14,330,0.1667,0.63,0.1045,1970-01-01 00:00:00,2,3,858,2011-02-08 00:00:00,1,0,2,4,FALSE,2,1,0.26,0.2576,0.93,0.1642,0,3
331,2011-01-15 00:00:00,1,0,1,6,FALSE,6,1,0.14,330,0.1667,0.63,0.1045,1970-01-01 00:00:00,2,3,880,2011-02-09 00:00:00,1,0,2,2,FALSE,3,1,0.08,0.0758,0.38,0.2836,1,2
331,2011-01-15 00:00:00,1,0,1,6,FALSE,6,1,0.14,330,0.1667,0.63,0.1045,1970-01-01 00:00:00,2,3,903,2011-02-10 00:00:00,1,0,2,2,FALSE,4,3,0.14,0.1515,0.8,0.1343,0,3
331,2011-01-15 00:00:00,1,0,1,6,FALSE,6,1,0.14,330,0.1667,0.63,0.1045,1970-01-01 00:00:00,2,3,926,2011-02-11 00:00:00,1,0,2,2,FALSE,5,1,0.1,0.1364,0.54,0.0896,0,3
331,2011-01-15 00:00:00,1,0,1,6,FALSE,6,1,0.14,330,0.1667,0.63,0.1045,1970-01-01 00:00:00,2,3,976,2011-02-13 00:00:00,1,0,2,7,FALSE,0,2,0.22,0.2727,0.55,0,0,3
331,2011-01-15 00:00:00,1,0,1,6,FALSE,6,1,0.14,330,0.1667,0.63,0.1045,1970-01-01 00:00:00,2,3,998,2011-02-14 00:00:00,1,0,2,5,FALSE,1,1,0.32,0.303,0.53,0.2836,0,3
356,2011-01-16 00:00:00,1,0,1,7,FALSE,0,2,0.24,355,0.2121,0.56,0.2985,1970-01-01 00:00:00,3,3,623,2011-01-29 00:00:00,1,0,1,4,FALSE,6,1,0.16,0.1818,0.69,0.1045,1,2
356,2011-01-16 00:00:00,1,0,1,7,FALSE,0,2,0.24,355,0.2121,0.56,0.2985,1970-01-01 00:00:00,3,3,647,2011-01-30 00:00:00,1,0,1,5,FALSE,0,1,0.14,0.2121,0.86,0,0,3
356,2011-01-16 00:00:00,1,0,1,7,FALSE,0,2,0.24,355,0.2121,0.56,0.2985,1970-01-01 00:00:00,3,3,648,2011-01-30 00:00:00,1,0,1,7,FALSE,0,1,0.14,0.2121,0.86,0,0,3
356,2011-01-16 00:00:00,1,0,1,7,FALSE,0,2,0.24,355,0.2121,0.56,0.2985,1970-01-01 00:00:00,3,3,690,2011-02-01 00:00:00,1,0,2,1,FALSE,2,2,0.16,0.1818,0.69,0.1045,0,3
356,2011-01-16 00:00:00,1,0,1,7,FALSE,0,2,0.24,355,0.2121,0.56,0.2985,1970-01-01 00:00:00,3,3,693,2011-02-01 00:00:00,1,0,2,5,FALSE,2,3,0.14,0.2121,0.93,0,0,3
356,2011-01-16 00:00:00,1,0,1,7,FALSE,0,2,0.24,355,0.2121,0.56,0.2985,1970-01-01 00:00:00,3,3,713,2011-02-02 00:00:00,1,0,2,1,FALSE,3,3,0.22,0.2273,0.93,0.194,0,3
356,2011-01-16 00:00:00,1,0,1,7,FALSE,0,2,0.24,355,0.2121,0.56,0.2985,1970-01-01 00:00:00,3,3,717,2011-02-02 00:00:00,1,0,2,5,FALSE,3,3,0.22,0.2424,0.93,0.1045,0,3
356,2011-01-16 00:00:00,1,0,1,7,FALSE,0,2,0.24,355,0.2121,0.56,0.2985,1970-01-01 00:00:00,3,3,832,2011-02-07 00:00:00,1,0,2,2,FALSE,1,1,0.2,0.2576,0.8,0,0,3
356,2011-01-16 00:00:00,1,0,1,7,FALSE,0,2,0.24,355,0.2121,0.56,0.2985,1970-01-01 00:00:00,3,3,858,2011-02-08 00:00:00,1,0,2,4,FALSE,2,1,0.26,0.2576,0.93,0.1642,0,3
356,2011-01-16 00:00:00,1,0,1,7,FALSE,0,2,0.24,355,0.2121,0.56,0.2985,1970-01-01 00:00:00,3,3,880,2011-02-09 00:00:00,1,0,2,2,FALSE,3,1,0.08,0.0758,0.38,0.2836,1,2
356,2011-01-16 00:00:00,1,0,1,7,FALSE,0,2,0.24,355,0.2121,0.56,0.2985,1970-01-01 00:00:00,3,3,903,2011-02-10 00:00:00,1,0,2,2,FALSE,4,3,0.14,0.1515,0.8,0.1343,0,3
356,2011-01-16 00:00:00,1,0,1,7,FALSE,0,2,0.24,355,0.2121,0.56,0.2985,1970-01-01 00:00:00,3,3,926,2011-02-11 00:00:00,1,0,2,2,FALSE,5,1,0.1,0.1364,0.54,0.0896,0,3
356,2011-01-16 00:00:00,1,0,1,7,FALSE,0,2,0.24,355,0.2121,0.56,0.2985,1970-01-01 00:00:00,3,3,976,2011-02-13 00:00:00,1,0,2,7,FALSE,0,2,0.22,0.2727,0.55,0,0,3
356,2011-01-16 00:00:00,1,0,1,7,FALSE,0,2,0.24,355,0.2121,0.56,0.2985,1970-01-01 00:00:00,3,3,998,2011-02-14 00:00:00,1,0,2,5,FALSE,1,1,0.32,0.303,0.53,0.2836,0,3
377,2011-01-17 00:00:00,1,0,1,4,TRUE,1,2,0.18,376,0.197,0.43,0.1343,1970-01-01 00:00:00,2,3,623,2011-01-29 00:00:00,1,0,1,4,FALSE,6,1,0.16,0.1818,0.69,0.1045,1,2
377,2011-01-17 00:00:00,1,0,1,4,TRUE,1,2,0.18,376,0.197,0.43,0.1343,1970-01-01 00:00:00,2,3,647,2011-01-30 00:00:00,1,0,1,5,FALSE,0,1,0.14,0.2121,0.86,0,0,3
377,2011-01-17 00:00:00,1,0,1,4,TRUE,1,2,0.18,376,0.197,0.43,0.1343,1970-01-01 00:00:00,2,3,648,2011-01-30 00:00:00,1,0,1,7,FALSE,0,1,0.14,0.2121,0.86,0,0,3
377,2011-01-17 00:00:00,1,0,1,4,TRUE,1,2,0.18,376,0.197,0.43,0.1343,1970-01-01 00:00:00,2,3,690,2011-02-01 00:00:00,1,0,2,1,FALSE,2,2,0.16,0.1818,0.69,0.1045,0,3
377,2011-01-17 00:00:00,1,0,1,4,TRUE,1,2,0.18,376,0.197,0.43,0.1343,1970-01-01 00:00:00,2,3,693,2011-02-01 00:00:00,1,0,2,5,FALSE,2,3,0.14,0.2121,0.93,0,0,3
377,2011-01-17 00:00:00,1,0,1,4,TRUE,1,2,0.18,376,0.197,0.43,0.1343,1970-01-01 00:00:00,2,3,713,2011-02-02 00:00:00,1,0,2,1,FALSE,3,3,0.22,0.2273,0.93,0.194,0,3
377,2011-01-17 00:00:00,1,0,1,4,TRUE,1,2,0.18,376,0.197,0.43,0.1343,1970-01-01 00:00:00,2,3,717,2011-02-02 00:00:00,1,0,2,5,FALSE,3,3,0.22,0.2424,0.93,0.1045,0,3
377,2011-01-17 00:00:00,1,0,1,4,TRUE,1,2,0.18,376,0.197,0.43,0.1343,1970-01-01 00:00:00,2,3,832,2011-02-07 00:00:00,1,0,2,2,FALSE,1,1,0.2,0.2576,0.8,0,0,3
377,2011-01-17 00:00:00,1,0,1,4,TRUE,1,2,0.18,376,0.197,0.43,0.1343,1970-01-01 00:00:00,2,3,858,2011-02-08 00:00:00,1,0,2,4,FALSE,2,1,0.26,0.2576,0.93,0.1642,0,3
377,2011-01-17 00:00:00,1,0,1,4,TRUE,1,2,0.18,376,0.197,0.43,0.1343,1970-01-01 00:00:00,2,3,880,2011-02-09 00:00:00,1,0,2,2,FALSE,3,1,0.08,0.0758,0.38,0.2836,1,2
377,2011-01-17 00:00:00,1,0,1,4,TRUE,1,2,0.18,376,0.197,0.43,0.1343,1970-01-01 00:00:00,2,3,903,2011-02-10 00:00:00,1,0,2,2,FALSE,4,3,0.14,0.1515,0.8,0.1343,0,3
377,2011-01-17 00:00:00,1,0,1,4,TRUE,1,2,0.18,376,0.197,0.43,0.1343,1970-01-01 00:00:00,2,3,926,2011-02-11 00:00:00,1,0,2,2,FALSE,5,1,0.1,0.1364,0.54,0.0896,0,3
377,2011-01-17 00:00:00,1,0,1,4,TRUE,1,2,0.18,376,0.197,0.43,0.1343,1970-01-01 00:00:00,2,3,976,2011-02-13 00:00:00,1,0,2,7,FALSE,0,2,0.22,0.2727,0.55,0,0,3
377,2011-01-17 00:00:00,1,0,1,4,TRUE,1,2,0.18,376,0.197,0.43,0.1343,1970-01-01 00:00:00,2,3,998,2011-02-14 00:00:00,1,0,2,5,FALSE,1,1,0.32,0.303,0.53,0.2836,0,3
397,2011-01-18 00:00:00,1,0,1,12,FALSE,2,2,0.2,396,0.1818,0.86,0.3284,1970-01-01 00:00:00,3,3,623,2011-01-29 00:00:00,1,0,1,4,FALSE,6,1,0.16,0.1818,0.69,0.1045,1,2
397,2011-01-18 00:00:00,1,0,1,12,FALSE,2,2,0.2,396,0.1818,0.86,0.3284,1970-01-01 00:00:00,3,3,647,2011-01-30 00:00:00,1,0,1,5,FALSE,0,1,0.14,0.2121,0.86,0,0,3
397,2011-01-18 00:00:00,1,0,1,12,FALSE,2,2,0.2,396,0.1818,0.86,0.3284,1970-01-01 00:00:00,3,3,648,2011-01-30 00:00:00,1,0,1,7,FALSE,0,1,0.14,0.2121,0.86,0,0,3
397,2011-01-18 00:00:00,1,0,1,12,FALSE,2,2,0.2,396,0.1818,0.86,0.3284,1970-01-01 00:00:00,3,3,690,2011-02-01 00:00:00,1,0,2,1,FALSE,2,2,0.16,0.1818,0.69,0.1045,0,3
397,2011-01-18 00:00:00,1,0,1,12,FALSE,2,2,0.2,396,0.1818,0.86,0.3284,1970-01-01 00:00:00,3,3,693,2011-02-01 00:00:00,1,0,2,5,FALSE,2,3,0.14,0.2121,0.93,0,0,3
397,2011-01-18 00:00:00,1,0,1,12,FALSE,2,2,0.2,396,0.1818,0.86,0.3284,1970-01-01 00:00:00,3,3,713,2011-02-02 00:00:00,1,0,2,1,FALSE,3,3,0.22,0.2273,0.93,0.194,0,3
397,2011-01-18 00:00:00,1,0,1,12,FALSE,2,2,0.2,396,0.1818,0.86,0.3284,1970-01-01 00:00:00,3,3,717,2011-02-02 00:00:00,1,0,2,5,FALSE,3,3,0.22,0.2424,0.93,0.1045,0,3
397,2011-01-18 00:00:00,1,0,1,12,FALSE,2,2,0.2,396,0.1818,0.86,0.3284,1970-01-01 00:00:00,3,3,832,2011-02-07 00:00:00,1,0,2,2,FALSE,1,1,0.2,0.2576,0.8,0,0,3
397,2011-01-18 00:00:00,1,0,1,12,FALSE,2,2,0.2,396,0.1818,0.86,0.3284,1970-01-01 00:00:00,3,3,858,2011-02-08 00:00:00,1,0,2,4,FALSE,2,1,0.26,0.2576,0.93,0.1642,0,3
397,2011-01-18 00:00:00,1,0,1,12,FALSE,2,2,0.2,396,0.1818,0.86,0.3284,1970-01-01 00:00:00,3,3,880,2011-02-09 00:00:00,1,0,2,2,FALSE,3,1,0.08,0.0758,0.38,0.2836,1,2
397,2011-01-18 00:00:00,1,0,1,12,FALSE,2,2,0.2,396,0.1818,0.86,0.3284,1970-01-01 00:00:00,3,3,903,2011-02-10 00:00:00,1,0,2,2,FALSE,4,3,0.14,0.1515,0.8,0.1343,0,3
397,2011-01-18 00:00:00,1,0,1,12,FALSE,2,2,0.2,396,0.1818,0.86,0.3284,1970-01-01 00:00:00,3,3,926,2011-02-11 00:00:00,1,0,2,2,FALSE,5,1,0.1,0.1364,0.54,0.0896,0,3
397,2011-01-18 00:00:00,1,0,1,12,FALSE,2,2,0.2,396,0.1818,0.86,0.3284,1970-01-01 00:00:00,3,3,976,2011-02-13 00:00:00,1,0,2,7,FALSE,0,2,0.22,0.2727,0.55,0,0,3
397,2011-01-18 00:00:00,1,0,1,12,FALSE,2,2,0.2,396,0.1818,0.86,0.3284,1970-01-01 00:00:00,3,3,998,2011-02-14 00:00:00,1,0,2,5,FALSE,1,1,0.32,0.303,0.53,0.2836,0,3
409,2011-01-19 00:00:00,1,0,1,0,FALSE,3,2,0.22,408,0.2727,0.93,0,1970-01-01 00:00:00,3,3,623,2011-01-29 00:00:00,1,0,1,4,FALSE,6,1,0.16,0.1818,0.69,0.1045,1,2
409,2011-01-19 00:00:00,1,0,1,0,FALSE,3,2,0.22,408,0.2727,0.93,0,1970-01-01 00:00:00,3,3,647,2011-01-30 00:00:00,1,0,1,5,FALSE,0,1,0.14,0.2121,0.86,0,0,3
409,2011-01-19 00:00:00,1,0,1,0,FALSE,3,2,0.22,408,0.2727,0.93,0,1970-01-01 00:00:00,3,3,648,2011-01-30 00:00:00,1,0,1,7,FALSE,0,1,0.14,0.2121,0.86,0,0,3
409,2011-01-19 00:00:00,1,0,1,0,FALSE,3,2,0.22,408,0.2727,0.93,0,1970-01-01 00:00:00,3,3,690,2011-02-01 00:00:00,1,0,2,1,FALSE,2,2,0.16,0.1818,0.69,0.1045,0,3
409,2011-01-19 00:00:00,1,0,1,0,FALSE,3,2,0.22,408,0.2727,0.93,0,1970-01-01 00:00:00,3,3,693,2011-02-01 00:00:00,1,0,2,5,FALSE,2,3,0.14,0.2121,0.93,0,0,3
409,2011-01-19 00:00:00,1,0,1,0,FALSE,3,2,0.22,408,0.2727,0.93,0,1970-01-01 00:00:00,3,3,713,2011-02-02 00:00:00,1,0,2,1,FALSE,3,3,0.22,0.2273,0.93,0.194,0,3
409,2011-01-19 00:00:00,1,0,1,0,FALSE,3,2,0.22,408,0.2727,0.93,0,1970-01-01 00:00:00,3,3,717,2011-02-02 00:00:00,1,0,2,5,FALSE,3,3,0.22,0.2424,0.93,0.1045,0,3
409,2011-01-19 00:00:00,1,0,1,0,FALSE,3,2,0.22,408,0.2727,0.93,0,1970-01-01 00:00:00,3,3,832,2011-02-07 00:00:00,1,0,2,2,FALSE,1,1,0.2,0.2576,0.8,0,0,3
409,2011-01-19 00:00:00,1,0,1,0,FALSE,3,2,0.22,408,0.2727,0.93,0,1970-01-01 00:00:00,3,3,858,2011-02-08 00:00:00,1,0,2,4,FALSE,2,1,0.26,0.2576,0.93,0.1642,0,3
409,2011-01-19 00:00:00,1,0,1,0,FALSE,3,2,0.22,408,0.2727,0.93,0,1970-01-01 00:00:00,3,3,880,2011-02-09 00:00:00,1,0,2,2,FALSE,3,1,0.08,0.0758,0.38,0.2836,1,2
409,2011-01-19 00:00:00,1,0,1,0,FALSE,3,2,0.22,408,0.2727,0.93,0,1970-01-01 00:00:00,3,3,903,2011-02-10 00:00:00,1,0,2,2,FALSE,4,3,0.14,0.1515,0.8,0.1343,0,3
409,2011-01-19 00:00:00,1,0,1,0,FALSE,3,2,0.22,408,0.2727,0.93,0,1970-01-01 00:00:00,3,3,926,2011-02-11 00:00:00,1,0,2,2,FALSE,5,1,0.1,0.1364,0.54,0.0896,0,3
409,2011-01-19 00:00:00,1,0,1,0,FALSE,3,2,0.22,408,0.2727,0.93,0,1970-01-01 00:00:00,3,3,976,2011-02-13 00:00:00,1,0,2,7,FALSE,0,2,0.22,0.2727,0.55,0,0,3
409,2011-01-19 00:00:00,1,0,1,0,FALSE,3,2,0.22,408,0.2727,0.93,0,1970-01-01 00:00:00,3,3,998,2011-02-14 00:00:00,1,0,2,5,FALSE,1,1,0.32,0.303,0.53,0.2836,0,3
411,2011-01-19 00:00:00,1,0,1,2,FALSE,3,3,0.22,410,0.2273,0.93,0.1343,1970-01-01 00:00:00,3,3,623,2011-01-29 00:00:00,1,0,1,4,FALSE,6,1,0.16,0.1818,0.69,0.1045,1,2
411,2011-01-19 00:00:00,1,0,1,2,FALSE,3,3,0.22,410,0.2273,0.93,0.1343,1970-01-01 00:00:00,3,3,647,2011-01-30 00:00:00,1,0,1,5,FALSE,0,1,0.14,0.2121,0.86,0,0,3
411,2011-01-19 00:00:00,1,0,1,2,FALSE,3,3,0.22,410,0.2273,0.93,0.1343,1970-01-01 00:00:00,3,3,648,2011-01-30 00:00:00,1,0,1,7,FALSE,0,1,0.14,0.2121,0.86,0,0,3
411,2011-01-19 00:00:00,1,0,1,2,FALSE,3,3,0.22,410,0.2273,0.93,0.1343,1970-01-01 00:00:00,3,3,690,2011-02-01 00:00:00,1,0,2,1,FALSE,2,2,0.16,0.1818,0.69,0.1045,0,3
411,2011-01-19 00:00:00,1,0,1,2,FALSE,3,3,0.22,410,0.2273,0.93,0.1343,1970-01-01 00:00:00,3,3,693,2011-02-01 00:00:00,1,0,2,5,FALSE,2,3,0.14,0.2121,0.93,0,0,3
411,2011-01-19 00:00:00,1,0,1,2,FALSE,3,3,0.22,410,0.2273,0.93,0.1343,1970-01-01 00:00:00,3,3,713,2011-02-02 00:00:00,1,0,2,1,FALSE,3,3,0.22,0.2273,0.93,0.194,0,3
411,2011-01-19 00:00:00,1,0,1,2,FALSE,3,3,0.22,410,0.2273,0.93,0.1343,1970-01-01 00:00:00,3,3,717,2011-02-02 00:00:00,1,0,2,5,FALSE,3,3,0.22,0.2424,0.93,0.1045,0,3
411,2011-01-19 00:00:00,1,0,1,2,FALSE,3,3,0.22,410,0.2273,0.93,0.1343,1970-01-01 00:00:00,3,3,832,2011-02-07 00:00:00,1,0,2,2,FALSE,1,1,0.2,0.2576,0.8,0,0,3
411,2011-01-19 00:00:00,1,0,1,2,FALSE,3,3,0.22,410,0.2273,0.93,0.1343,1970-01-01 00:00:00,3,3,858,2011-02-08 00:00:00,1,0,2,4,FALSE,2,1,0.26,0.2576,0.93,0.1642,0,3
411,2011-01-19 00:00:00,1,0,1,2,FALSE,3,3,0.22,410,0.2273,0.93,0.1343,1970-01-01 00:00:00,3,3,880,2011-02-09 00:00:00,1,0,2,2,FALSE,3,1,0.08,0.0758,0.38,0.2836,1,2
411,2011-01-19 00:00:00,1,0,1,2,FALSE,3,3,0.22,410,0.2273,0.93,0.1343,1970-01-01 00:00:00,3,3,903,2011-02-10 00:00:00,1,0,2,2,FALSE,4,3,0.14,0.1515,0.8,0.1343,0,3
411,2011-01-19 00:00:00,1,0,1,2,FALSE,3,3,0.22,410,0.2273,0.93,0.1343,1970-01-01 00:00:00,3,3,926,2011-02-11 00:00:00,1,0,2,2,FALSE,5,1,0.1,0.1364,0.54,0.0896,0,3
411,2011-01-19 00:00:00,1,0,1,2,FALSE,3,3,0.22,410,0.2273,0.93,0.1343,1970-01-01 00:00:00,3,3,976,2011-02-13 00:00:00,1,0,2,7,FALSE,0,2,0.22,0.2727,0.55,0,0,3
411,2011-01-19 00:00:00,1,0,1,2,FALSE,3,3,0.22,410,0.2273,0.93,0.1343,1970-01-01 00:00:00,3,3,998,2011-02-14 00:00:00,1,0,2,5,FALSE,1,1,0.32,0.303,0.53,0.2836,0,3
484,2011-01-22 00:00:00,1,0,1,4,FALSE,6,2,0.02,483,0.0152,0.48,0.2985,1970-01-01 00:00:00,3,3,623,2011-01-29 00:00:00,1,0,1,4,FALSE,6,1,0.16,0.1818,0.69,0.1045,1,2
484,2011-01-22 00:00:00,1,0,1,4,FALSE,6,2,0.02,483,0.0152,0.48,0.2985,1970-01-01 00:00:00,3,3,647,2011-01-30 00:00:00,1,0,1,5,FALSE,0,1,0.14,0.2121,0.86,0,0,3
484,2011-01-22 00:00:00,1,0,1,4,FALSE,6,2,0.02,483,0.0152,0.48,0.2985,1970-01-01 00:00:00,3,3,648,2011-01-30 00:00:00,1,0,1,7,FALSE,0,1,0.14,0.2121,0.86,0,0,3
484,2011-01-22 00:00:00,1,0,1,4,FALSE,6,2,0.02,483,0.0152,0.48,0.2985,1970-01-01 00:00:00,3,3,690,2011-02-01 00:00:00,1,0,2,1,FALSE,2,2,0.16,0.1818,0.69,0.1045,0,3
484,2011-01-22 00:00:00,1,0,1,4,FALSE,6,2,0.02,483,0.0152,0.48,0.2985,1970-01-01 00:00:00,3,3,693,2011-02-01 00:00:00,1,0,2,5,FALSE,2,3,0.14,0.2121,0.93,0,0,3
484,2011-01-22 00:00:00,1,0,1,4,FALSE,6,2,0.02,483,0.0152,0.48,0.2985,1970-01-01 00:00:00,3,3,713,2011-02-02 00:00:00,1,0,2,1,FALSE,3,3,0.22,0.2273,0.93,0.194,0,3
484,2011-01-22 00:00:00,1,0,1,4,FALSE,6,2,0.02,483,0.0152,0.48,0.2985,1970-01-01 00:00:00,3,3,717,2011-02-02 00:00:00,1,0,2,5,FALSE,3,3,0.22,0.2424,0.93,0.1045,0,3
484,2011-01-22 00:00:00,1,0,1,4,FALSE,6,2,0.02,483,0.0152,0.48,0.2985,1970-01-01 00:00:00,3,3,832,2011-02-07 00:00:00,1,0,2,2,FALSE,1,1,0.2,0.2576,0.8,0,0,3
484,2011-01-22 00:00:00,1,0,1,4,FALSE,6,2,0.02,483,0.0152,0.48,0.2985,1970-01-01 00:00:00,3,3,858,2011-02-08 00:00:00,1,0,2,4,FALSE,2,1,0.26,0.2576,0.93,0.1642,0,3
484,2011-01-22 00:00:00,1,0,1,4,FALSE,6,2,0.02,483,0.0152,0.48,0.2985,1970-01-01 00:00:00,3,3,880,2011-02-09 00:00:00,1,0,2,2,FALSE,3,1,0.08,0.0758,0.38,0.2836,1,2
484,2011-01-22 00:00:00,1,0,1,4,FALSE,6,2,0.02,483,0.0152,0.48,0.2985,1970-01-01 00:00:00,3,3,903,2011-02-10 00:00:00,1,0,2,2,FALSE,4,3,0.14,0.1515,0.8,0.1343,0,3
484,2011-01-22 00:00:00,1,0,1,4,FALSE,6,2,0.02,483,0.0152,0.48,0.2985,1970-01-01 00:00:00,3,3,926,2011-02-11 00:00:00,1,0,2,2,FALSE,5,1,0.1,0.1364,0.54,0.0896,0,3
484,2011-01-22 00:00:00,1,0,1,4,FALSE,6,2,0.02,483,0.0152,0.48,0.2985,1970-01-01 00:00:00,3,3,976,2011-02-13 00:00:00,1,0,2,7,FALSE,0,2,0.22,0.2727,0.55,0,0,3
484,2011-01-22 00:00:00,1,0,1,4,FALSE,6,2,0.02,483,0.0152,0.48,0.2985,1970-01-01 00:00:00,3,3,998,2011-02-14 00:00:00,1,0,2,5,FALSE,1,1,0.32,0.303,0.53,0.2836,0,3
507,2011-01-23 00:00:00,1,0,1,5,FALSE,0,2,0.04,506,0.0758,0.57,0.1045,1970-01-01 00:00:00,3,3,623,2011-01-29 00:00:00,1,0,1,4,FALSE,6,1,0.16,0.1818,0.69,0.1045,1,2
507,2011-01-23 00:00:00,1,0,1,5,FALSE,0,2,0.04,506,0.0758,0.57,0.1045,1970-01-01 00:00:00,3,3,647,2011-01-30 00:00:00,1,0,1,5,FALSE,0,1,0.14,0.2121,0.86,0,0,3
507,2011-01-23 00:00:00,1,0,1,5,FALSE,0,2,0.04,506,0.0758,0.57,0.1045,1970-01-01 00:00:00,3,3,648,2011-01-30 00:00:00,1,0,1,7,FALSE,0,1,0.14,0.2121,0.86,0,0,3
507,2011-01-23 00:00:00,1,0,1,5,FALSE,0,2,0.04,506,0.0758,0.57,0.1045,1970-01-01 00:00:00,3,3,690,2011-02-01 00:00:00,1,0,2,1,FALSE,2,2,0.16,0.1818,0.69,0.1045,0,3
507,2011-01-23 00:00:00,1,0,1,5,FALSE,0,2,0.04,506,0.0758,0.57,0.1045,1970-01-01 00:00:00,3,3,693,2011-02-01 00:00:00,1,0,2,5,FALSE,2,3,0.14,0.2121,0.93,0,0,3
507,2011-01-23 00:00:00,1,0,1,5,FALSE,0,2,0.04,506,0.0758,0.57,0.1045,1970-01-01 00:00:00,3,3,713,2011-02-02 00:00:00,1,0,2,1,FALSE,3,3,0.22,0.2273,0.93,0.194,0,3
507,2011-01-23 00:00:00,1,0,1,5,FALSE,0,2,0.04,506,0.0758,0.57,0.1045,1970-01-01 00:00:00,3,3,717,2011-02-02 00:00:00,1,0,2,5,FALSE,3,3,0.22,0.2424,0.93,0.1045,0,3
507,2011-01-23 00:00:00,1,0,1,5,FALSE,0,2,0.04,506,0.0758,0.57,0.1045,1970-01-01 00:00:00,3,3,832,2011-02-07 00:00:00,1,0,2,2,FALSE,1,1,0.2,0.2576,0.8,0,0,3
507,2011-01-23 00:00:00,1,0,1,5,FALSE,0,2,0.04,506,0.0758,0.57,0.1045,1970-01-01 00:00:00,3,3,858,2011-02-08 00:00:00,1,0,2,4,FALSE,2,1,0.26,0.2576,0.93,0.1642,0,3
507,2011-01-23 00:00:00,1,0,1,5,FALSE,0,2,0.04,506,0.0758,0.57,0.1045,1970-01-01 00:00:00,3,3,880,2011-02-09 00:00:00,1,0,2,2,FALSE,3,1,0.08,0.0758,0.38,0.2836,1,2
507,2011-01-23 00:00:00,1,0,1,5,FALSE,0,2,0.04,506,0.0758,0.57,0.1045,1970-01-01 00:00:00,3,3,903,2011-02-10 00:00:00,1,0,2,2,FALSE,4,3,0.14,0.1515,0.8,0.1343,0,3
507,2011-01-23 00:00:00,1,0,1,5,FALSE,0,2,0.04,506,0.0758,0.57,0.1045,1970-01-01 00:00:00,3,3,926,2011-02-11 00:00:00,1,0,2,2,FALSE,5,1,0.1,0.1364,0.54,0.0896,0,3
507,2011-01-23 00:00:00,1,0,1,5,FALSE,0,2,0.04,506,0.0758,0.57,0.1045,1970-01-01 00:00:00,3,3,976,2011-02-13 00:00:00,1,0,2,7,FALSE,0,2,0.22,0.2727,0.55,0,0,3
507,2011-01-23 00:00:00,1,0,1,5,FALSE,0,2,0.04,506,0.0758,0.57,0.1045,1970-01-01 00:00:00,3,3,998,2011-02-14 00:00:00,1,0,2,5,FALSE,1,1,0.32,0.303,0.53,0.2836,0,3
597,2011-01-28 00:00:00,1,0,1,1,FALSE,5,2,0.2,596,0.2121,0.75,0.1343,1970-01-01 00:00:00,2,3,623,2011-01-29 00:00:00,1,0,1,4,FALSE,6,1,0.16,0.1818,0.69,0.1045,1,2
597,2011-01-28 00:00:00,1,0,1,1,FALSE,5,2,0.2,596,0.2121,0.75,0.1343,1970-01-01 00:00:00,2,3,647,2011-01-30 00:00:00,1,0,1,5,FALSE,0,1,0.14,0.2121,0.86,0,0,3
597,2011-01-28 00:00:00,1,0,1,1,FALSE,5,2,0.2,596,0.2121,0.75,0.1343,1970-01-01 00:00:00,2,3,648,2011-01-30 00:00:00,1,0,1,7,FALSE,0,1,0.14,0.2121,0.86,0,0,3
597,2011-01-28 00:00:00,1,0,1,1,FALSE,5,2,0.2,596,0.2121,0.75,0.1343,1970-01-01 00:00:00,2,3,690,2011-02-01 00:00:00,1,0,2,1,FALSE,2,2,0.16,0.1818,0.69,0.1045,0,3
597,2011-01-28 00:00:00,1,0,1,1,FALSE,5,2,0.2,596,0.2121,0.75,0.1343,1970-01-01 00:00:00,2,3,693,2011-02-01 00:00:00,1,0,2,5,FALSE,2,3,0.14,0.2121,0.93,0,0,3
597,2011-01-28 00:00:00,1,0,1,1,FALSE,5,2,0.2,596,0.2121,0.75,0.1343,1970-01-01 00:00:00,2,3,713,2011-02-02 00:00:00,1,0,2,1,FALSE,3,3,0.22,0.2273,0.93,0.194,0,3
597,2011-01-28 00:00:00,1,0,1,1,FALSE,5,2,0.2,596,0.2121,0.75,0.1343,1970-01-01 00:00:00,2,3,717,2011-02-02 00:00:00,1,0,2,5,FALSE,3,3,0.22,0.2424,0.93,0.1045,0,3
597,2011-01-28 00:00:00,1,0,1,1,FALSE,5,2,0.2,596,0.2121,0.75,0.1343,1970-01-01 00:00:00,2,3,832,2011-02-07 00:00:00,1,0,2,2,FALSE,1,1,0.2,0.2576,0.8,0,0,3
597,2011-01-28 00:00:00,1,0,1,1,FALSE,5,2,0.2,596,0.2121,0.75,0.1343,1970-01-01 00:00:00,2,3,858,2011-02-08 00:00:00,1,0,2,4,FALSE,2,1,0.26,0.2576,0.93,0.1642,0,3
597,2011-01-28 00:00:00,1,0,1,1,FALSE,5,2,0.2,596,0.2121,0.75,0.1343,1970-01-01 00:00:00,2,3,880,2011-02-09 00:00:00,1,0,2,2,FALSE,3,1,0.08,0.0758,0.38,0.2836,1,2
597,2011-01-28 00:00:00,1,0,1,1,FALSE,5,2,0.2,596,0.2121,0.75,0.1343,1970-01-01 00:00:00,2,3,903,2011-02-10 00:00:00,1,0,2,2,FALSE,4,3,0.14,0.1515,0.8,0.1343,0,3
597,2011-01-28 00:00:00,1,0,1,1,FALSE,5,2,0.2,596,0.2121,0.75,0.1343,1970-01-01 00:00:00,2,3,926,2011-02-11 00:00:00,1,0,2,2,FALSE,5,1,0.1,0.1364,0.54,0.0896,0,3
597,2011-01-28 00:00:00,1,0,1,1,FALSE,5,2,0.2,596,0.2121,0.75,0.1343,1970-01-01 00:00:00,2,3,976,2011-02-13 00:00:00,1,0,2,7,FALSE,0,2,0.22,0.2727,0.55,0,0,3
597,2011-01-28 00:00:00,1,0,1,1,FALSE,5,2,0.2,596,0.2121,0.75,0.1343,1970-01-01 00:00:00,2,3,998,2011-02-14 00:00:00,1,0,2,5,FALSE,1,1,0.32,0.303,0.53,0.2836,0,3
9,2011-01-01 00:00:00,1,0,1,8,FALSE,6,1,0.24,8,,0.75,0,1970-01-01 00:00:00,7,8,622,2011-01-29 00:00:00,1,0,1,3,FALSE,6,1,0.2,0.2121,0.64,0.1343,3,5
9,2011-01-01 00:00:00,1,0,1,8,FALSE,6,1,0.24,8,,0.75,0,1970-01-01 00:00:00,7,8,645,2011-01-30 00:00:00,1,0,1,3,FALSE,0,1,0.14,0.2121,0.93,0,1,7
9,2011-01-01 00:00:00,1,0,1,8,FALSE,6,1,0.24,8,,0.75,0,1970-01-01 00:00:00,7,8,670,2011-01-31 00:00:00,1,0,1,5,FALSE,1,1,0.18,0.1667,0.64,0.2836,0,8
9,2011-01-01 00:00:00,1,0,1,8,FALSE,6,1,0.24,8,,0.75,0,1970-01-01 00:00:00,7,8,689,2011-02-01 00:00:00,1,0,2,0,FALSE,2,2,0.16,0.1818,0.64,0.1045,2,6
9,2011-01-01 00:00:00,1,0,1,8,FALSE,6,1,0.24,8,,0.75,0,1970-01-01 00:00:00,7,8,786,2011-02-05 00:00:00,1,0,2,4,FALSE,6,3,0.22,0.2273,0.93,0.1343,0,8
9,2011-01-01 00:00:00,1,0,1,8,FALSE,6,1,0.24,8,,0.75,0,1970-01-01 00:00:00,7,8,813,2011-02-06 00:00:00,1,0,2,7,FALSE,0,1,0.24,0.2424,0.65,0.1642,0,8
32,2011-01-02 00:00:00,1,0,1,8,FALSE,0,3,0.4,31,0.4091,0.71,0.2239,1970-01-01 00:00:00,8,8,622,2011-01-29 00:00:00,1,0,1,3,FALSE,6,1,0.2,0.2121,0.64,0.1343,3,5
32,2011-01-02 00:00:00,1,0,1,8,FALSE,0,3,0.4,31,0.4091,0.71,0.2239,1970-01-01 00:00:00,8,8,645,2011-01-30 00:00:00,1,0,1,3,FALSE,0,1,0.14,0.2121,0.93,0,1,7
32,2011-01-02 00:00:00,1,0,1,8,FALSE,0,3,0.4,31,0.4091,0.71,0.2239,1970-01-01 00:00:00,8,8,670,2011-01-31 00:00:00,1,0,1,5,FALSE,1,1,0.18,0.1667,0.64,0.2836,0,8
32,2011-01-02 00:00:00,1,0,1,8,FALSE,0,3,0.4,31,0.4091,0.71,0.2239,1970-01-01 00:00:00,8,8,689,2011-02-01 00:00:00,1,0,2,0,FALSE,2,2,0.16,0.1818,0.64,0.1045,2,6
32,2011-01-02 00:00:00,1,0,1,8,FALSE,0,3,0.4,31,0.4091,0.71,0.2239,1970-01-01 00:00:00,8,8,786,2011-02-05 00:00:00,1,0,2,4,FALSE,6,3,0.22,0.2273,0.93,0.1343,0,8
32,2011-01-02 00:00:00,1,0,1,8,FALSE,0,3,0.4,31,0.4091,0.71,0.2239,1970-01-01 00:00:00,8,8,813,2011-02-06 00:00:00,1,0,2,7,FALSE,0,1,0.24,0.2424,0.65,0.1642,0,8
47,2011-01-02 00:00:00,1,0,1,23,FALSE,0,1,0.22,46,0.2273,0.47,0.1642,1970-01-01 00:00:00,8,8,622,2011-01-29 00:00:00,1,0,1,3,FALSE,6,1,0.2,0.2121,0.64,0.1343,3,5
47,2011-01-02 00:00:00,1,0,1,23,FALSE,0,1,0.22,46,0.2273,0.47,0.1642,1970-01-01 00:00:00,8,8,645,2011-01-30 00:00:00,1,0,1,3,FALSE,0,1,0.14,0.2121,0.93,0,1,7
47,2011-01-02 00:00:00,1,0,1,23,FALSE,0,1,0.22,46,0.2273,0.47,0.1642,1970-01-01 00:00:00,8,8,670,2011-01-31 00:00:00,1,0,1,5,FALSE,1,1,0.18,0.1667,0.64,0.2836,0,8
47,2011-01-02 00:00:00,1,0,1,23,FALSE,0,1,0.22,46,0.2273,0.47,0.1642,1970-01-01 00:00:00,8,8,689,2011-02-01 00:00:00,1,0,2,0,FALSE,2,2,0.16,0.1818,0.64,0.1045,2,6
47,2011-01-02 00:00:00,1,0,1,23,FALSE,0,1,0.22,46,0.2273,0.47,0.1642,1970-01-01 00:00:00,8,8,786,2011-02-05 00:00:00,1,0,2,4,FALSE,6,3,0.22,0.2273,0.93,0.1343,0,8
47,2011-01-02 00:00:00,1,0,1,23,FALSE,0,1,0.22,46,0.2273,0.47,0.1642,1970-01-01 00:00:00,8,8,813,2011-02-06 00:00:00,1,0,2,7,FALSE,0,1,0.24,0.2424,0.65,0.1642,0,8
306,2011-01-14 00:00:00,1,0,1,5,FALSE,5,1,0.1,305,0.1364,0.54,0.0896,1970-01-01 00:00:00,8,8,622,2011-01-29 00:00:00,1,0,1,3,FALSE,6,1,0.2,0.2121,0.64,0.1343,3,5
306,2011-01-14 00:00:00,1,0,1,5,FALSE,5,1,0.1,305,0.1364,0.54,0.0896,1970-01-01 00:00:00,8,8,645,2011-01-30 00:00:00,1,0,1,3,FALSE,0,1,0.14,0.2121,0.93,0,1,7
306,2011-01-14 00:00:00,1,0,1,5,FALSE,5,1,0.1,305,0.1364,0.54,0.0896,1970-01-01 00:00:00,8,8,670,2011-01-31 00:00:00,1,0,1,5,FALSE,1,1,0.18,0.1667,0.64,0.2836,0,8
306,2011-01-14 00:00:00,1,0,1,5,FALSE,5,1,0.1,305,0.1364,0.54,0.0896,1970-01-01 00:00:00,8,8,689,2011-02-01 00:00:00,1,0,2,0,FALSE,2,2,0.16,0.1818,0.64,0.1045,2,6
306,2011-01-14 00:00:00,1,0,1,5,FALSE,5,1,0.1,305,0.1364,0.54,0.0896,1970-01-01 00:00:00,8,8,786,2011-02-05 00:00:00,1,0,2,4,FALSE,6,3,0.22,0.2273,0.93,0.1343,0,8
306,2011-01-14 00:00:00,1,0,1,5,FALSE,5,1,0.1,305,0.1364,0.54,0.0896,1970-01-01 00:00:00,8,8,813,2011-02-06 00:00:00,1,0,2,7,FALSE,0,1,0.24,0.2424,0.65,0.1642,0,8
328,2011-01-15 00:00:00,1,0,1,3,FALSE,6,2,0.16,327,0.2273,0.59,0,1970-01-01 00:00:00,7,8,622,2011-01-29 00:00:00,1,0,1,3,FALSE,6,1,0.2,0.2121,0.64,0.1343,3,5
328,2011-01-15 00:00:00,1,0,1,3,FALSE,6,2,0.16,327,0.2273,0.59,0,1970-01-01 00:00:00,7,8,645,2011-01-30 00:00:00,1,0,1,3,FALSE,0,1,0.14,0.2121,0.93,0,1,7
328,2011-01-15 00:00:00,1,0,1,3,FALSE,6,2,0.16,327,0.2273,0.59,0,1970-01-01 00:00:00,7,8,670,2011-01-31 00:00:00,1,0,1,5,FALSE,1,1,0.18,0.1667,0.64,0.2836,0,8
328,2011-01-15 00:00:00,1,0,1,3,FALSE,6,2,0.16,327,0.2273,0.59,0,1970-01-01 00:00:00,7,8,689,2011-02-01 00:00:00,1,0,2,0,FALSE,2,2,0.16,0.1818,0.64,0.1045,2,6
328,2011-01-15 00:00:00,1,0,1,3,FALSE,6,2,0.16,327,0.2273,0.59,0,1970-01-01 00:00:00,7,8,786,2011-02-05 00:00:00,1,0,2,4,FALSE,6,3,0.22,0.2273,0.93,0.1343,0,8
328,2011-01-15 00:00:00,1,0,1,3,FALSE,6,2,0.16,327,0.2273,0.59,0,1970-01-01 00:00:00,7,8,813,2011-02-06 00:00:00,1,0,2,7,FALSE,0,1,0.24,0.2424,0.65,0.1642,0,8
375,2011-01-17 00:00:00,1,0,1,2,TRUE,1,2,0.18,374,0.1667,0.43,0.2537,1970-01-01 00:00:00,8,8,622,2011-01-29 00:00:00,1,0,1,3,FALSE,6,1,0.2,0.2121,0.64,0.1343,3,5
375,2011-01-17 00:00:00,1,0,1,2,TRUE,1,2,0.18,374,0.1667,0.43,0.2537,1970-01-01 00:00:00,8,8,645,2011-01-30 00:00:00,1,0,1,3,FALSE,0,1,0.14,0.2121,0.93,0,1,7
375,2011-01-17 00:00:00,1,0,1,2,TRUE,1,2,0.18,374,0.1667,0.43,0.2537,1970-01-01 00:00:00,8,8,670,2011-01-31 00:00:00,1,0,1,5,FALSE,1,1,0.18,0.1667,0.64,0.2836,0,8
375,2011-01-17 00:00:00,1,0,1,2,TRUE,1,2,0.18,374,0.1667,0.43,0.2537,1970-01-01 00:00:00,8,8,689,2011-02-01 00:00:00,1,0,2,0,FALSE,2,2,0.16,0.1818,0.64,0.1045,2,6
375,2011-01-17 00:00:00,1,0,1,2,TRUE,1,2,0.18,374,0.1667,0.43,0.2537,1970-01-01 00:00:00,8,8,786,2011-02-05 00:00:00,1,0,2,4,FALSE,6,3,0.22,0.2273,0.93,0.1343,0,8
375,2011-01-17 00:00:00,1,0,1,2,TRUE,1,2,0.18,374,0.1667,0.43,0.2537,1970-01-01 00:00:00,8,8,813,2011-02-06 00:00:00,1,0,2,7,FALSE,0,1,0.24,0.2424,0.65,0.1642,0,8
486,2011-01-22 00:00:00,1,0,1,7,FALSE,6,1,0.02,485,0.0152,0.44,0.2836,1970-01-01 00:00:00,8,8,622,2011-01-29 00:00:00,1,0,1,3,FALSE,6,1,0.2,0.2121,0.64,0.1343,3,5
486,2011-01-22 00:00:00,1,0,1,7,FALSE,6,1,0.02,485,0.0152,0.44,0.2836,1970-01-01 00:00:00,8,8,645,2011-01-30 00:00:00,1,0,1,3,FALSE,0,1,0.14,0.2121,0.93,0,1,7
486,2011-01-22 00:00:00,1,0,1,7,FALSE,6,1,0.02,485,0.0152,0.44,0.2836,1970-01-01 00:00:00,8,8,670,2011-01-31 00:00:00,1,0,1,5,FALSE,1,1,0.18,0.1667,0.64,0.2836,0,8
486,2011-01-22 00:00:00,1,0,1,7,FALSE,6,1,0.02,485,0.0152,0.44,0.2836,1970-01-01 00:00:00,8,8,689,2011-02-01 00:00:00,1,0,2,0,FALSE,2,2,0.16,0.1818,0.64,0.1045,2,6
486,2011-01-22 00:00:00,1,0,1,7,FALSE,6,1,0.02,485,0.0152,0.44,0.2836,1970-01-01 00:00:00,8,8,786,2011-02-05 00:00:00,1,0,2,4,FALSE,6,3,0.22,0.2273,0.93,0.1343,0,8
486,2011-01-22 00:00:00,1,0,1,7,FALSE,6,1,0.02,485,0.0152,0.44,0.2836,1970-01-01 00:00:00,8,8,813,2011-02-06 00:00:00,1,0,2,7,FALSE,0,1,0.24,0.2424,0.65,0.1642,0,8
576,2011-01-26 00:00:00,1,0,1,6,FALSE,3,3,0.2,575,0.1818,0.86,0.2836,1970-01-01 00:00:00,8,8,622,2011-01-29 00:00:00,1,0,1,3,FALSE,6,1,0.2,0.2121,0.64,0.1343,3,5
576,2011-01-26 00:00:00,1,0,1,6,FALSE,3,3,0.2,575,0.1818,0.86,0.2836,1970-01-01 00:00:00,8,8,645,2011-01-30 00:00:00,1,0,1,3,FALSE,0,1,0.14,0.2121,0.93,0,1,7
576,2011-01-26 00:00:00,1,0,1,6,FALSE,3,3,0.2,575,0.1818,0.86,0.2836,1970-01-01 00:00:00,8,8,670,2011-01-31 00:00:00,1,0,1,5,FALSE,1,1,0.18,0.1667,0.64,0.2836,0,8
576,2011-01-26 00:00:00,1,0,1,6,FALSE,3,3,0.2,575,0.1818,0.86,0.2836,1970-01-01 00:00:00,8,8,689,2011-02-01 00:00:00,1,0,2,0,FALSE,2,2,0.16,0.1818,0.64,0.1045,2,6
576,2011-01-26 00:00:00,1,0,1,6,FALSE,3,3,0.2,575,0.1818,0.86,0.2836,1970-01-01 00:00:00,8,8,786,2011-02-05 00:00:00,1,0,2,4,FALSE,6,3,0.22,0.2273,0.93,0.1343,0,8
576,2011-01-26 00:00:00,1,0,1,6,FALSE,3,3,0.2,575,0.1818,0.86,0.2836,1970-01-01 00:00:00,8,8,813,2011-02-06 00:00:00,1,0,2,7,FALSE,0,1,0.24,0.2424,0.65,0.1642,0,8
10,2011-01-01 00:00:00,1,0,1,9,FALSE,6,1,0.32,9,0.3485,0.76,0,1970-01-01 00:00:00,6,14,924,2011-02-11 00:00:00,1,0,2,0,FALSE,5,1,0.1,0.1364,0.49,0.1045,2,12
302,2011-01-14 00:00:00,1,0,1,0,FALSE,5,1,0.12,301,0.1364,0.5,0.194,1970-01-01 00:00:00,14,14,924,2011-02-11 00:00:00,1,0,2,0,FALSE,5,1,0.1,0.1364,0.49,0.1045,2,12
11,2011-01-01 00:00:00,1,0,1,10,FALSE,6,1,0.38,10,0.3939,0.76,0.2537,1970-01-01 00:00:00,24,36,639,2011-01-29 00:00:00,1,0,1,21,FALSE,6,1,0.18,0.2121,0.74,0.0896,1,35
11,2011-01-01 00:00:00,1,0,1,10,FALSE,6,1,0.38,10,0.3939,0.76,0.2537,1970-01-01 00:00:00,24,36,710,2011-02-01 00:00:00,1,0,2,22,FALSE,2,2,0.22,0.2576,0.87,0.0896,2,34
11,2011-01-01 00:00:00,1,0,1,10,FALSE,6,1,0.38,10,0.3939,0.76,0.2537,1970-01-01 00:00:00,24,36,991,2011-02-13 00:00:00,1,0,2,22,FALSE,0,1,0.4,0.4091,0.35,0.2985,5,31
21,2011-01-01 00:00:00,1,0,1,20,FALSE,6,2,0.4,20,0.4091,0.87,0.2537,1970-01-01 00:00:00,25,36,639,2011-01-29 00:00:00,1,0,1,21,FALSE,6,1,0.18,0.2121,0.74,0.0896,1,35
21,2011-01-01 00:00:00,1,0,1,20,FALSE,6,2,0.4,20,0.4091,0.87,0.2537,1970-01-01 00:00:00,25,36,710,2011-02-01 00:00:00,1,0,2,22,FALSE,2,2,0.22,0.2576,0.87,0.0896,2,34
21,2011-01-01 00:00:00,1,0,1,20,FALSE,6,2,0.4,20,0.4091,0.87,0.2537,1970-01-01 00:00:00,25,36,991,2011-02-13 00:00:00,1,0,2,22,FALSE,0,1,0.4,0.4091,0.35,0.2985,5,31
75,2011-01-04 00:00:00,1,0,1,6,FALSE,2,1,0.12,74,0.1515,0.74,0.1045,1970-01-01 00:00:00,36,36,639,2011-01-29 00:00:00,1,0,1,21,FALSE,6,1,0.18,0.2121,0.74,0.0896,1,35
75,2011-01-04 00:00:00,1,0,1,6,FALSE,2,1,0.12,74,0.1515,0.74,0.1045,1970-01-01 00:00:00,36,36,710,2011-02-01 00:00:00,1,0,2,22,FALSE,2,2,0.22,0.2576,0.87,0.0896,2,34
75,2011-01-04 00:00:00,1,0,1,6,FALSE,2,1,0.12,74,0.1515,0.74,0.1045,1970-01-01 00:00:00,36,36,991,2011-02-13 00:00:00,1,0,2,22,FALSE,0,1,0.4,0.4091,0.35,0.2985,5,31
121,2011-01-06 00:00:00,1,0,1,6,FALSE,4,2,0.14,120,0.1667,0.63,0.1045,1970-01-01 00:00:00,36,36,639,2011-01-29 00:00:00,1,0,1,21,FALSE,6,1,0.18,0.2121,0.74,0.0896,1,35
121,2011-01-06 00:00:00,1,0,1,6,FALSE,4,2,0.14,120,0.1667,0.63,0.1045,1970-01-01 00:00:00,36,36,710,2011-02-01 00:00:00,1,0,2,22,FALSE,2,2,0.22,0.2576,0.87,0.0896,2,34
121,2011-01-06 00:00:00,1,0,1,6,FALSE,4,2,0.14,120,0.1667,0.63,0.1045,1970-01-01 00:00:00,36,36,991,2011-02-13 00:00:00,1,0,2,22,FALSE,0,1,0.4,0.4091,0.35,0.2985,5,31
160,2011-01-07 00:00:00,1,0,1,22,FALSE,5,2,0.18,159,0.197,0.43,0.1642,1970-01-01 00:00:00,34,36,639,2011-01-29 00:00:00,1,0,1,21,FALSE,6,1,0.18,0.2121,0.74,0.0896,1,35
160,2011-01-07 00:00:00,1,0,1,22,FALSE,5,2,0.18,159,0.197,0.43,0.1642,1970-01-01 00:00:00,34,36,710,2011-02-01 00:00:00,1,0,2,22,FALSE,2,2,0.22,0.2576,0.87,0.0896,2,34
160,2011-01-07 00:00:00,1,0,1,22,FALSE,5,2,0.18,159,0.197,0.43,0.1642,1970-01-01 00:00:00,34,36,991,2011-02-13 00:00:00,1,0,2,22,FALSE,0,1,0.4,0.4091,0.35,0.2985,5,31
323,2011-01-14 00:00:00,1,0,1,22,FALSE,5,2,0.16,322,0.2273,0.69,0,1970-01-01 00:00:00,34,36,639,2011-01-29 00:00:00,1,0,1,21,FALSE,6,1,0.18,0.2121,0.74,0.0896,1,35
323,2011-01-14 00:00:00,1,0,1,22,FALSE,5,2,0.16,322,0.2273,0.69,0,1970-01-01 00:00:00,34,36,710,2011-02-01 00:00:00,1,0,2,22,FALSE,2,2,0.22,0.2576,0.87,0.0896,2,34
323,2011-01-14 00:00:00,1,0,1,22,FALSE,5,2,0.16,322,0.2273,0.69,0,1970-01-01 00:00:00,34,36,991,2011-02-13 00:00:00,1,0,2,22,FALSE,0,1,0.4,0.4091,0.35,0.2985,5,31
554,2011-01-25 00:00:00,1,0,1,6,FALSE,2,1,0.16,553,0.1818,0.74,0.1045,1970-01-01 00:00:00,35,36,639,2011-01-29 00:00:00,1,0,1,21,FALSE,6,1,0.18,0.2121,0.74,0.0896,1,35
554,2011-01-25 00:00:00,1,0,1,6,FALSE,2,1,0.16,553,0.1818,0.74,0.1045,1970-01-01 00:00:00,35,36,710,2011-02-01 00:00:00,1,0,2,22,FALSE,2,2,0.22,0.2576,0.87,0.0896,2,34
554,2011-01-25 00:00:00,1,0,1,6,FALSE,2,1,0.16,553,0.1818,0.74,0.1045,1970-01-01 00:00:00,35,36,991,2011-02-13 00:00:00,1,0,2,22,FALSE,0,1,0.4,0.4091,0.35,0.2985,5,31
584,2011-01-26 00:00:00,1,0,1,14,FALSE,3,3,0.22,583,0.197,0.93,0.3582,1970-01-01 00:00:00,36,36,639,2011-01-29 00:00:00,1,0,1,21,FALSE,6,1,0.18,0.2121,0.74,0.0896,1,35
584,2011-01-26 00:00:00,1,0,1,14,FALSE,3,3,0.22,583,0.197,0.93,0.3582,1970-01-01 00:00:00,36,36,710,2011-02-01 00:00:00,1,0,2,22,FALSE,2,2,0.22,0.2576,0.87,0.0896,2,34
584,2011-01-26 00:00:00,1,0,1,14,FALSE,3,3,0.22,583,0.197,0.93,0.3582,1970-01-01 00:00:00,36,36,991,2011-02-13 00:00:00,1,0,2,22,FALSE,0,1,0.4,0.4091,0.35,0.2985,5,31
586,2011-01-26 00:00:00,1,0,1,16,FALSE,3,4,0.22,585,0.197,0.93,0.3284,1970-01-01 00:00:00,35,36,639,2011-01-29 00:00:00,1,0,1,21,FALSE,6,1,0.18,0.2121,0.74,0.0896,1,35
586,2011-01-26 00:00:00,1,0,1,16,FALSE,3,4,0.22,585,0.197,0.93,0.3284,1970-01-01 00:00:00,35,36,710,2011-02-01 00:00:00,1,0,2,22,FALSE,2,2,0.22,0.2576,0.87,0.0896,2,34
586,2011-01-26 00:00:00,1,0,1,16,FALSE,3,4,0.22,585,0.197,0.93,0.3284,1970-01-01 00:00:00,35,36,991,2011-02-13 00:00:00,1,0,2,22,FALSE,0,1,0.4,0.4091,0.35,0.2985,5,31
12,2011-01-01 00:00:00,1,0,1,11,FALSE,6,1,0.36,11,0.3333,0.81,0.2836,1970-01-01 00:00:00,30,56,686,2011-01-31 00:00:00,1,0,1,21,FALSE,1,3,0.16,0.197,0.59,0.0896,3,53
12,2011-01-01 00:00:00,1,0,1,11,FALSE,6,1,0.36,11,0.3333,0.81,0.2836,1970-01-01 00:00:00,30,56,803,2011-02-05 00:00:00,1,0,2,21,FALSE,6,1,0.26,0.2576,1,0.194,3,53
12,2011-01-01 00:00:00,1,0,1,11,FALSE,6,1,0.36,11,0.3333,0.81,0.2836,1970-01-01 00:00:00,30,56,874,2011-02-08 00:00:00,1,0,2,20,FALSE,2,1,0.16,0.1364,0.4,0.3284,3,53
274,2011-01-12 00:00:00,1,0,1,20,FALSE,3,1,0.16,273,0.1364,0.5,0.3284,1970-01-01 00:00:00,54,56,686,2011-01-31 00:00:00,1,0,1,21,FALSE,1,3,0.16,0.197,0.59,0.0896,3,53
274,2011-01-12 00:00:00,1,0,1,20,FALSE,3,1,0.16,273,0.1364,0.5,0.3284,1970-01-01 00:00:00,54,56,803,2011-02-05 00:00:00,1,0,2,21,FALSE,6,1,0.26,0.2576,1,0.194,3,53
274,2011-01-12 00:00:00,1,0,1,20,FALSE,3,1,0.16,273,0.1364,0.5,0.3284,1970-01-01 00:00:00,54,56,874,2011-02-08 00:00:00,1,0,2,20,FALSE,2,1,0.16,0.1364,0.4,0.3284,3,53
454,2011-01-20 00:00:00,1,0,1,22,FALSE,4,2,0.24,453,0.2121,0.65,0.2836,1970-01-01 00:00:00,56,56,686,2011-01-31 00:00:00,1,0,1,21,FALSE,1,3,0.16,0.197,0.59,0.0896,3,53
454,2011-01-20 00:00:00,1,0,1,22,FALSE,4,2,0.24,453,0.2121,0.65,0.2836,1970-01-01 00:00:00,56,56,803,2011-02-05 00:00:00,1,0,2,21,FALSE,6,1,0.26,0.2576,1,0.194,3,53
454,2011-01-20 00:00:00,1,0,1,22,FALSE,4,2,0.24,453,0.2121,0.65,0.2836,1970-01-01 00:00:00,56,56,874,2011-02-08 00:00:00,1,0,2,20,FALSE,2,1,0.16,0.1364,0.4,0.3284,3,53
13,2011-01-01 00:00:00,1,0,1,12,FALSE,6,1,0.42,12,0.4242,0.77,0.2836,1970-01-01 00:00:00,55,84,654,2011-01-30 00:00:00,1,0,1,13,FALSE,0,1,0.28,0.2879,0.61,0.1045,13,71
13,2011-01-01 00:00:00,1,0,1,12,FALSE,6,1,0.42,12,0.4242,0.77,0.2836,1970-01-01 00:00:00,55,84,801,2011-02-05 00:00:00,1,0,2,19,FALSE,6,2,0.28,0.2424,0.93,0.4478,6,78
13,2011-01-01 00:00:00,1,0,1,12,FALSE,6,1,0.42,12,0.4242,0.77,0.2836,1970-01-01 00:00:00,55,84,897,2011-02-09 00:00:00,1,0,2,20,FALSE,3,3,0.14,0.1515,0.86,0.1642,0,84
13,2011-01-01 00:00:00,1,0,1,12,FALSE,6,1,0.42,12,0.4242,0.77,0.2836,1970-01-01 00:00:00,55,84,936,2011-02-11 00:00:00,1,0,2,14,FALSE,5,1,0.3,0.2879,0.26,0.2537,17,67
13,2011-01-01 00:00:00,1,0,1,12,FALSE,6,1,0.42,12,0.4242,0.77,0.2836,1970-01-01 00:00:00,55,84,956,2011-02-12 00:00:00,1,0,2,10,FALSE,6,1,0.22,0.2121,0.41,0.2537,13,71
127,2011-01-06 00:00:00,1,0,1,12,FALSE,4,1,0.26,126,0.2879,0.35,0,1970-01-01 00:00:00,78,84,654,2011-01-30 00:00:00,1,0,1,13,FALSE,0,1,0.28,0.2879,0.61,0.1045,13,71
127,2011-01-06 00:00:00,1,0,1,12,FALSE,4,1,0.26,126,0.2879,0.35,0,1970-01-01 00:00:00,78,84,801,2011-02-05 00:00:00,1,0,2,19,FALSE,6,2,0.28,0.2424,0.93,0.4478,6,78
127,2011-01-06 00:00:00,1,0,1,12,FALSE,4,1,0.26,126,0.2879,0.35,0,1970-01-01 00:00:00,78,84,897,2011-02-09 00:00:00,1,0,2,20,FALSE,3,3,0.14,0.1515,0.86,0.1642,0,84
127,2011-01-06 00:00:00,1,0,1,12,FALSE,4,1,0.26,126,0.2879,0.35,0,1970-01-01 00:00:00,78,84,936,2011-02-11 00:00:00,1,0,2,14,FALSE,5,1,0.3,0.2879,0.26,0.2537,17,67
127,2011-01-06 00:00:00,1,0,1,12,FALSE,4,1,0.26,126,0.2879,0.35,0,1970-01-01 00:00:00,78,84,956,2011-02-12 00:00:00,1,0,2,10,FALSE,6,1,0.22,0.2121,0.41,0.2537,13,71
145,2011-01-07 00:00:00,1,0,1,7,FALSE,5,1,0.2,144,0.2121,0.69,0.1343,1970-01-01 00:00:00,76,84,654,2011-01-30 00:00:00,1,0,1,13,FALSE,0,1,0.28,0.2879,0.61,0.1045,13,71
145,2011-01-07 00:00:00,1,0,1,7,FALSE,5,1,0.2,144,0.2121,0.69,0.1343,1970-01-01 00:00:00,76,84,801,2011-02-05 00:00:00,1,0,2,19,FALSE,6,2,0.28,0.2424,0.93,0.4478,6,78
145,2011-01-07 00:00:00,1,0,1,7,FALSE,5,1,0.2,144,0.2121,0.69,0.1343,1970-01-01 00:00:00,76,84,897,2011-02-09 00:00:00,1,0,2,20,FALSE,3,3,0.14,0.1515,0.86,0.1642,0,84
145,2011-01-07 00:00:00,1,0,1,7,FALSE,5,1,0.2,144,0.2121,0.69,0.1343,1970-01-01 00:00:00,76,84,936,2011-02-11 00:00:00,1,0,2,14,FALSE,5,1,0.3,0.2879,0.26,0.2537,17,67
145,2011-01-07 00:00:00,1,0,1,7,FALSE,5,1,0.2,144,0.2121,0.69,0.1343,1970-01-01 00:00:00,76,84,956,2011-02-12 00:00:00,1,0,2,10,FALSE,6,1,0.22,0.2121,0.41,0.2537,13,71
343,2011-01-15 00:00:00,1,0,1,18,FALSE,6,2,0.3,342,0.2879,0.45,0.2537,1970-01-01 00:00:00,69,84,654,2011-01-30 00:00:00,1,0,1,13,FALSE,0,1,0.28,0.2879,0.61,0.1045,13,71
343,2011-01-15 00:00:00,1,0,1,18,FALSE,6,2,0.3,342,0.2879,0.45,0.2537,1970-01-01 00:00:00,69,84,801,2011-02-05 00:00:00,1,0,2,19,FALSE,6,2,0.28,0.2424,0.93,0.4478,6,78
343,2011-01-15 00:00:00,1,0,1,18,FALSE,6,2,0.3,342,0.2879,0.45,0.2537,1970-01-01 00:00:00,69,84,897,2011-02-09 00:00:00,1,0,2,20,FALSE,3,3,0.14,0.1515,0.86,0.1642,0,84
343,2011-01-15 00:00:00,1,0,1,18,FALSE,6,2,0.3,342,0.2879,0.45,0.2537,1970-01-01 00:00:00,69,84,936,2011-02-11 00:00:00,1,0,2,14,FALSE,5,1,0.3,0.2879,0.26,0.2537,17,67
343,2011-01-15 00:00:00,1,0,1,18,FALSE,6,2,0.3,342,0.2879,0.45,0.2537,1970-01-01 00:00:00,69,84,956,2011-02-12 00:00:00,1,0,2,10,FALSE,6,1,0.22,0.2121,0.41,0.2537,13,71
444,2011-01-20 00:00:00,1,0,1,12,FALSE,4,2,0.3,443,0.3333,0.42,0,1970-01-01 00:00:00,77,84,654,2011-01-30 00:00:00,1,0,1,13,FALSE,0,1,0.28,0.2879,0.61,0.1045,13,71
444,2011-01-20 00:00:00,1,0,1,12,FALSE,4,2,0.3,443,0.3333,0.42,0,1970-01-01 00:00:00,77,84,801,2011-02-05 00:00:00,1,0,2,19,FALSE,6,2,0.28,0.2424,0.93,0.4478,6,78
444,2011-01-20 00:00:00,1,0,1,12,FALSE,4,2,0.3,443,0.3333,0.42,0,1970-01-01 00:00:00,77,84,897,2011-02-09 00:00:00,1,0,2,20,FALSE,3,3,0.14,0.1515,0.86,0.1642,0,84
444,2011-01-20 00:00:00,1,0,1,12,FALSE,4,2,0.3,443,0.3333,0.42,0,1970-01-01 00:00:00,77,84,936,2011-02-11 00:00:00,1,0,2,14,FALSE,5,1,0.3,0.2879,0.26,0.2537,17,67
444,2011-01-20 00:00:00,1,0,1,12,FALSE,4,2,0.3,443,0.3333,0.42,0,1970-01-01 00:00:00,77,84,956,2011-02-12 00:00:00,1,0,2,10,FALSE,6,1,0.22,0.2121,0.41,0.2537,13,71
492,2011-01-22 00:00:00,1,0,1,13,FALSE,6,1,0.08,491,0.1667,0.35,0,1970-01-01 00:00:00,72,84,654,2011-01-30 00:00:00,1,0,1,13,FALSE,0,1,0.28,0.2879,0.61,0.1045,13,71
492,2011-01-22 00:00:00,1,0,1,13,FALSE,6,1,0.08,491,0.1667,0.35,0,1970-01-01 00:00:00,72,84,801,2011-02-05 00:00:00,1,0,2,19,FALSE,6,2,0.28,0.2424,0.93,0.4478,6,78
492,2011-01-22 00:00:00,1,0,1,13,FALSE,6,1,0.08,491,0.1667,0.35,0,1970-01-01 00:00:00,72,84,897,2011-02-09 00:00:00,1,0,2,20,FALSE,3,3,0.14,0.1515,0.86,0.1642,0,84
492,2011-01-22 00:00:00,1,0,1,13,FALSE,6,1,0.08,491,0.1667,0.35,0,1970-01-01 00:00:00,72,84,936,2011-02-11 00:00:00,1,0,2,14,FALSE,5,1,0.3,0.2879,0.26,0.2537,17,67
492,2011-01-22 00:00:00,1,0,1,13,FALSE,6,1,0.08,491,0.1667,0.35,0,1970-01-01 00:00:00,72,84,956,2011-02-12 00:00:00,1,0,2,10,FALSE,6,1,0.22,0.2121,0.41,0.2537,13,71
532,2011-01-24 00:00:00,1,0,1,7,FALSE,1,1,0.02,531,0.1212,0.48,0,1970-01-01 00:00:00,79,84,654,2011-01-30 00:00:00,1,0,1,13,FALSE,0,1,0.28,0.2879,0.61,0.1045,13,71
532,2011-01-24 00:00:00,1,0,1,7,FALSE,1,1,0.02,531,0.1212,0.48,0,1970-01-01 00:00:00,79,84,801,2011-02-05 00:00:00,1,0,2,19,FALSE,6,2,0.28,0.2424,0.93,0.4478,6,78
532,2011-01-24 00:00:00,1,0,1,7,FALSE,1,1,0.02,531,0.1212,0.48,0,1970-01-01 00:00:00,79,84,897,2011-02-09 00:00:00,1,0,2,20,FALSE,3,3,0.14,0.1515,0.86,0.1642,0,84
532,2011-01-24 00:00:00,1,0,1,7,FALSE,1,1,0.02,531,0.1212,0.48,0,1970-01-01 00:00:00,79,84,936,2011-02-11 00:00:00,1,0,2,14,FALSE,5,1,0.3,0.2879,0.26,0.2537,17,67
532,2011-01-24 00:00:00,1,0,1,7,FALSE,1,1,0.02,531,0.1212,0.48,0,1970-01-01 00:00:00,79,84,956,2011-02-12 00:00:00,1,0,2,10,FALSE,6,1,0.22,0.2121,0.41,0.2537,13,71
563,2011-01-25 00:00:00,1,0,1,15,FALSE,2,2,0.32,562,0.3485,0.42,0,1970-01-01 00:00:00,63,84,654,2011-01-30 00:00:00,1,0,1,13,FALSE,0,1,0.28,0.2879,0.61,0.1045,13,71
563,2011-01-25 00:00:00,1,0,1,15,FALSE,2,2,0.32,562,0.3485,0.42,0,1970-01-01 00:00:00,63,84,801,2011-02-05 00:00:00,1,0,2,19,FALSE,6,2,0.28,0.2424,0.93,0.4478,6,78
563,2011-01-25 00:00:00,1,0,1,15,FALSE,2,2,0.32,562,0.3485,0.42,0,1970-01-01 00:00:00,63,84,897,2011-02-09 00:00:00,1,0,2,20,FALSE,3,3,0.14,0.1515,0.86,0.1642,0,84
563,2011-01-25 00:00:00,1,0,1,15,FALSE,2,2,0.32,562,0.3485,0.42,0,1970-01-01 00:00:00,63,84,936,2011-02-11 00:00:00,1,0,2,14,FALSE,5,1,0.3,0.2879,0.26,0.2537,17,67
563,2011-01-25 00:00:00,1,0,1,15,FALSE,2,2,0.32,562,0.3485,0.42,0,1970-01-01 00:00:00,63,84,956,2011-02-12 00:00:00,1,0,2,10,FALSE,6,1,0.22,0.2121,0.41,0.2537,13,71
589,2011-01-27 00:00:00,1,0,1,17,FALSE,4,1,0.22,588,0.2424,0.55,0.1045,1970-01-01 00:00:00,82,84,654,2011-01-30 00:00:00,1,0,1,13,FALSE,0,1,0.28,0.2879,0.61,0.1045,13,71
589,2011-01-27 00:00:00,1,0,1,17,FALSE,4,1,0.22,588,0.2424,0.55,0.1045,1970-01-01 00:00:00,82,84,801,2011-02-05 00:00:00,1,0,2,19,FALSE,6,2,0.28,0.2424,0.93,0.4478,6,78
589,2011-01-27 00:00:00,1,0,1,17,FALSE,4,1,0.22,588,0.2424,0.55,0.1045,1970-01-01 00:00:00,82,84,897,2011-02-09 00:00:00,1,0,2,20,FALSE,3,3,0.14,0.1515,0.86,0.1642,0,84
589,2011-01-27 00:00:00,1,0,1,17,FALSE,4,1,0.22,588,0.2424,0.55,0.1045,1970-01-01 00:00:00,82,84,936,2011-02-11 00:00:00,1,0,2,14,FALSE,5,1,0.3,0.2879,0.26,0.2537,17,67
589,2011-01-27 00:00:00,1,0,1,17,FALSE,4,1,0.22,588,0.2424,0.55,0.1045,1970-01-01 00:00:00,82,84,956,2011-02-12 00:00:00,1,0,2,10,FALSE,6,1,0.22,0.2121,0.41,0.2537,13,71
16,2011-01-01 00:00:00,1,0,1,15,FALSE,6,2,0.44,15,0.4394,0.77,0.2985,1970-01-01 00:00:00,70,110,935,2011-02-11 00:00:00,1,0,2,13,FALSE,5,1,0.24,0.2273,0.35,0.194,21,89
65,2011-01-03 00:00:00,1,0,1,19,FALSE,1,1,0.2,64,0.2576,0.47,0,1970-01-01 00:00:00,102,110,935,2011-02-11 00:00:00,1,0,2,13,FALSE,5,1,0.24,0.2273,0.35,0.194,21,89
516,2011-01-23 00:00:00,1,0,1,14,FALSE,0,1,0.16,515,0.1364,0.28,0.3582,1970-01-01 00:00:00,93,110,935,2011-02-11 00:00:00,1,0,2,13,FALSE,5,1,0.24,0.2273,0.35,0.194,21,89
19,2011-01-01 00:00:00,1,0,1,18,FALSE,6,3,0.42,18,0.4242,0.88,0.2537,1970-01-01 00:00:00,26,35,910,2011-02-10 00:00:00,1,0,2,10,FALSE,4,1,0.12,0.1061,0.42,0.2985,1,34
91,2011-01-04 00:00:00,1,0,1,22,FALSE,2,1,0.22,90,0.2576,0.64,0.0896,1970-01-01 00:00:00,34,35,910,2011-02-10 00:00:00,1,0,2,10,FALSE,4,1,0.12,0.1061,0.42,0.2985,1,34
243,2011-01-11 00:00:00,1,0,1,11,FALSE,2,2,0.2,242,0.2121,0.47,0.1343,1970-01-01 00:00:00,31,35,910,2011-02-10 00:00:00,1,0,2,10,FALSE,4,1,0.12,0.1061,0.42,0.2985,1,34
265,2011-01-12 00:00:00,1,0,1,11,FALSE,3,1,0.2,264,0.1818,0.51,0.3881,1970-01-01 00:00:00,32,35,910,2011-02-10 00:00:00,1,0,2,10,FALSE,4,1,0.12,0.1061,0.42,0.2985,1,34
400,2011-01-18 00:00:00,1,0,1,15,FALSE,2,2,0.22,399,0.2273,0.87,0.1642,1970-01-01 00:00:00,32,35,910,2011-02-10 00:00:00,1,0,2,10,FALSE,4,1,0.12,0.1061,0.42,0.2985,1,34
438,2011-01-20 00:00:00,1,0,1,6,FALSE,4,1,0.22,437,0.2121,0.6,0.2239,1970-01-01 00:00:00,35,35,910,2011-02-10 00:00:00,1,0,2,10,FALSE,4,1,0.12,0.1061,0.42,0.2985,1,34
522,2011-01-23 00:00:00,1,0,1,20,FALSE,0,1,0.1,521,0.1061,0.36,0.2537,1970-01-01 00:00:00,31,35,910,2011-02-10 00:00:00,1,0,2,10,FALSE,4,1,0.12,0.1061,0.42,0.2985,1,34
547,2011-01-24 00:00:00,1,0,1,22,FALSE,1,2,0.14,546,0.1364,0.63,0.2239,1970-01-01 00:00:00,32,35,910,2011-02-10 00:00:00,1,0,2,10,FALSE,4,1,0.12,0.1061,0.42,0.2985,1,34
20,2011-01-01 00:00:00,1,0,1,19,FALSE,6,3,0.42,19,0.4242,0.88,0.2537,1970-01-01 00:00:00,31,37,671,2011-01-31 00:00:00,1,0,1,6,FALSE,1,1,0.16,0.1364,0.69,0.3284,0,37
20,2011-01-01 00:00:00,1,0,1,19,FALSE,6,3,0.42,19,0.4242,0.88,0.2537,1970-01-01 00:00:00,31,37,852,2011-02-07 00:00:00,1,0,2,22,FALSE,1,1,0.28,0.303,0.81,0.0896,3,34
20,2011-01-01 00:00:00,1,0,1,19,FALSE,6,3,0.42,19,0.4242,0.88,0.2537,1970-01-01 00:00:00,31,37,900,2011-02-09 00:00:00,1,0,2,23,FALSE,3,3,0.16,0.1515,0.8,0.194,0,37
183,2011-01-08 00:00:00,1,0,1,21,FALSE,6,1,0.12,182,0.1061,0.39,0.3582,1970-01-01 00:00:00,35,37,671,2011-01-31 00:00:00,1,0,1,6,FALSE,1,1,0.16,0.1364,0.69,0.3284,0,37
183,2011-01-08 00:00:00,1,0,1,21,FALSE,6,1,0.12,182,0.1061,0.39,0.3582,1970-01-01 00:00:00,35,37,852,2011-02-07 00:00:00,1,0,2,22,FALSE,1,1,0.28,0.303,0.81,0.0896,3,34
183,2011-01-08 00:00:00,1,0,1,21,FALSE,6,1,0.12,182,0.1061,0.39,0.3582,1970-01-01 00:00:00,35,37,900,2011-02-09 00:00:00,1,0,2,23,FALSE,3,3,0.16,0.1515,0.8,0.194,0,37
289,2011-01-13 00:00:00,1,0,1,11,FALSE,4,2,0.2,288,0.1667,0.44,0.4478,1970-01-01 00:00:00,33,37,671,2011-01-31 00:00:00,1,0,1,6,FALSE,1,1,0.16,0.1364,0.69,0.3284,0,37
289,2011-01-13 00:00:00,1,0,1,11,FALSE,4,2,0.2,288,0.1667,0.44,0.4478,1970-01-01 00:00:00,33,37,852,2011-02-07 00:00:00,1,0,2,22,FALSE,1,1,0.28,0.303,0.81,0.0896,3,34
289,2011-01-13 00:00:00,1,0,1,11,FALSE,4,2,0.2,288,0.1667,0.44,0.4478,1970-01-01 00:00:00,33,37,900,2011-02-09 00:00:00,1,0,2,23,FALSE,3,3,0.16,0.1515,0.8,0.194,0,37
22,2011-01-01 00:00:00,1,0,1,21,FALSE,6,2,0.4,21,0.4091,0.87,0.194,1970-01-01 00:00:00,31,34,626,2011-01-29 00:00:00,1,0,1,8,FALSE,6,1,0.18,0.197,0.55,0.1642,3,31
22,2011-01-01 00:00:00,1,0,1,21,FALSE,6,2,0.4,21,0.4091,0.87,0.194,1970-01-01 00:00:00,31,34,627,2011-01-29 00:00:00,1,0,1,9,FALSE,6,1,0.18,0.2121,0.59,0.0896,0,34
22,2011-01-01 00:00:00,1,0,1,21,FALSE,6,2,0.4,21,0.4091,0.87,0.194,1970-01-01 00:00:00,31,34,687,2011-01-31 00:00:00,1,0,1,22,FALSE,1,2,0.16,0.1818,0.59,0.1045,0,34
22,2011-01-01 00:00:00,1,0,1,21,FALSE,6,2,0.4,21,0.4091,0.87,0.194,1970-01-01 00:00:00,31,34,792,2011-02-05 00:00:00,1,0,2,10,FALSE,6,3,0.2,0.2121,1,0.1343,3,31
22,2011-01-01 00:00:00,1,0,1,21,FALSE,6,2,0.4,21,0.4091,0.87,0.194,1970-01-01 00:00:00,31,34,923,2011-02-10 00:00:00,1,0,2,23,FALSE,4,1,0.12,0.1515,0.42,0.1045,1,33
144,2011-01-07 00:00:00,1,0,1,6,FALSE,5,2,0.2,143,0.2576,0.69,0,1970-01-01 00:00:00,26,34,626,2011-01-29 00:00:00,1,0,1,8,FALSE,6,1,0.18,0.197,0.55,0.1642,3,31
144,2011-01-07 00:00:00,1,0,1,6,FALSE,5,2,0.2,143,0.2576,0.69,0,1970-01-01 00:00:00,26,34,627,2011-01-29 00:00:00,1,0,1,9,FALSE,6,1,0.18,0.2121,0.59,0.0896,0,34
144,2011-01-07 00:00:00,1,0,1,6,FALSE,5,2,0.2,143,0.2576,0.69,0,1970-01-01 00:00:00,26,34,687,2011-01-31 00:00:00,1,0,1,22,FALSE,1,2,0.16,0.1818,0.59,0.1045,0,34
144,2011-01-07 00:00:00,1,0,1,6,FALSE,5,2,0.2,143,0.2576,0.69,0,1970-01-01 00:00:00,26,34,792,2011-02-05 00:00:00,1,0,2,10,FALSE,6,3,0.2,0.2121,1,0.1343,3,31
144,2011-01-07 00:00:00,1,0,1,6,FALSE,5,2,0.2,143,0.2576,0.69,0,1970-01-01 00:00:00,26,34,923,2011-02-10 00:00:00,1,0,2,23,FALSE,4,1,0.12,0.1515,0.42,0.1045,1,33
184,2011-01-08 00:00:00,1,0,1,22,FALSE,6,1,0.12,183,0.1061,0.36,0.3881,1970-01-01 00:00:00,33,34,626,2011-01-29 00:00:00,1,0,1,8,FALSE,6,1,0.18,0.197,0.55,0.1642,3,31
184,2011-01-08 00:00:00,1,0,1,22,FALSE,6,1,0.12,183,0.1061,0.36,0.3881,1970-01-01 00:00:00,33,34,627,2011-01-29 00:00:00,1,0,1,9,FALSE,6,1,0.18,0.2121,0.59,0.0896,0,34
184,2011-01-08 00:00:00,1,0,1,22,FALSE,6,1,0.12,183,0.1061,0.36,0.3881,1970-01-01 00:00:00,33,34,687,2011-01-31 00:00:00,1,0,1,22,FALSE,1,2,0.16,0.1818,0.59,0.1045,0,34
184,2011-01-08 00:00:00,1,0,1,22,FALSE,6,1,0.12,183,0.1061,0.36,0.3881,1970-01-01 00:00:00,33,34,792,2011-02-05 00:00:00,1,0,2,10,FALSE,6,3,0.2,0.2121,1,0.1343,3,31
184,2011-01-08 00:00:00,1,0,1,22,FALSE,6,1,0.12,183,0.1061,0.36,0.3881,1970-01-01 00:00:00,33,34,923,2011-02-10 00:00:00,1,0,2,23,FALSE,4,1,0.12,0.1515,0.42,0.1045,1,33
478,2011-01-21 00:00:00,1,0,1,22,FALSE,5,1,0.06,477,0.0303,0.41,0.3881,1970-01-01 00:00:00,33,34,626,2011-01-29 00:00:00,1,0,1,8,FALSE,6,1,0.18,0.197,0.55,0.1642,3,31
478,2011-01-21 00:00:00,1,0,1,22,FALSE,5,1,0.06,477,0.0303,0.41,0.3881,1970-01-01 00:00:00,33,34,627,2011-01-29 00:00:00,1,0,1,9,FALSE,6,1,0.18,0.2121,0.59,0.0896,0,34
478,2011-01-21 00:00:00,1,0,1,22,FALSE,5,1,0.06,477,0.0303,0.41,0.3881,1970-01-01 00:00:00,33,34,687,2011-01-31 00:00:00,1,0,1,22,FALSE,1,2,0.16,0.1818,0.59,0.1045,0,34
478,2011-01-21 00:00:00,1,0,1,22,FALSE,5,1,0.06,477,0.0303,0.41,0.3881,1970-01-01 00:00:00,33,34,792,2011-02-05 00:00:00,1,0,2,10,FALSE,6,3,0.2,0.2121,1,0.1343,3,31
478,2011-01-21 00:00:00,1,0,1,22,FALSE,5,1,0.06,477,0.0303,0.41,0.3881,1970-01-01 00:00:00,33,34,923,2011-02-10 00:00:00,1,0,2,23,FALSE,4,1,0.12,0.1515,0.42,0.1045,1,33
23,2011-01-01 00:00:00,1,0,1,22,FALSE,6,2,0.4,22,0.4091,0.94,0.2239,1970-01-01 00:00:00,17,28,662,2011-01-30 00:00:00,1,0,1,21,FALSE,0,2,0.24,0.2424,0.7,0.1642,3,25
23,2011-01-01 00:00:00,1,0,1,22,FALSE,6,2,0.4,22,0.4091,0.94,0.2239,1970-01-01 00:00:00,17,28,764,2011-02-04 00:00:00,1,0,2,6,FALSE,5,2,0.16,0.2273,0.55,0,2,26
23,2011-01-01 00:00:00,1,0,1,22,FALSE,6,2,0.4,22,0.4091,0.94,0.2239,1970-01-01 00:00:00,17,28,619,2011-01-29 00:00:00,1,0,1,0,FALSE,6,1,0.22,0.197,0.64,0.3582,2,26
182,2011-01-08 00:00:00,1,0,1,20,FALSE,6,1,0.12,181,0.1212,0.36,0.2537,1970-01-01 00:00:00,28,28,662,2011-01-30 00:00:00,1,0,1,21,FALSE,0,2,0.24,0.2424,0.7,0.1642,3,25
182,2011-01-08 00:00:00,1,0,1,20,FALSE,6,1,0.12,181,0.1212,0.36,0.2537,1970-01-01 00:00:00,28,28,764,2011-02-04 00:00:00,1,0,2,6,FALSE,5,2,0.16,0.2273,0.55,0,2,26
182,2011-01-08 00:00:00,1,0,1,20,FALSE,6,1,0.12,181,0.1212,0.36,0.2537,1970-01-01 00:00:00,28,28,619,2011-01-29 00:00:00,1,0,1,0,FALSE,6,1,0.22,0.197,0.64,0.3582,2,26
284,2011-01-13 00:00:00,1,0,1,6,FALSE,4,1,0.12,283,0.1515,0.54,0.1343,1970-01-01 00:00:00,28,28,662,2011-01-30 00:00:00,1,0,1,21,FALSE,0,2,0.24,0.2424,0.7,0.1642,3,25
284,2011-01-13 00:00:00,1,0,1,6,FALSE,4,1,0.12,283,0.1515,0.54,0.1343,1970-01-01 00:00:00,28,28,764,2011-02-04 00:00:00,1,0,2,6,FALSE,5,2,0.16,0.2273,0.55,0,2,26
284,2011-01-13 00:00:00,1,0,1,6,FALSE,4,1,0.12,283,0.1515,0.54,0.1343,1970-01-01 00:00:00,28,28,619,2011-01-29 00:00:00,1,0,1,0,FALSE,6,1,0.22,0.197,0.64,0.3582,2,26
325,2011-01-15 00:00:00,1,0,1,0,FALSE,6,1,0.18,324,0.2424,0.55,0,1970-01-01 00:00:00,25,28,662,2011-01-30 00:00:00,1,0,1,21,FALSE,0,2,0.24,0.2424,0.7,0.1642,3,25
325,2011-01-15 00:00:00,1,0,1,0,FALSE,6,1,0.18,324,0.2424,0.55,0,1970-01-01 00:00:00,25,28,764,2011-02-04 00:00:00,1,0,2,6,FALSE,5,2,0.16,0.2273,0.55,0,2,26
325,2011-01-15 00:00:00,1,0,1,0,FALSE,6,1,0.18,324,0.2424,0.55,0,1970-01-01 00:00:00,25,28,619,2011-01-29 00:00:00,1,0,1,0,FALSE,6,1,0.22,0.197,0.64,0.3582,2,26
370,2011-01-16 00:00:00,1,0,1,21,FALSE,0,1,0.18,369,0.197,0.51,0.1642,1970-01-01 00:00:00,22,28,662,2011-01-30 00:00:00,1,0,1,21,FALSE,0,2,0.24,0.2424,0.7,0.1642,3,25
370,2011-01-16 00:00:00,1,0,1,21,FALSE,0,1,0.18,369,0.197,0.51,0.1642,1970-01-01 00:00:00,22,28,764,2011-02-04 00:00:00,1,0,2,6,FALSE,5,2,0.16,0.2273,0.55,0,2,26
370,2011-01-16 00:00:00,1,0,1,21,FALSE,0,1,0.18,369,0.197,0.51,0.1642,1970-01-01 00:00:00,22,28,619,2011-01-29 00:00:00,1,0,1,0,FALSE,6,1,0.22,0.197,0.64,0.3582,2,26
399,2011-01-18 00:00:00,1,0,1,14,FALSE,2,2,0.22,398,0.2273,0.8,0.1642,1970-01-01 00:00:00,26,28,662,2011-01-30 00:00:00,1,0,1,21,FALSE,0,2,0.24,0.2424,0.7,0.1642,3,25
399,2011-01-18 00:00:00,1,0,1,14,FALSE,2,2,0.22,398,0.2273,0.8,0.1642,1970-01-01 00:00:00,26,28,764,2011-02-04 00:00:00,1,0,2,6,FALSE,5,2,0.16,0.2273,0.55,0,2,26
399,2011-01-18 00:00:00,1,0,1,14,FALSE,2,2,0.22,398,0.2273,0.8,0.1642,1970-01-01 00:00:00,26,28,619,2011-01-29 00:00:00,1,0,1,0,FALSE,6,1,0.22,0.197,0.64,0.3582,2,26
431,2011-01-19 00:00:00,1,0,1,23,FALSE,3,1,0.3,430,0.2727,0.52,0.4627,1970-01-01 00:00:00,27,28,662,2011-01-30 00:00:00,1,0,1,21,FALSE,0,2,0.24,0.2424,0.7,0.1642,3,25
431,2011-01-19 00:00:00,1,0,1,23,FALSE,3,1,0.3,430,0.2727,0.52,0.4627,1970-01-01 00:00:00,27,28,764,2011-02-04 00:00:00,1,0,2,6,FALSE,5,2,0.16,0.2273,0.55,0,2,26
431,2011-01-19 00:00:00,1,0,1,23,FALSE,3,1,0.3,430,0.2727,0.52,0.4627,1970-01-01 00:00:00,27,28,619,2011-01-29 00:00:00,1,0,1,0,FALSE,6,1,0.22,0.197,0.64,0.3582,2,26
511,2011-01-23 00:00:00,1,0,1,9,FALSE,0,1,0.1,510,0.0758,0.54,0.3582,1970-01-01 00:00:00,25,28,662,2011-01-30 00:00:00,1,0,1,21,FALSE,0,2,0.24,0.2424,0.7,0.1642,3,25
511,2011-01-23 00:00:00,1,0,1,9,FALSE,0,1,0.1,510,0.0758,0.54,0.3582,1970-01-01 00:00:00,25,28,764,2011-02-04 00:00:00,1,0,2,6,FALSE,5,2,0.16,0.2273,0.55,0,2,26
511,2011-01-23 00:00:00,1,0,1,9,FALSE,0,1,0.1,510,0.0758,0.54,0.3582,1970-01-01 00:00:00,25,28,619,2011-01-29 00:00:00,1,0,1,0,FALSE,6,1,0.22,0.197,0.64,0.3582,2,26
524,2011-01-23 00:00:00,1,0,1,22,FALSE,0,1,0.08,523,0.0909,0.38,0.194,1970-01-01 00:00:00,23,28,662,2011-01-30 00:00:00,1,0,1,21,FALSE,0,2,0.24,0.2424,0.7,0.1642,3,25
524,2011-01-23 00:00:00,1,0,1,22,FALSE,0,1,0.08,523,0.0909,0.38,0.194,1970-01-01 00:00:00,23,28,764,2011-02-04 00:00:00,1,0,2,6,FALSE,5,2,0.16,0.2273,0.55,0,2,26
524,2011-01-23 00:00:00,1,0,1,22,FALSE,0,1,0.08,523,0.0909,0.38,0.194,1970-01-01 00:00:00,23,28,619,2011-01-29 00:00:00,1,0,1,0,FALSE,6,1,0.22,0.197,0.64,0.3582,2,26
580,2011-01-26 00:00:00,1,0,1,10,FALSE,3,3,0.22,579,0.2121,0.93,0.2836,1970-01-01 00:00:00,26,28,662,2011-01-30 00:00:00,1,0,1,21,FALSE,0,2,0.24,0.2424,0.7,0.1642,3,25
580,2011-01-26 00:00:00,1,0,1,10,FALSE,3,3,0.22,579,0.2121,0.93,0.2836,1970-01-01 00:00:00,26,28,764,2011-02-04 00:00:00,1,0,2,6,FALSE,5,2,0.16,0.2273,0.55,0,2,26
580,2011-01-26 00:00:00,1,0,1,10,FALSE,3,3,0.22,579,0.2121,0.93,0.2836,1970-01-01 00:00:00,26,28,619,2011-01-29 00:00:00,1,0,1,0,FALSE,6,1,0.22,0.197,0.64,0.3582,2,26
24,2011-01-01 00:00:00,1,0,1,23,FALSE,6,2,0.46,23,,0.88,0.2985,1970-01-01 00:00:00,24,39,741,2011-02-03 00:00:00,1,0,2,6,FALSE,4,1,0.16,0.1364,0.43,0.3582,0,39
24,2011-01-01 00:00:00,1,0,1,23,FALSE,6,2,0.46,23,,0.88,0.2985,1970-01-01 00:00:00,24,39,782,2011-02-05 00:00:00,1,0,2,0,FALSE,6,2,0.24,0.2424,0.7,0.1642,3,36
24,2011-01-01 00:00:00,1,0,1,23,FALSE,6,2,0.46,23,,0.88,0.2985,1970-01-01 00:00:00,24,39,806,2011-02-06 00:00:00,1,0,2,0,FALSE,0,1,0.26,0.2576,0.7,0.194,2,37
24,2011-01-01 00:00:00,1,0,1,23,FALSE,6,2,0.46,23,,0.88,0.2985,1970-01-01 00:00:00,24,39,860,2011-02-08 00:00:00,1,0,2,6,FALSE,2,1,0.26,0.2273,0.7,0.3284,0,39
24,2011-01-01 00:00:00,1,0,1,23,FALSE,6,2,0.46,23,,0.88,0.2985,1970-01-01 00:00:00,24,39,970,2011-02-13 00:00:00,1,0,2,0,FALSE,0,1,0.2,0.2273,0.64,0.1045,5,34
159,2011-01-07 00:00:00,1,0,1,21,FALSE,5,1,0.18,158,0.197,0.47,0.1343,1970-01-01 00:00:00,39,39,741,2011-02-03 00:00:00,1,0,2,6,FALSE,4,1,0.16,0.1364,0.43,0.3582,0,39
159,2011-01-07 00:00:00,1,0,1,21,FALSE,5,1,0.18,158,0.197,0.47,0.1343,1970-01-01 00:00:00,39,39,782,2011-02-05 00:00:00,1,0,2,0,FALSE,6,2,0.24,0.2424,0.7,0.1642,3,36
159,2011-01-07 00:00:00,1,0,1,21,FALSE,5,1,0.18,158,0.197,0.47,0.1343,1970-01-01 00:00:00,39,39,806,2011-02-06 00:00:00,1,0,2,0,FALSE,0,1,0.26,0.2576,0.7,0.194,2,37
159,2011-01-07 00:00:00,1,0,1,21,FALSE,5,1,0.18,158,0.197,0.47,0.1343,1970-01-01 00:00:00,39,39,860,2011-02-08 00:00:00,1,0,2,6,FALSE,2,1,0.26,0.2273,0.7,0.3284,0,39
159,2011-01-07 00:00:00,1,0,1,21,FALSE,5,1,0.18,158,0.197,0.47,0.1343,1970-01-01 00:00:00,39,39,970,2011-02-13 00:00:00,1,0,2,0,FALSE,0,1,0.2,0.2273,0.64,0.1045,5,34
264,2011-01-12 00:00:00,1,0,1,10,FALSE,3,1,0.18,263,0.1818,0.55,0.2239,1970-01-01 00:00:00,39,39,741,2011-02-03 00:00:00,1,0,2,6,FALSE,4,1,0.16,0.1364,0.43,0.3582,0,39
264,2011-01-12 00:00:00,1,0,1,10,FALSE,3,1,0.18,263,0.1818,0.55,0.2239,1970-01-01 00:00:00,39,39,782,2011-02-05 00:00:00,1,0,2,0,FALSE,6,2,0.24,0.2424,0.7,0.1642,3,36
264,2011-01-12 00:00:00,1,0,1,10,FALSE,3,1,0.18,263,0.1818,0.55,0.2239,1970-01-01 00:00:00,39,39,806,2011-02-06 00:00:00,1,0,2,0,FALSE,0,1,0.26,0.2576,0.7,0.194,2,37
264,2011-01-12 00:00:00,1,0,1,10,FALSE,3,1,0.18,263,0.1818,0.55,0.2239,1970-01-01 00:00:00,39,39,860,2011-02-08 00:00:00,1,0,2,6,FALSE,2,1,0.26,0.2273,0.7,0.3284,0,39
264,2011-01-12 00:00:00,1,0,1,10,FALSE,3,1,0.18,263,0.1818,0.55,0.2239,1970-01-01 00:00:00,39,39,970,2011-02-13 00:00:00,1,0,2,0,FALSE,0,1,0.2,0.2273,0.64,0.1045,5,34
349,2011-01-16 00:00:00,1,0,1,0,FALSE,0,1,0.26,348,0.303,0.56,0,1970-01-01 00:00:00,33,39,741,2011-02-03 00:00:00,1,0,2,6,FALSE,4,1,0.16,0.1364,0.43,0.3582,0,39
349,2011-01-16 00:00:00,1,0,1,0,FALSE,0,1,0.26,348,0.303,0.56,0,1970-01-01 00:00:00,33,39,782,2011-02-05 00:00:00,1,0,2,0,FALSE,6,2,0.24,0.2424,0.7,0.1642,3,36
349,2011-01-16 00:00:00,1,0,1,0,FALSE,0,1,0.26,348,0.303,0.56,0,1970-01-01 00:00:00,33,39,806,2011-02-06 00:00:00,1,0,2,0,FALSE,0,1,0.26,0.2576,0.7,0.194,2,37
349,2011-01-16 00:00:00,1,0,1,0,FALSE,0,1,0.26,348,0.303,0.56,0,1970-01-01 00:00:00,33,39,860,2011-02-08 00:00:00,1,0,2,6,FALSE,2,1,0.26,0.2273,0.7,0.3284,0,39
349,2011-01-16 00:00:00,1,0,1,0,FALSE,0,1,0.26,348,0.303,0.56,0,1970-01-01 00:00:00,33,39,970,2011-02-13 00:00:00,1,0,2,0,FALSE,0,1,0.2,0.2273,0.64,0.1045,5,34
500,2011-01-22 00:00:00,1,0,1,21,FALSE,6,1,0.06,499,0.1061,0.41,0.0896,1970-01-01 00:00:00,39,39,741,2011-02-03 00:00:00,1,0,2,6,FALSE,4,1,0.16,0.1364,0.43,0.3582,0,39
500,2011-01-22 00:00:00,1,0,1,21,FALSE,6,1,0.06,499,0.1061,0.41,0.0896,1970-01-01 00:00:00,39,39,782,2011-02-05 00:00:00,1,0,2,0,FALSE,6,2,0.24,0.2424,0.7,0.1642,3,36
500,2011-01-22 00:00:00,1,0,1,21,FALSE,6,1,0.06,499,0.1061,0.41,0.0896,1970-01-01 00:00:00,39,39,806,2011-02-06 00:00:00,1,0,2,0,FALSE,0,1,0.26,0.2576,0.7,0.194,2,37
500,2011-01-22 00:00:00,1,0,1,21,FALSE,6,1,0.06,499,0.1061,0.41,0.0896,1970-01-01 00:00:00,39,39,860,2011-02-08 00:00:00,1,0,2,6,FALSE,2,1,0.26,0.2273,0.7,0.3284,0,39
500,2011-01-22 00:00:00,1,0,1,21,FALSE,6,1,0.06,499,0.1061,0.41,0.0896,1970-01-01 00:00:00,39,39,970,2011-02-13 00:00:00,1,0,2,0,FALSE,0,1,0.2,0.2273,0.64,0.1045,5,34
25,2011-01-02 00:00:00,1,0,1,0,FALSE,0,2,0.46,24,0.4545,0.88,0.2985,1970-01-01 00:00:00,13,17,688,2011-01-31 00:00:00,1,0,1,23,FALSE,1,2,0.16,0.197,0.64,0.0896,2,15
25,2011-01-02 00:00:00,1,0,1,0,FALSE,0,2,0.46,24,0.4545,0.88,0.2985,1970-01-01 00:00:00,13,17,784,2011-02-05 00:00:00,1,0,2,2,FALSE,6,2,0.24,0.2424,0.75,0.1642,5,12
25,2011-01-02 00:00:00,1,0,1,0,FALSE,0,2,0.46,24,0.4545,0.88,0.2985,1970-01-01 00:00:00,13,17,878,2011-02-09 00:00:00,1,0,2,0,FALSE,3,1,0.1,0.0758,0.36,0.3582,0,17
26,2011-01-02 00:00:00,1,0,1,1,FALSE,0,2,0.44,25,0.4394,0.94,0.2537,1970-01-01 00:00:00,16,17,688,2011-01-31 00:00:00,1,0,1,23,FALSE,1,2,0.16,0.197,0.64,0.0896,2,15
26,2011-01-02 00:00:00,1,0,1,1,FALSE,0,2,0.44,25,0.4394,0.94,0.2537,1970-01-01 00:00:00,16,17,784,2011-02-05 00:00:00,1,0,2,2,FALSE,6,2,0.24,0.2424,0.75,0.1642,5,12
26,2011-01-02 00:00:00,1,0,1,1,FALSE,0,2,0.44,25,0.4394,0.94,0.2537,1970-01-01 00:00:00,16,17,878,2011-02-09 00:00:00,1,0,2,0,FALSE,3,1,0.1,0.0758,0.36,0.3582,0,17
139,2011-01-07 00:00:00,1,0,1,0,FALSE,5,2,0.2,138,0.197,0.64,0.194,1970-01-01 00:00:00,13,17,688,2011-01-31 00:00:00,1,0,1,23,FALSE,1,2,0.16,0.197,0.64,0.0896,2,15
139,2011-01-07 00:00:00,1,0,1,0,FALSE,5,2,0.2,138,0.197,0.64,0.194,1970-01-01 00:00:00,13,17,784,2011-02-05 00:00:00,1,0,2,2,FALSE,6,2,0.24,0.2424,0.75,0.1642,5,12
139,2011-01-07 00:00:00,1,0,1,0,FALSE,5,2,0.2,138,0.197,0.64,0.194,1970-01-01 00:00:00,13,17,878,2011-02-09 00:00:00,1,0,2,0,FALSE,3,1,0.1,0.0758,0.36,0.3582,0,17
307,2011-01-14 00:00:00,1,0,1,6,FALSE,5,1,0.1,306,0.1818,0.54,0,1970-01-01 00:00:00,17,17,688,2011-01-31 00:00:00,1,0,1,23,FALSE,1,2,0.16,0.197,0.64,0.0896,2,15
307,2011-01-14 00:00:00,1,0,1,6,FALSE,5,1,0.1,306,0.1818,0.54,0,1970-01-01 00:00:00,17,17,784,2011-02-05 00:00:00,1,0,2,2,FALSE,6,2,0.24,0.2424,0.75,0.1642,5,12
307,2011-01-14 00:00:00,1,0,1,6,FALSE,5,1,0.1,306,0.1818,0.54,0,1970-01-01 00:00:00,17,17,878,2011-02-09 00:00:00,1,0,2,0,FALSE,3,1,0.1,0.0758,0.36,0.3582,0,17
373,2011-01-17 00:00:00,1,0,1,0,TRUE,1,2,0.2,372,0.197,0.47,0.2239,1970-01-01 00:00:00,16,17,688,2011-01-31 00:00:00,1,0,1,23,FALSE,1,2,0.16,0.197,0.64,0.0896,2,15
373,2011-01-17 00:00:00,1,0,1,0,TRUE,1,2,0.2,372,0.197,0.47,0.2239,1970-01-01 00:00:00,16,17,784,2011-02-05 00:00:00,1,0,2,2,FALSE,6,2,0.24,0.2424,0.75,0.1642,5,12
373,2011-01-17 00:00:00,1,0,1,0,TRUE,1,2,0.2,372,0.197,0.47,0.2239,1970-01-01 00:00:00,16,17,878,2011-02-09 00:00:00,1,0,2,0,FALSE,3,1,0.1,0.0758,0.36,0.3582,0,17
572,2011-01-26 00:00:00,1,0,1,0,FALSE,3,2,0.22,571,0.2273,0.69,0.1343,1970-01-01 00:00:00,14,17,688,2011-01-31 00:00:00,1,0,1,23,FALSE,1,2,0.16,0.197,0.64,0.0896,2,15
572,2011-01-26 00:00:00,1,0,1,0,FALSE,3,2,0.22,571,0.2273,0.69,0.1343,1970-01-01 00:00:00,14,17,784,2011-02-05 00:00:00,1,0,2,2,FALSE,6,2,0.24,0.2424,0.75,0.1642,5,12
572,2011-01-26 00:00:00,1,0,1,0,FALSE,3,2,0.22,571,0.2273,0.69,0.1343,1970-01-01 00:00:00,14,17,878,2011-02-09 00:00:00,1,0,2,0,FALSE,3,1,0.1,0.0758,0.36,0.3582,0,17
27,2011-01-02 00:00:00,1,0,1,2,FALSE,0,2,0.42,26,0.4242,1,0.2836,1970-01-01 00:00:00,8,9,787,2011-02-05 00:00:00,1,0,2,5,FALSE,6,3,0.2,0.2273,1,0.0896,0,9
46,2011-01-02 00:00:00,1,0,1,22,FALSE,0,1,0.24,45,0.2121,0.44,0.2985,1970-01-01 00:00:00,9,9,787,2011-02-05 00:00:00,1,0,2,5,FALSE,6,3,0.2,0.2273,1,0.0896,0,9
169,2011-01-08 00:00:00,1,0,1,7,FALSE,6,2,0.16,168,0.1818,0.74,0.1045,1970-01-01 00:00:00,8,9,787,2011-02-05 00:00:00,1,0,2,5,FALSE,6,3,0.2,0.2273,1,0.0896,0,9
549,2011-01-25 00:00:00,1,0,1,0,FALSE,2,2,0.16,548,0.1364,0.69,0.2836,1970-01-01 00:00:00,6,9,787,2011-02-05 00:00:00,1,0,2,5,FALSE,6,3,0.2,0.2273,1,0.0896,0,9
553,2011-01-25 00:00:00,1,0,1,5,FALSE,2,1,0.14,552,0.1364,0.74,0.2239,1970-01-01 00:00:00,9,9,787,2011-02-05 00:00:00,1,0,2,5,FALSE,6,3,0.2,0.2273,1,0.0896,0,9
596,2011-01-28 00:00:00,1,0,1,0,FALSE,5,2,0.2,595,0.2121,0.75,0.1343,1970-01-01 00:00:00,9,9,787,2011-02-05 00:00:00,1,0,2,5,FALSE,6,3,0.2,0.2273,1,0.0896,0,9
28,2011-01-02 00:00:00,1,0,1,3,FALSE,0,2,0.46,27,0.4545,0.94,0.194,1970-01-01 00:00:00,4,6,905,2011-02-10 00:00:00,1,0,2,5,FALSE,4,2,0.12,0.1212,0.5,0.2239,0,6
93,2011-01-05 00:00:00,1,0,1,0,FALSE,3,1,0.2,92,0.2576,0.64,0,1970-01-01 00:00:00,6,6,905,2011-02-10 00:00:00,1,0,2,5,FALSE,4,2,0.12,0.1212,0.5,0.2239,0,6
94,2011-01-05 00:00:00,1,0,1,1,FALSE,3,1,0.16,93,0.197,0.74,0.0896,1970-01-01 00:00:00,6,6,905,2011-02-10 00:00:00,1,0,2,5,FALSE,4,2,0.12,0.1212,0.5,0.2239,0,6
193,2011-01-09 00:00:00,1,0,1,7,FALSE,0,1,0.08,192,0.0909,0.53,0.194,1970-01-01 00:00:00,5,6,905,2011-02-10 00:00:00,1,0,2,5,FALSE,4,2,0.12,0.1212,0.5,0.2239,0,6
209,2011-01-09 00:00:00,1,0,1,23,FALSE,0,1,0.12,208,0.1364,0.5,0.194,1970-01-01 00:00:00,6,6,905,2011-02-10 00:00:00,1,0,2,5,FALSE,4,2,0.12,0.1212,0.5,0.2239,0,6
237,2011-01-11 00:00:00,1,0,1,5,FALSE,2,2,0.16,236,0.1818,0.55,0.1343,1970-01-01 00:00:00,6,6,905,2011-02-10 00:00:00,1,0,2,5,FALSE,4,2,0.12,0.1212,0.5,0.2239,0,6
257,2011-01-12 00:00:00,1,0,1,1,FALSE,3,2,0.16,256,0.1818,0.86,0.1045,1970-01-01 00:00:00,6,6,905,2011-02-10 00:00:00,1,0,2,5,FALSE,4,2,0.12,0.1212,0.5,0.2239,0,6
437,2011-01-20 00:00:00,1,0,1,5,FALSE,4,1,0.24,436,0.2273,0.6,0.2239,1970-01-01 00:00:00,6,6,905,2011-02-10 00:00:00,1,0,2,5,FALSE,4,2,0.12,0.1212,0.5,0.2239,0,6
457,2011-01-21 00:00:00,1,0,1,1,FALSE,5,2,0.24,456,0.2273,0.7,0.2537,1970-01-01 00:00:00,6,6,905,2011-02-10 00:00:00,1,0,2,5,FALSE,4,2,0.12,0.1212,0.5,0.2239,0,6
33,2011-01-02 00:00:00,1,0,1,9,FALSE,0,2,0.38,32,,0.76,0.2239,1970-01-01 00:00:00,19,20,620,2011-01-29 00:00:00,1,0,1,1,FALSE,6,1,0.22,0.2273,0.64,0.194,0,20
33,2011-01-02 00:00:00,1,0,1,9,FALSE,0,2,0.38,32,,0.76,0.2239,1970-01-01 00:00:00,19,20,791,2011-02-05 00:00:00,1,0,2,9,FALSE,6,3,0.2,0.2273,1,0.0896,3,17
33,2011-01-02 00:00:00,1,0,1,9,FALSE,0,2,0.38,32,,0.76,0.2239,1970-01-01 00:00:00,19,20,808,2011-02-06 00:00:00,1,0,2,2,FALSE,0,1,0.26,0.2273,0.6,0.3284,0,20
33,2011-01-02 00:00:00,1,0,1,9,FALSE,0,2,0.38,32,,0.76,0.2239,1970-01-01 00:00:00,19,20,972,2011-02-13 00:00:00,1,0,2,2,FALSE,0,2,0.2,0.2273,0.75,0.0896,1,19
68,2011-01-03 00:00:00,1,0,1,22,FALSE,1,1,0.14,67,0.1515,0.69,0.1343,1970-01-01 00:00:00,20,20,620,2011-01-29 00:00:00,1,0,1,1,FALSE,6,1,0.22,0.2273,0.64,0.194,0,20
68,2011-01-03 00:00:00,1,0,1,22,FALSE,1,1,0.14,67,0.1515,0.69,0.1343,1970-01-01 00:00:00,20,20,791,2011-02-05 00:00:00,1,0,2,9,FALSE,6,3,0.2,0.2273,1,0.0896,3,17
68,2011-01-03 00:00:00,1,0,1,22,FALSE,1,1,0.14,67,0.1515,0.69,0.1343,1970-01-01 00:00:00,20,20,808,2011-02-06 00:00:00,1,0,2,2,FALSE,0,1,0.26,0.2273,0.6,0.3284,0,20
68,2011-01-03 00:00:00,1,0,1,22,FALSE,1,1,0.14,67,0.1515,0.69,0.1343,1970-01-01 00:00:00,20,20,972,2011-02-13 00:00:00,1,0,2,2,FALSE,0,2,0.2,0.2273,0.75,0.0896,1,19
171,2011-01-08 00:00:00,1,0,1,9,FALSE,6,3,0.16,170,0.1818,0.93,0.1045,1970-01-01 00:00:00,20,20,620,2011-01-29 00:00:00,1,0,1,1,FALSE,6,1,0.22,0.2273,0.64,0.194,0,20
171,2011-01-08 00:00:00,1,0,1,9,FALSE,6,3,0.16,170,0.1818,0.93,0.1045,1970-01-01 00:00:00,20,20,791,2011-02-05 00:00:00,1,0,2,9,FALSE,6,3,0.2,0.2273,1,0.0896,3,17
171,2011-01-08 00:00:00,1,0,1,9,FALSE,6,3,0.16,170,0.1818,0.93,0.1045,1970-01-01 00:00:00,20,20,808,2011-02-06 00:00:00,1,0,2,2,FALSE,0,1,0.26,0.2273,0.6,0.3284,0,20
171,2011-01-08 00:00:00,1,0,1,9,FALSE,6,3,0.16,170,0.1818,0.93,0.1045,1970-01-01 00:00:00,20,20,972,2011-02-13 00:00:00,1,0,2,2,FALSE,0,2,0.2,0.2273,0.75,0.0896,1,19
207,2011-01-09 00:00:00,1,0,1,21,FALSE,0,1,0.14,206,0.1061,0.46,0.4179,1970-01-01 00:00:00,19,20,620,2011-01-29 00:00:00,1,0,1,1,FALSE,6,1,0.22,0.2273,0.64,0.194,0,20
207,2011-01-09 00:00:00,1,0,1,21,FALSE,0,1,0.14,206,0.1061,0.46,0.4179,1970-01-01 00:00:00,19,20,791,2011-02-05 00:00:00,1,0,2,9,FALSE,6,3,0.2,0.2273,1,0.0896,3,17
207,2011-01-09 00:00:00,1,0,1,21,FALSE,0,1,0.14,206,0.1061,0.46,0.4179,1970-01-01 00:00:00,19,20,808,2011-02-06 00:00:00,1,0,2,2,FALSE,0,1,0.26,0.2273,0.6,0.3284,0,20
207,2011-01-09 00:00:00,1,0,1,21,FALSE,0,1,0.14,206,0.1061,0.46,0.4179,1970-01-01 00:00:00,19,20,972,2011-02-13 00:00:00,1,0,2,2,FALSE,0,2,0.2,0.2273,0.75,0.0896,1,19
253,2011-01-11 00:00:00,1,0,1,21,FALSE,2,3,0.16,252,0.197,0.86,0.0896,1970-01-01 00:00:00,20,20,620,2011-01-29 00:00:00,1,0,1,1,FALSE,6,1,0.22,0.2273,0.64,0.194,0,20
253,2011-01-11 00:00:00,1,0,1,21,FALSE,2,3,0.16,252,0.197,0.86,0.0896,1970-01-01 00:00:00,20,20,791,2011-02-05 00:00:00,1,0,2,9,FALSE,6,3,0.2,0.2273,1,0.0896,3,17
253,2011-01-11 00:00:00,1,0,1,21,FALSE,2,3,0.16,252,0.197,0.86,0.0896,1970-01-01 00:00:00,20,20,808,2011-02-06 00:00:00,1,0,2,2,FALSE,0,1,0.26,0.2273,0.6,0.3284,0,20
253,2011-01-11 00:00:00,1,0,1,21,FALSE,2,3,0.16,252,0.197,0.86,0.0896,1970-01-01 00:00:00,20,20,972,2011-02-13 00:00:00,1,0,2,2,FALSE,0,2,0.2,0.2273,0.75,0.0896,1,19
277,2011-01-12 00:00:00,1,0,1,23,FALSE,3,1,0.14,276,0.1061,0.59,0.4179,1970-01-01 00:00:00,19,20,620,2011-01-29 00:00:00,1,0,1,1,FALSE,6,1,0.22,0.2273,0.64,0.194,0,20
277,2011-01-12 00:00:00,1,0,1,23,FALSE,3,1,0.14,276,0.1061,0.59,0.4179,1970-01-01 00:00:00,19,20,791,2011-02-05 00:00:00,1,0,2,9,FALSE,6,3,0.2,0.2273,1,0.0896,3,17
277,2011-01-12 00:00:00,1,0,1,23,FALSE,3,1,0.14,276,0.1061,0.59,0.4179,1970-01-01 00:00:00,19,20,808,2011-02-06 00:00:00,1,0,2,2,FALSE,0,1,0.26,0.2273,0.6,0.3284,0,20
277,2011-01-12 00:00:00,1,0,1,23,FALSE,3,1,0.14,276,0.1061,0.59,0.4179,1970-01-01 00:00:00,19,20,972,2011-02-13 00:00:00,1,0,2,2,FALSE,0,2,0.2,0.2273,0.75,0.0896,1,19
326,2011-01-15 00:00:00,1,0,1,1,FALSE,6,2,0.16,325,0.197,0.59,0.0896,1970-01-01 00:00:00,18,20,620,2011-01-29 00:00:00,1,0,1,1,FALSE,6,1,0.22,0.2273,0.64,0.194,0,20
326,2011-01-15 00:00:00,1,0,1,1,FALSE,6,2,0.16,325,0.197,0.59,0.0896,1970-01-01 00:00:00,18,20,791,2011-02-05 00:00:00,1,0,2,9,FALSE,6,3,0.2,0.2273,1,0.0896,3,17
326,2011-01-15 00:00:00,1,0,1,1,FALSE,6,2,0.16,325,0.197,0.59,0.0896,1970-01-01 00:00:00,18,20,808,2011-02-06 00:00:00,1,0,2,2,FALSE,0,1,0.26,0.2273,0.6,0.3284,0,20
326,2011-01-15 00:00:00,1,0,1,1,FALSE,6,2,0.16,325,0.197,0.59,0.0896,1970-01-01 00:00:00,18,20,972,2011-02-13 00:00:00,1,0,2,2,FALSE,0,2,0.2,0.2273,0.75,0.0896,1,19
408,2011-01-18 00:00:00,1,0,1,23,FALSE,2,2,0.22,407,0.2727,0.93,0,1970-01-01 00:00:00,19,20,620,2011-01-29 00:00:00,1,0,1,1,FALSE,6,1,0.22,0.2273,0.64,0.194,0,20
408,2011-01-18 00:00:00,1,0,1,23,FALSE,2,2,0.22,407,0.2727,0.93,0,1970-01-01 00:00:00,19,20,791,2011-02-05 00:00:00,1,0,2,9,FALSE,6,3,0.2,0.2273,1,0.0896,3,17
408,2011-01-18 00:00:00,1,0,1,23,FALSE,2,2,0.22,407,0.2727,0.93,0,1970-01-01 00:00:00,19,20,808,2011-02-06 00:00:00,1,0,2,2,FALSE,0,1,0.26,0.2273,0.6,0.3284,0,20
408,2011-01-18 00:00:00,1,0,1,23,FALSE,2,2,0.22,407,0.2727,0.93,0,1970-01-01 00:00:00,19,20,972,2011-02-13 00:00:00,1,0,2,2,FALSE,0,2,0.2,0.2273,0.75,0.0896,1,19
34,2011-01-02 00:00:00,1,0,1,10,FALSE,0,2,0.36,33,0.3485,0.81,0.2239,1970-01-01 00:00:00,46,53,945,2011-02-11 00:00:00,1,0,2,23,FALSE,5,1,0.18,0.2424,0.69,0,5,48
42,2011-01-02 00:00:00,1,0,1,18,FALSE,0,2,0.36,41,0.3333,0.46,0.3284,1970-01-01 00:00:00,43,53,945,2011-02-11 00:00:00,1,0,2,23,FALSE,5,1,0.18,0.2424,0.69,0,5,48
312,2011-01-14 00:00:00,1,0,1,11,FALSE,5,1,0.18,311,0.1667,0.51,0.2836,1970-01-01 00:00:00,47,53,945,2011-02-11 00:00:00,1,0,2,23,FALSE,5,1,0.18,0.2424,0.69,0,5,48
476,2011-01-21 00:00:00,1,0,1,20,FALSE,5,1,0.1,475,0.0758,0.33,0.4179,1970-01-01 00:00:00,52,53,945,2011-02-11 00:00:00,1,0,2,23,FALSE,5,1,0.18,0.2424,0.69,0,5,48
489,2011-01-22 00:00:00,1,0,1,10,FALSE,6,2,0.04,488,0.0606,0.41,0.1642,1970-01-01 00:00:00,50,53,945,2011-02-11 00:00:00,1,0,2,23,FALSE,5,1,0.18,0.2424,0.69,0,5,48
570,2011-01-25 00:00:00,1,0,1,22,FALSE,2,1,0.22,569,0.2273,0.64,0.1642,1970-01-01 00:00:00,49,53,945,2011-02-11 00:00:00,1,0,2,23,FALSE,5,1,0.18,0.2424,0.69,0,5,48
37,2011-01-02 00:00:00,1,0,1,13,FALSE,0,2,0.36,36,0.3485,0.66,0.1343,1970-01-01 00:00:00,64,75,725,2011-02-02 00:00:00,1,0,2,13,FALSE,3,1,0.34,0.3333,0.93,0.1642,1,74
37,2011-01-02 00:00:00,1,0,1,13,FALSE,0,2,0.36,36,0.3485,0.66,0.1343,1970-01-01 00:00:00,64,75,732,2011-02-02 00:00:00,1,0,2,20,FALSE,3,1,0.24,0.197,0.48,0.5522,4,71
199,2011-01-09 00:00:00,1,0,1,13,FALSE,0,1,0.2,198,0.1667,0.34,0.4478,1970-01-01 00:00:00,69,75,725,2011-02-02 00:00:00,1,0,2,13,FALSE,3,1,0.34,0.3333,0.93,0.1642,1,74
199,2011-01-09 00:00:00,1,0,1,13,FALSE,0,1,0.2,198,0.1667,0.34,0.4478,1970-01-01 00:00:00,69,75,732,2011-02-02 00:00:00,1,0,2,20,FALSE,3,1,0.24,0.197,0.48,0.5522,4,71
422,2011-01-19 00:00:00,1,0,1,14,FALSE,3,1,0.4,421,0.4091,0.58,0.2537,1970-01-01 00:00:00,68,75,725,2011-02-02 00:00:00,1,0,2,13,FALSE,3,1,0.34,0.3333,0.93,0.1642,1,74
422,2011-01-19 00:00:00,1,0,1,14,FALSE,3,1,0.4,421,0.4091,0.58,0.2537,1970-01-01 00:00:00,68,75,732,2011-02-02 00:00:00,1,0,2,20,FALSE,3,1,0.24,0.197,0.48,0.5522,4,71
493,2011-01-22 00:00:00,1,0,1,14,FALSE,6,1,0.1,492,0.1364,0.33,0.1045,1970-01-01 00:00:00,64,75,725,2011-02-02 00:00:00,1,0,2,13,FALSE,3,1,0.34,0.3333,0.93,0.1642,1,74
493,2011-01-22 00:00:00,1,0,1,14,FALSE,6,1,0.1,492,0.1364,0.33,0.1045,1970-01-01 00:00:00,64,75,732,2011-02-02 00:00:00,1,0,2,20,FALSE,3,1,0.24,0.197,0.48,0.5522,4,71
38,2011-01-02 00:00:00,1,0,1,14,FALSE,0,3,0.36,37,,0.76,0.194,1970-01-01 00:00:00,55,59,652,2011-01-30 00:00:00,1,0,1,11,FALSE,0,1,0.22,0.2727,0.75,0,9,50
38,2011-01-02 00:00:00,1,0,1,14,FALSE,0,3,0.36,37,,0.76,0.194,1970-01-01 00:00:00,55,59,805,2011-02-05 00:00:00,1,0,2,23,FALSE,6,1,0.26,0.2576,0.93,0.2239,7,52
38,2011-01-02 00:00:00,1,0,1,14,FALSE,0,3,0.36,37,,0.76,0.194,1970-01-01 00:00:00,55,59,887,2011-02-09 00:00:00,1,0,2,10,FALSE,3,1,0.14,0.1818,0.36,0,8,51
126,2011-01-06 00:00:00,1,0,1,11,FALSE,4,1,0.22,125,0.2576,0.44,0.0896,1970-01-01 00:00:00,57,59,652,2011-01-30 00:00:00,1,0,1,11,FALSE,0,1,0.22,0.2727,0.75,0,9,50
126,2011-01-06 00:00:00,1,0,1,11,FALSE,4,1,0.22,125,0.2576,0.44,0.0896,1970-01-01 00:00:00,57,59,805,2011-02-05 00:00:00,1,0,2,23,FALSE,6,1,0.26,0.2576,0.93,0.2239,7,52
126,2011-01-06 00:00:00,1,0,1,11,FALSE,4,1,0.22,125,0.2576,0.44,0.0896,1970-01-01 00:00:00,57,59,887,2011-02-09 00:00:00,1,0,2,10,FALSE,3,1,0.14,0.1818,0.36,0,8,51
150,2011-01-07 00:00:00,1,0,1,12,FALSE,5,2,0.2,149,0.197,0.37,0.2537,1970-01-01 00:00:00,50,59,652,2011-01-30 00:00:00,1,0,1,11,FALSE,0,1,0.22,0.2727,0.75,0,9,50
150,2011-01-07 00:00:00,1,0,1,12,FALSE,5,2,0.2,149,0.197,0.37,0.2537,1970-01-01 00:00:00,50,59,805,2011-02-05 00:00:00,1,0,2,23,FALSE,6,1,0.26,0.2576,0.93,0.2239,7,52
150,2011-01-07 00:00:00,1,0,1,12,FALSE,5,2,0.2,149,0.197,0.37,0.2537,1970-01-01 00:00:00,50,59,887,2011-02-09 00:00:00,1,0,2,10,FALSE,3,1,0.14,0.1818,0.36,0,8,51
335,2011-01-15 00:00:00,1,0,1,10,FALSE,6,1,0.18,334,0.197,0.59,0.1642,1970-01-01 00:00:00,57,59,652,2011-01-30 00:00:00,1,0,1,11,FALSE,0,1,0.22,0.2727,0.75,0,9,50
335,2011-01-15 00:00:00,1,0,1,10,FALSE,6,1,0.18,334,0.197,0.59,0.1642,1970-01-01 00:00:00,57,59,805,2011-02-05 00:00:00,1,0,2,23,FALSE,6,1,0.26,0.2576,0.93,0.2239,7,52
335,2011-01-15 00:00:00,1,0,1,10,FALSE,6,1,0.18,334,0.197,0.59,0.1642,1970-01-01 00:00:00,57,59,887,2011-02-09 00:00:00,1,0,2,10,FALSE,3,1,0.14,0.1818,0.36,0,8,51
429,2011-01-19 00:00:00,1,0,1,21,FALSE,3,1,0.32,428,0.2879,0.49,0.4179,1970-01-01 00:00:00,55,59,652,2011-01-30 00:00:00,1,0,1,11,FALSE,0,1,0.22,0.2727,0.75,0,9,50
429,2011-01-19 00:00:00,1,0,1,21,FALSE,3,1,0.32,428,0.2879,0.49,0.4179,1970-01-01 00:00:00,55,59,805,2011-02-05 00:00:00,1,0,2,23,FALSE,6,1,0.26,0.2576,0.93,0.2239,7,52
429,2011-01-19 00:00:00,1,0,1,21,FALSE,3,1,0.32,428,0.2879,0.49,0.4179,1970-01-01 00:00:00,55,59,887,2011-02-09 00:00:00,1,0,2,10,FALSE,3,1,0.14,0.1818,0.36,0,8,51
430,2011-01-19 00:00:00,1,0,1,22,FALSE,3,1,0.3,429,0.303,0.52,0.1642,1970-01-01 00:00:00,53,59,652,2011-01-30 00:00:00,1,0,1,11,FALSE,0,1,0.22,0.2727,0.75,0,9,50
430,2011-01-19 00:00:00,1,0,1,22,FALSE,3,1,0.3,429,0.303,0.52,0.1642,1970-01-01 00:00:00,53,59,805,2011-02-05 00:00:00,1,0,2,23,FALSE,6,1,0.26,0.2576,0.93,0.2239,7,52
430,2011-01-19 00:00:00,1,0,1,22,FALSE,3,1,0.3,429,0.303,0.52,0.1642,1970-01-01 00:00:00,53,59,887,2011-02-09 00:00:00,1,0,2,10,FALSE,3,1,0.14,0.1818,0.36,0,8,51
467,2011-01-21 00:00:00,1,0,1,11,FALSE,5,1,0.22,466,0.1818,0.41,0.4627,1970-01-01 00:00:00,53,59,652,2011-01-30 00:00:00,1,0,1,11,FALSE,0,1,0.22,0.2727,0.75,0,9,50
467,2011-01-21 00:00:00,1,0,1,11,FALSE,5,1,0.22,466,0.1818,0.41,0.4627,1970-01-01 00:00:00,53,59,805,2011-02-05 00:00:00,1,0,2,23,FALSE,6,1,0.26,0.2576,0.93,0.2239,7,52
467,2011-01-21 00:00:00,1,0,1,11,FALSE,5,1,0.22,466,0.1818,0.41,0.4627,1970-01-01 00:00:00,53,59,887,2011-02-09 00:00:00,1,0,2,10,FALSE,3,1,0.14,0.1818,0.36,0,8,51
498,2011-01-22 00:00:00,1,0,1,19,FALSE,6,1,0.08,497,0.1061,0.35,0.1343,1970-01-01 00:00:00,53,59,652,2011-01-30 00:00:00,1,0,1,11,FALSE,0,1,0.22,0.2727,0.75,0,9,50
498,2011-01-22 00:00:00,1,0,1,19,FALSE,6,1,0.08,497,0.1061,0.35,0.1343,1970-01-01 00:00:00,53,59,805,2011-02-05 00:00:00,1,0,2,23,FALSE,6,1,0.26,0.2576,0.93,0.2239,7,52
498,2011-01-22 00:00:00,1,0,1,19,FALSE,6,1,0.08,497,0.1061,0.35,0.1343,1970-01-01 00:00:00,53,59,887,2011-02-09 00:00:00,1,0,2,10,FALSE,3,1,0.14,0.1818,0.36,0,8,51
546,2011-01-24 00:00:00,1,0,1,21,FALSE,1,1,0.14,545,0.1515,0.63,0.1642,1970-01-01 00:00:00,53,59,652,2011-01-30 00:00:00,1,0,1,11,FALSE,0,1,0.22,0.2727,0.75,0,9,50
546,2011-01-24 00:00:00,1,0,1,21,FALSE,1,1,0.14,545,0.1515,0.63,0.1642,1970-01-01 00:00:00,53,59,805,2011-02-05 00:00:00,1,0,2,23,FALSE,6,1,0.26,0.2576,0.93,0.2239,7,52
546,2011-01-24 00:00:00,1,0,1,21,FALSE,1,1,0.14,545,0.1515,0.63,0.1642,1970-01-01 00:00:00,53,59,887,2011-02-09 00:00:00,1,0,2,10,FALSE,3,1,0.14,0.1818,0.36,0,8,51
592,2011-01-27 00:00:00,1,0,1,20,FALSE,4,1,0.18,591,0.2121,0.74,0.0896,1970-01-01 00:00:00,55,59,652,2011-01-30 00:00:00,1,0,1,11,FALSE,0,1,0.22,0.2727,0.75,0,9,50
592,2011-01-27 00:00:00,1,0,1,20,FALSE,4,1,0.18,591,0.2121,0.74,0.0896,1970-01-01 00:00:00,55,59,805,2011-02-05 00:00:00,1,0,2,23,FALSE,6,1,0.26,0.2576,0.93,0.2239,7,52
592,2011-01-27 00:00:00,1,0,1,20,FALSE,4,1,0.18,591,0.2121,0.74,0.0896,1970-01-01 00:00:00,55,59,887,2011-02-09 00:00:00,1,0,2,10,FALSE,3,1,0.14,0.1818,0.36,0,8,51
39,2011-01-02 00:00:00,1,0,1,15,FALSE,0,3,0.34,38,0.3333,0.81,0.1642,1970-01-01 00:00:00,55,74,708,2011-02-01 00:00:00,1,0,2,20,FALSE,2,2,0.22,0.2273,0.87,0.1343,5,69
39,2011-01-02 00:00:00,1,0,1,15,FALSE,0,3,0.34,38,0.3333,0.81,0.1642,1970-01-01 00:00:00,55,74,929,2011-02-11 00:00:00,1,0,2,7,FALSE,5,1,0.08,0.1667,0.73,0,1,73
39,2011-01-02 00:00:00,1,0,1,15,FALSE,0,3,0.34,38,0.3333,0.81,0.1642,1970-01-01 00:00:00,55,74,937,2011-02-11 00:00:00,1,0,2,15,FALSE,5,1,0.32,0.3182,0.21,0.1642,12,62
177,2011-01-08 00:00:00,1,0,1,15,FALSE,6,1,0.2,176,0.1667,0.32,0.4478,1970-01-01 00:00:00,69,74,708,2011-02-01 00:00:00,1,0,2,20,FALSE,2,2,0.22,0.2273,0.87,0.1343,5,69
177,2011-01-08 00:00:00,1,0,1,15,FALSE,6,1,0.2,176,0.1667,0.32,0.4478,1970-01-01 00:00:00,69,74,929,2011-02-11 00:00:00,1,0,2,7,FALSE,5,1,0.08,0.1667,0.73,0,1,73
177,2011-01-08 00:00:00,1,0,1,15,FALSE,6,1,0.2,176,0.1667,0.32,0.4478,1970-01-01 00:00:00,69,74,937,2011-02-11 00:00:00,1,0,2,15,FALSE,5,1,0.32,0.3182,0.21,0.1642,12,62
226,2011-01-10 00:00:00,1,0,1,16,FALSE,1,1,0.2,225,0.2121,0.4,0.1343,1970-01-01 00:00:00,70,74,708,2011-02-01 00:00:00,1,0,2,20,FALSE,2,2,0.22,0.2273,0.87,0.1343,5,69
226,2011-01-10 00:00:00,1,0,1,16,FALSE,1,1,0.2,225,0.2121,0.4,0.1343,1970-01-01 00:00:00,70,74,929,2011-02-11 00:00:00,1,0,2,7,FALSE,5,1,0.08,0.1667,0.73,0,1,73
226,2011-01-10 00:00:00,1,0,1,16,FALSE,1,1,0.2,225,0.2121,0.4,0.1343,1970-01-01 00:00:00,70,74,937,2011-02-11 00:00:00,1,0,2,15,FALSE,5,1,0.32,0.3182,0.21,0.1642,12,62
230,2011-01-10 00:00:00,1,0,1,20,FALSE,1,1,0.16,229,0.1667,0.5,0.1642,1970-01-01 00:00:00,73,74,708,2011-02-01 00:00:00,1,0,2,20,FALSE,2,2,0.22,0.2273,0.87,0.1343,5,69
230,2011-01-10 00:00:00,1,0,1,20,FALSE,1,1,0.16,229,0.1667,0.5,0.1642,1970-01-01 00:00:00,73,74,929,2011-02-11 00:00:00,1,0,2,7,FALSE,5,1,0.08,0.1667,0.73,0,1,73
230,2011-01-10 00:00:00,1,0,1,20,FALSE,1,1,0.16,229,0.1667,0.5,0.1642,1970-01-01 00:00:00,73,74,937,2011-02-11 00:00:00,1,0,2,15,FALSE,5,1,0.32,0.3182,0.21,0.1642,12,62
344,2011-01-15 00:00:00,1,0,1,19,FALSE,6,2,0.32,343,0.303,0.39,0.2537,1970-01-01 00:00:00,60,74,708,2011-02-01 00:00:00,1,0,2,20,FALSE,2,2,0.22,0.2273,0.87,0.1343,5,69
344,2011-01-15 00:00:00,1,0,1,19,FALSE,6,2,0.32,343,0.303,0.39,0.2537,1970-01-01 00:00:00,60,74,929,2011-02-11 00:00:00,1,0,2,7,FALSE,5,1,0.08,0.1667,0.73,0,1,73
344,2011-01-15 00:00:00,1,0,1,19,FALSE,6,2,0.32,343,0.303,0.39,0.2537,1970-01-01 00:00:00,60,74,937,2011-02-11 00:00:00,1,0,2,15,FALSE,5,1,0.32,0.3182,0.21,0.1642,12,62
40,2011-01-02 00:00:00,1,0,1,16,FALSE,0,3,0.34,39,0.3333,0.71,0.1642,1970-01-01 00:00:00,67,76,727,2011-02-02 00:00:00,1,0,2,15,FALSE,3,1,0.38,0.3939,0.76,0.3284,10,66
62,2011-01-03 00:00:00,1,0,1,16,FALSE,1,1,0.26,61,0.2424,0.3,0.2537,1970-01-01 00:00:00,67,76,727,2011-02-02 00:00:00,1,0,2,15,FALSE,3,1,0.38,0.3939,0.76,0.3284,10,66
178,2011-01-08 00:00:00,1,0,1,16,FALSE,6,1,0.18,177,0.1364,0.29,0.4478,1970-01-01 00:00:00,68,76,727,2011-02-02 00:00:00,1,0,2,15,FALSE,3,1,0.38,0.3939,0.76,0.3284,10,66
248,2011-01-11 00:00:00,1,0,1,16,FALSE,2,2,0.16,247,0.1515,0.86,0.2239,1970-01-01 00:00:00,72,76,727,2011-02-02 00:00:00,1,0,2,15,FALSE,3,1,0.38,0.3939,0.76,0.3284,10,66
428,2011-01-19 00:00:00,1,0,1,20,FALSE,3,1,0.32,427,0.303,0.49,0.2985,1970-01-01 00:00:00,74,76,727,2011-02-02 00:00:00,1,0,2,15,FALSE,3,1,0.38,0.3939,0.76,0.3284,10,66
41,2011-01-02 00:00:00,1,0,1,17,FALSE,0,1,0.34,40,0.3333,0.57,0.194,1970-01-01 00:00:00,58,65,631,2011-01-29 00:00:00,1,0,1,13,FALSE,6,2,0.22,0.2273,0.55,0.1642,9,56
41,2011-01-02 00:00:00,1,0,1,17,FALSE,0,1,0.34,40,0.3333,0.57,0.194,1970-01-01 00:00:00,58,65,659,2011-01-30 00:00:00,1,0,1,18,FALSE,0,1,0.26,0.2576,0.65,0.1642,8,57
41,2011-01-02 00:00:00,1,0,1,17,FALSE,0,1,0.34,40,0.3333,0.57,0.194,1970-01-01 00:00:00,58,65,866,2011-02-08 00:00:00,1,0,2,12,FALSE,2,1,0.24,0.197,0.38,0.4925,2,63
84,2011-01-04 00:00:00,1,0,1,15,FALSE,2,1,0.28,83,0.2727,0.52,0.2537,1970-01-01 00:00:00,48,65,631,2011-01-29 00:00:00,1,0,1,13,FALSE,6,2,0.22,0.2273,0.55,0.1642,9,56
84,2011-01-04 00:00:00,1,0,1,15,FALSE,2,1,0.28,83,0.2727,0.52,0.2537,1970-01-01 00:00:00,48,65,659,2011-01-30 00:00:00,1,0,1,18,FALSE,0,1,0.26,0.2576,0.65,0.1642,8,57
84,2011-01-04 00:00:00,1,0,1,15,FALSE,2,1,0.28,83,0.2727,0.52,0.2537,1970-01-01 00:00:00,48,65,866,2011-02-08 00:00:00,1,0,2,12,FALSE,2,1,0.24,0.197,0.38,0.4925,2,63
471,2011-01-21 00:00:00,1,0,1,15,FALSE,5,1,0.16,470,0.1212,0.26,0.4478,1970-01-01 00:00:00,61,65,631,2011-01-29 00:00:00,1,0,1,13,FALSE,6,2,0.22,0.2273,0.55,0.1642,9,56
471,2011-01-21 00:00:00,1,0,1,15,FALSE,5,1,0.16,470,0.1212,0.26,0.4478,1970-01-01 00:00:00,61,65,659,2011-01-30 00:00:00,1,0,1,18,FALSE,0,1,0.26,0.2576,0.65,0.1642,8,57
471,2011-01-21 00:00:00,1,0,1,15,FALSE,5,1,0.16,470,0.1212,0.26,0.4478,1970-01-01 00:00:00,61,65,866,2011-02-08 00:00:00,1,0,2,12,FALSE,2,1,0.24,0.197,0.38,0.4925,2,63
518,2011-01-23 00:00:00,1,0,1,16,FALSE,0,1,0.16,517,0.1364,0.26,0.3284,1970-01-01 00:00:00,56,65,631,2011-01-29 00:00:00,1,0,1,13,FALSE,6,2,0.22,0.2273,0.55,0.1642,9,56
518,2011-01-23 00:00:00,1,0,1,16,FALSE,0,1,0.16,517,0.1364,0.26,0.3284,1970-01-01 00:00:00,56,65,659,2011-01-30 00:00:00,1,0,1,18,FALSE,0,1,0.26,0.2576,0.65,0.1642,8,57
518,2011-01-23 00:00:00,1,0,1,16,FALSE,0,1,0.16,517,0.1364,0.26,0.3284,1970-01-01 00:00:00,56,65,866,2011-02-08 00:00:00,1,0,2,12,FALSE,2,1,0.24,0.197,0.38,0.4925,2,63
43,2011-01-02 00:00:00,1,0,1,19,FALSE,0,1,0.32,42,0.2879,0.42,0.4478,1970-01-01 00:00:00,29,30,829,2011-02-06 00:00:00,1,0,2,23,FALSE,0,1,0.24,0.2879,0.65,0,4,26
43,2011-01-02 00:00:00,1,0,1,19,FALSE,0,1,0.32,42,0.2879,0.42,0.4478,1970-01-01 00:00:00,29,30,836,2011-02-07 00:00:00,1,0,2,6,FALSE,1,1,0.18,0.2424,0.93,0,1,29
43,2011-01-02 00:00:00,1,0,1,19,FALSE,0,1,0.32,42,0.2879,0.42,0.4478,1970-01-01 00:00:00,29,30,946,2011-02-12 00:00:00,1,0,2,0,FALSE,6,1,0.16,0.197,0.69,0.0896,3,27
43,2011-01-02 00:00:00,1,0,1,19,FALSE,0,1,0.32,42,0.2879,0.42,0.4478,1970-01-01 00:00:00,29,30,954,2011-02-12 00:00:00,1,0,2,8,FALSE,6,1,0.14,0.1515,0.86,0.1343,2,28
43,2011-01-02 00:00:00,1,0,1,19,FALSE,0,1,0.32,42,0.2879,0.42,0.4478,1970-01-01 00:00:00,29,30,992,2011-02-13 00:00:00,1,0,2,23,FALSE,0,1,0.4,0.4091,0.35,0.3582,3,27
52,2011-01-03 00:00:00,1,0,1,6,FALSE,1,1,0.14,51,0.1061,0.5,0.3881,1970-01-01 00:00:00,30,30,829,2011-02-06 00:00:00,1,0,2,23,FALSE,0,1,0.24,0.2879,0.65,0,4,26
52,2011-01-03 00:00:00,1,0,1,6,FALSE,1,1,0.14,51,0.1061,0.5,0.3881,1970-01-01 00:00:00,30,30,836,2011-02-07 00:00:00,1,0,2,6,FALSE,1,1,0.18,0.2424,0.93,0,1,29
52,2011-01-03 00:00:00,1,0,1,6,FALSE,1,1,0.14,51,0.1061,0.5,0.3881,1970-01-01 00:00:00,30,30,946,2011-02-12 00:00:00,1,0,2,0,FALSE,6,1,0.16,0.197,0.69,0.0896,3,27
52,2011-01-03 00:00:00,1,0,1,6,FALSE,1,1,0.14,51,0.1061,0.5,0.3881,1970-01-01 00:00:00,30,30,954,2011-02-12 00:00:00,1,0,2,8,FALSE,6,1,0.14,0.1515,0.86,0.1343,2,28
52,2011-01-03 00:00:00,1,0,1,6,FALSE,1,1,0.14,51,0.1061,0.5,0.3881,1970-01-01 00:00:00,30,30,992,2011-02-13 00:00:00,1,0,2,23,FALSE,0,1,0.4,0.4091,0.35,0.3582,3,27
181,2011-01-08 00:00:00,1,0,1,19,FALSE,6,1,0.14,180,0.1212,0.36,0.2537,1970-01-01 00:00:00,26,30,829,2011-02-06 00:00:00,1,0,2,23,FALSE,0,1,0.24,0.2879,0.65,0,4,26
181,2011-01-08 00:00:00,1,0,1,19,FALSE,6,1,0.14,180,0.1212,0.36,0.2537,1970-01-01 00:00:00,26,30,836,2011-02-07 00:00:00,1,0,2,6,FALSE,1,1,0.18,0.2424,0.93,0,1,29
181,2011-01-08 00:00:00,1,0,1,19,FALSE,6,1,0.14,180,0.1212,0.36,0.2537,1970-01-01 00:00:00,26,30,946,2011-02-12 00:00:00,1,0,2,0,FALSE,6,1,0.16,0.197,0.69,0.0896,3,27
181,2011-01-08 00:00:00,1,0,1,19,FALSE,6,1,0.14,180,0.1212,0.36,0.2537,1970-01-01 00:00:00,26,30,954,2011-02-12 00:00:00,1,0,2,8,FALSE,6,1,0.14,0.1515,0.86,0.1343,2,28
181,2011-01-08 00:00:00,1,0,1,19,FALSE,6,1,0.14,180,0.1212,0.36,0.2537,1970-01-01 00:00:00,26,30,992,2011-02-13 00:00:00,1,0,2,23,FALSE,0,1,0.4,0.4091,0.35,0.3582,3,27
221,2011-01-10 00:00:00,1,0,1,11,FALSE,1,2,0.16,220,0.1364,0.47,0.2836,1970-01-01 00:00:00,28,30,829,2011-02-06 00:00:00,1,0,2,23,FALSE,0,1,0.24,0.2879,0.65,0,4,26
221,2011-01-10 00:00:00,1,0,1,11,FALSE,1,2,0.16,220,0.1364,0.47,0.2836,1970-01-01 00:00:00,28,30,836,2011-02-07 00:00:00,1,0,2,6,FALSE,1,1,0.18,0.2424,0.93,0,1,29
221,2011-01-10 00:00:00,1,0,1,11,FALSE,1,2,0.16,220,0.1364,0.47,0.2836,1970-01-01 00:00:00,28,30,946,2011-02-12 00:00:00,1,0,2,0,FALSE,6,1,0.16,0.197,0.69,0.0896,3,27
221,2011-01-10 00:00:00,1,0,1,11,FALSE,1,2,0.16,220,0.1364,0.47,0.2836,1970-01-01 00:00:00,28,30,954,2011-02-12 00:00:00,1,0,2,8,FALSE,6,1,0.14,0.1515,0.86,0.1343,2,28
221,2011-01-10 00:00:00,1,0,1,11,FALSE,1,2,0.16,220,0.1364,0.47,0.2836,1970-01-01 00:00:00,28,30,992,2011-02-13 00:00:00,1,0,2,23,FALSE,0,1,0.4,0.4091,0.35,0.3582,3,27
300,2011-01-13 00:00:00,1,0,1,22,FALSE,4,1,0.14,299,0.1212,0.46,0.3284,1970-01-01 00:00:00,30,30,829,2011-02-06 00:00:00,1,0,2,23,FALSE,0,1,0.24,0.2879,0.65,0,4,26
300,2011-01-13 00:00:00,1,0,1,22,FALSE,4,1,0.14,299,0.1212,0.46,0.3284,1970-01-01 00:00:00,30,30,836,2011-02-07 00:00:00,1,0,2,6,FALSE,1,1,0.18,0.2424,0.93,0,1,29
300,2011-01-13 00:00:00,1,0,1,22,FALSE,4,1,0.14,299,0.1212,0.46,0.3284,1970-01-01 00:00:00,30,30,946,2011-02-12 00:00:00,1,0,2,0,FALSE,6,1,0.16,0.197,0.69,0.0896,3,27
300,2011-01-13 00:00:00,1,0,1,22,FALSE,4,1,0.14,299,0.1212,0.46,0.3284,1970-01-01 00:00:00,30,30,954,2011-02-12 00:00:00,1,0,2,8,FALSE,6,1,0.14,0.1515,0.86,0.1343,2,28
300,2011-01-13 00:00:00,1,0,1,22,FALSE,4,1,0.14,299,0.1212,0.46,0.3284,1970-01-01 00:00:00,30,30,992,2011-02-13 00:00:00,1,0,2,23,FALSE,0,1,0.4,0.4091,0.35,0.3582,3,27
501,2011-01-22 00:00:00,1,0,1,22,FALSE,6,1,0.06,500,0.1515,0.49,0,1970-01-01 00:00:00,23,30,829,2011-02-06 00:00:00,1,0,2,23,FALSE,0,1,0.24,0.2879,0.65,0,4,26
501,2011-01-22 00:00:00,1,0,1,22,FALSE,6,1,0.06,500,0.1515,0.49,0,1970-01-01 00:00:00,23,30,836,2011-02-07 00:00:00,1,0,2,6,FALSE,1,1,0.18,0.2424,0.93,0,1,29
501,2011-01-22 00:00:00,1,0,1,22,FALSE,6,1,0.06,500,0.1515,0.49,0,1970-01-01 00:00:00,23,30,946,2011-02-12 00:00:00,1,0,2,0,FALSE,6,1,0.16,0.197,0.69,0.0896,3,27
501,2011-01-22 00:00:00,1,0,1,22,FALSE,6,1,0.06,500,0.1515,0.49,0,1970-01-01 00:00:00,23,30,954,2011-02-12 00:00:00,1,0,2,8,FALSE,6,1,0.14,0.1515,0.86,0.1343,2,28
501,2011-01-22 00:00:00,1,0,1,22,FALSE,6,1,0.06,500,0.1515,0.49,0,1970-01-01 00:00:00,23,30,992,2011-02-13 00:00:00,1,0,2,23,FALSE,0,1,0.4,0.4091,0.35,0.3582,3,27
577,2011-01-26 00:00:00,1,0,1,7,FALSE,3,3,0.22,576,0.2121,0.87,0.2985,1970-01-01 00:00:00,29,30,829,2011-02-06 00:00:00,1,0,2,23,FALSE,0,1,0.24,0.2879,0.65,0,4,26
577,2011-01-26 00:00:00,1,0,1,7,FALSE,3,3,0.22,576,0.2121,0.87,0.2985,1970-01-01 00:00:00,29,30,836,2011-02-07 00:00:00,1,0,2,6,FALSE,1,1,0.18,0.2424,0.93,0,1,29
577,2011-01-26 00:00:00,1,0,1,7,FALSE,3,3,0.22,576,0.2121,0.87,0.2985,1970-01-01 00:00:00,29,30,946,2011-02-12 00:00:00,1,0,2,0,FALSE,6,1,0.16,0.197,0.69,0.0896,3,27
577,2011-01-26 00:00:00,1,0,1,7,FALSE,3,3,0.22,576,0.2121,0.87,0.2985,1970-01-01 00:00:00,29,30,954,2011-02-12 00:00:00,1,0,2,8,FALSE,6,1,0.14,0.1515,0.86,0.1343,2,28
577,2011-01-26 00:00:00,1,0,1,7,FALSE,3,3,0.22,576,0.2121,0.87,0.2985,1970-01-01 00:00:00,29,30,992,2011-02-13 00:00:00,1,0,2,23,FALSE,0,1,0.4,0.4091,0.35,0.3582,3,27
606,2011-01-28 00:00:00,1,0,1,11,FALSE,5,3,0.18,605,0.2121,0.93,0.1045,1970-01-01 00:00:00,30,30,829,2011-02-06 00:00:00,1,0,2,23,FALSE,0,1,0.24,0.2879,0.65,0,4,26
606,2011-01-28 00:00:00,1,0,1,11,FALSE,5,3,0.18,605,0.2121,0.93,0.1045,1970-01-01 00:00:00,30,30,836,2011-02-07 00:00:00,1,0,2,6,FALSE,1,1,0.18,0.2424,0.93,0,1,29
606,2011-01-28 00:00:00,1,0,1,11,FALSE,5,3,0.18,605,0.2121,0.93,0.1045,1970-01-01 00:00:00,30,30,946,2011-02-12 00:00:00,1,0,2,0,FALSE,6,1,0.16,0.197,0.69,0.0896,3,27
606,2011-01-28 00:00:00,1,0,1,11,FALSE,5,3,0.18,605,0.2121,0.93,0.1045,1970-01-01 00:00:00,30,30,954,2011-02-12 00:00:00,1,0,2,8,FALSE,6,1,0.14,0.1515,0.86,0.1343,2,28
606,2011-01-28 00:00:00,1,0,1,11,FALSE,5,3,0.18,605,0.2121,0.93,0.1045,1970-01-01 00:00:00,30,30,992,2011-02-13 00:00:00,1,0,2,23,FALSE,0,1,0.4,0.4091,0.35,0.3582,3,27
44,2011-01-02 00:00:00,1,0,1,20,FALSE,0,1,0.3,43,,0.39,0.3582,1970-01-01 00:00:00,17,22,694,2011-02-01 00:00:00,1,0,2,6,FALSE,2,3,0.14,0.2121,0.93,0,0,22
185,2011-01-08 00:00:00,1,0,1,23,FALSE,6,1,0.1,184,0.0606,0.39,0.4478,1970-01-01 00:00:00,22,22,694,2011-02-01 00:00:00,1,0,2,6,FALSE,2,3,0.14,0.2121,0.93,0,0,22
398,2011-01-18 00:00:00,1,0,1,13,FALSE,2,2,0.2,397,0.197,0.86,0.2239,1970-01-01 00:00:00,22,22,694,2011-02-01 00:00:00,1,0,2,6,FALSE,2,3,0.14,0.2121,0.93,0,0,22
503,2011-01-23 00:00:00,1,0,1,0,FALSE,0,1,0.04,502,0.0758,0.57,0.1045,1970-01-01 00:00:00,20,22,694,2011-02-01 00:00:00,1,0,2,6,FALSE,2,3,0.14,0.2121,0.93,0,0,22
45,2011-01-02 00:00:00,1,0,1,21,FALSE,0,1,0.26,44,0.2273,0.44,0.3284,1970-01-01 00:00:00,20,31,781,2011-02-04 00:00:00,1,0,2,23,FALSE,5,2,0.24,0.2424,0.7,0.1343,1,30
216,2011-01-10 00:00:00,1,0,1,6,FALSE,1,1,0.12,215,0.1212,0.5,0.2836,1970-01-01 00:00:00,31,31,781,2011-02-04 00:00:00,1,0,2,23,FALSE,5,2,0.24,0.2424,0.7,0.1343,1,30
220,2011-01-10 00:00:00,1,0,1,10,FALSE,1,2,0.14,219,0.1212,0.5,0.2985,1970-01-01 00:00:00,31,31,781,2011-02-04 00:00:00,1,0,2,23,FALSE,5,2,0.24,0.2424,0.7,0.1343,1,30
455,2011-01-20 00:00:00,1,0,1,23,FALSE,4,2,0.24,454,0.2121,0.65,0.3284,1970-01-01 00:00:00,28,31,781,2011-02-04 00:00:00,1,0,2,23,FALSE,5,2,0.24,0.2424,0.7,0.1343,1,30
608,2011-01-28 00:00:00,1,0,1,13,FALSE,5,3,0.18,607,0.2121,0.93,0.1045,1970-01-01 00:00:00,31,31,781,2011-02-04 00:00:00,1,0,2,23,FALSE,5,2,0.24,0.2424,0.7,0.1343,1,30
48,2011-01-03 00:00:00,1,0,1,0,FALSE,1,1,0.22,47,0.197,0.44,0.3582,1970-01-01 00:00:00,5,5,625,2011-01-29 00:00:00,1,0,1,7,FALSE,6,1,0.16,0.1818,0.59,0.1045,1,4
48,2011-01-03 00:00:00,1,0,1,0,FALSE,1,1,0.22,47,0.197,0.44,0.3582,1970-01-01 00:00:00,5,5,737,2011-02-03 00:00:00,1,0,2,1,FALSE,4,1,0.2,0.1515,0.44,0.5224,0,5
48,2011-01-03 00:00:00,1,0,1,0,FALSE,1,1,0.22,47,0.197,0.44,0.3582,1970-01-01 00:00:00,5,5,831,2011-02-07 00:00:00,1,0,2,1,FALSE,1,1,0.22,0.2727,0.75,0,1,4
48,2011-01-03 00:00:00,1,0,1,0,FALSE,1,1,0.22,47,0.197,0.44,0.3582,1970-01-01 00:00:00,5,5,975,2011-02-13 00:00:00,1,0,2,6,FALSE,0,2,0.2,0.2121,0.69,0.1343,2,3
70,2011-01-04 00:00:00,1,0,1,0,FALSE,2,1,0.16,69,,0.55,0.1045,1970-01-01 00:00:00,5,5,625,2011-01-29 00:00:00,1,0,1,7,FALSE,6,1,0.16,0.1818,0.59,0.1045,1,4
70,2011-01-04 00:00:00,1,0,1,0,FALSE,2,1,0.16,69,,0.55,0.1045,1970-01-01 00:00:00,5,5,737,2011-02-03 00:00:00,1,0,2,1,FALSE,4,1,0.2,0.1515,0.44,0.5224,0,5
70,2011-01-04 00:00:00,1,0,1,0,FALSE,2,1,0.16,69,,0.55,0.1045,1970-01-01 00:00:00,5,5,831,2011-02-07 00:00:00,1,0,2,1,FALSE,1,1,0.22,0.2727,0.75,0,1,4
70,2011-01-04 00:00:00,1,0,1,0,FALSE,2,1,0.16,69,,0.55,0.1045,1970-01-01 00:00:00,5,5,975,2011-02-13 00:00:00,1,0,2,6,FALSE,0,2,0.2,0.2121,0.69,0.1343,2,3
143,2011-01-07 00:00:00,1,0,1,5,FALSE,5,3,0.22,142,0.2727,0.55,0,1970-01-01 00:00:00,5,5,625,2011-01-29 00:00:00,1,0,1,7,FALSE,6,1,0.16,0.1818,0.59,0.1045,1,4
143,2011-01-07 00:00:00,1,0,1,5,FALSE,5,3,0.22,142,0.2727,0.55,0,1970-01-01 00:00:00,5,5,737,2011-02-03 00:00:00,1,0,2,1,FALSE,4,1,0.2,0.1515,0.44,0.5224,0,5
143,2011-01-07 00:00:00,1,0,1,5,FALSE,5,3,0.22,142,0.2727,0.55,0,1970-01-01 00:00:00,5,5,831,2011-02-07 00:00:00,1,0,2,1,FALSE,1,1,0.22,0.2727,0.75,0,1,4
143,2011-01-07 00:00:00,1,0,1,5,FALSE,5,3,0.22,142,0.2727,0.55,0,1970-01-01 00:00:00,5,5,975,2011-02-13 00:00:00,1,0,2,6,FALSE,0,2,0.2,0.2121,0.69,0.1343,2,3
167,2011-01-08 00:00:00,1,0,1,5,FALSE,6,2,0.16,166,0.1667,0.74,0.1642,1970-01-01 00:00:00,5,5,625,2011-01-29 00:00:00,1,0,1,7,FALSE,6,1,0.16,0.1818,0.59,0.1045,1,4
167,2011-01-08 00:00:00,1,0,1,5,FALSE,6,2,0.16,166,0.1667,0.74,0.1642,1970-01-01 00:00:00,5,5,737,2011-02-03 00:00:00,1,0,2,1,FALSE,4,1,0.2,0.1515,0.44,0.5224,0,5
167,2011-01-08 00:00:00,1,0,1,5,FALSE,6,2,0.16,166,0.1667,0.74,0.1642,1970-01-01 00:00:00,5,5,831,2011-02-07 00:00:00,1,0,2,1,FALSE,1,1,0.22,0.2727,0.75,0,1,4
167,2011-01-08 00:00:00,1,0,1,5,FALSE,6,2,0.16,166,0.1667,0.74,0.1642,1970-01-01 00:00:00,5,5,975,2011-02-13 00:00:00,1,0,2,6,FALSE,0,2,0.2,0.2121,0.69,0.1343,2,3
210,2011-01-10 00:00:00,1,0,1,0,FALSE,1,1,0.12,209,0.1212,0.5,0.2836,1970-01-01 00:00:00,3,5,625,2011-01-29 00:00:00,1,0,1,7,FALSE,6,1,0.16,0.1818,0.59,0.1045,1,4
210,2011-01-10 00:00:00,1,0,1,0,FALSE,1,1,0.12,209,0.1212,0.5,0.2836,1970-01-01 00:00:00,3,5,737,2011-02-03 00:00:00,1,0,2,1,FALSE,4,1,0.2,0.1515,0.44,0.5224,0,5
210,2011-01-10 00:00:00,1,0,1,0,FALSE,1,1,0.12,209,0.1212,0.5,0.2836,1970-01-01 00:00:00,3,5,831,2011-02-07 00:00:00,1,0,2,1,FALSE,1,1,0.22,0.2727,0.75,0,1,4
210,2011-01-10 00:00:00,1,0,1,0,FALSE,1,1,0.12,209,0.1212,0.5,0.2836,1970-01-01 00:00:00,3,5,975,2011-02-13 00:00:00,1,0,2,6,FALSE,0,2,0.2,0.2121,0.69,0.1343,2,3
259,2011-01-12 00:00:00,1,0,1,5,FALSE,3,1,0.14,258,0.1515,0.86,0.1642,1970-01-01 00:00:00,5,5,625,2011-01-29 00:00:00,1,0,1,7,FALSE,6,1,0.16,0.1818,0.59,0.1045,1,4
259,2011-01-12 00:00:00,1,0,1,5,FALSE,3,1,0.14,258,0.1515,0.86,0.1642,1970-01-01 00:00:00,5,5,737,2011-02-03 00:00:00,1,0,2,1,FALSE,4,1,0.2,0.1515,0.44,0.5224,0,5
259,2011-01-12 00:00:00,1,0,1,5,FALSE,3,1,0.14,258,0.1515,0.86,0.1642,1970-01-01 00:00:00,5,5,831,2011-02-07 00:00:00,1,0,2,1,FALSE,1,1,0.22,0.2727,0.75,0,1,4
259,2011-01-12 00:00:00,1,0,1,5,FALSE,3,1,0.14,258,0.1515,0.86,0.1642,1970-01-01 00:00:00,5,5,975,2011-02-13 00:00:00,1,0,2,6,FALSE,0,2,0.2,0.2121,0.69,0.1343,2,3
303,2011-01-14 00:00:00,1,0,1,1,FALSE,5,1,0.1,302,0.1212,0.54,0.1642,1970-01-01 00:00:00,5,5,625,2011-01-29 00:00:00,1,0,1,7,FALSE,6,1,0.16,0.1818,0.59,0.1045,1,4
303,2011-01-14 00:00:00,1,0,1,1,FALSE,5,1,0.1,302,0.1212,0.54,0.1642,1970-01-01 00:00:00,5,5,737,2011-02-03 00:00:00,1,0,2,1,FALSE,4,1,0.2,0.1515,0.44,0.5224,0,5
303,2011-01-14 00:00:00,1,0,1,1,FALSE,5,1,0.1,302,0.1212,0.54,0.1642,1970-01-01 00:00:00,5,5,831,2011-02-07 00:00:00,1,0,2,1,FALSE,1,1,0.22,0.2727,0.75,0,1,4
303,2011-01-14 00:00:00,1,0,1,1,FALSE,5,1,0.1,302,0.1212,0.54,0.1642,1970-01-01 00:00:00,5,5,975,2011-02-13 00:00:00,1,0,2,6,FALSE,0,2,0.2,0.2121,0.69,0.1343,2,3
329,2011-01-15 00:00:00,1,0,1,4,FALSE,6,2,0.16,328,0.2273,0.59,0,1970-01-01 00:00:00,5,5,625,2011-01-29 00:00:00,1,0,1,7,FALSE,6,1,0.16,0.1818,0.59,0.1045,1,4
329,2011-01-15 00:00:00,1,0,1,4,FALSE,6,2,0.16,328,0.2273,0.59,0,1970-01-01 00:00:00,5,5,737,2011-02-03 00:00:00,1,0,2,1,FALSE,4,1,0.2,0.1515,0.44,0.5224,0,5
329,2011-01-15 00:00:00,1,0,1,4,FALSE,6,2,0.16,328,0.2273,0.59,0,1970-01-01 00:00:00,5,5,831,2011-02-07 00:00:00,1,0,2,1,FALSE,1,1,0.22,0.2727,0.75,0,1,4
329,2011-01-15 00:00:00,1,0,1,4,FALSE,6,2,0.16,328,0.2273,0.59,0,1970-01-01 00:00:00,5,5,975,2011-02-13 00:00:00,1,0,2,6,FALSE,0,2,0.2,0.2121,0.69,0.1343,2,3
379,2011-01-17 00:00:00,1,0,1,6,TRUE,1,2,0.18,378,0.1818,0.43,0.194,1970-01-01 00:00:00,5,5,625,2011-01-29 00:00:00,1,0,1,7,FALSE,6,1,0.16,0.1818,0.59,0.1045,1,4
379,2011-01-17 00:00:00,1,0,1,6,TRUE,1,2,0.18,378,0.1818,0.43,0.194,1970-01-01 00:00:00,5,5,737,2011-02-03 00:00:00,1,0,2,1,FALSE,4,1,0.2,0.1515,0.44,0.5224,0,5
379,2011-01-17 00:00:00,1,0,1,6,TRUE,1,2,0.18,378,0.1818,0.43,0.194,1970-01-01 00:00:00,5,5,831,2011-02-07 00:00:00,1,0,2,1,FALSE,1,1,0.22,0.2727,0.75,0,1,4
379,2011-01-17 00:00:00,1,0,1,6,TRUE,1,2,0.18,378,0.1818,0.43,0.194,1970-01-01 00:00:00,5,5,975,2011-02-13 00:00:00,1,0,2,6,FALSE,0,2,0.2,0.2121,0.69,0.1343,2,3
433,2011-01-20 00:00:00,1,0,1,1,FALSE,4,1,0.26,432,0.2727,0.56,0,1970-01-01 00:00:00,3,5,625,2011-01-29 00:00:00,1,0,1,7,FALSE,6,1,0.16,0.1818,0.59,0.1045,1,4
433,2011-01-20 00:00:00,1,0,1,1,FALSE,4,1,0.26,432,0.2727,0.56,0,1970-01-01 00:00:00,3,5,737,2011-02-03 00:00:00,1,0,2,1,FALSE,4,1,0.2,0.1515,0.44,0.5224,0,5
433,2011-01-20 00:00:00,1,0,1,1,FALSE,4,1,0.26,432,0.2727,0.56,0,1970-01-01 00:00:00,3,5,831,2011-02-07 00:00:00,1,0,2,1,FALSE,1,1,0.22,0.2727,0.75,0,1,4
433,2011-01-20 00:00:00,1,0,1,1,FALSE,4,1,0.26,432,0.2727,0.56,0,1970-01-01 00:00:00,3,5,975,2011-02-13 00:00:00,1,0,2,6,FALSE,0,2,0.2,0.2121,0.69,0.1343,2,3
461,2011-01-21 00:00:00,1,0,1,5,FALSE,5,1,0.24,460,0.197,0.6,0.4179,1970-01-01 00:00:00,4,5,625,2011-01-29 00:00:00,1,0,1,7,FALSE,6,1,0.16,0.1818,0.59,0.1045,1,4
461,2011-01-21 00:00:00,1,0,1,5,FALSE,5,1,0.24,460,0.197,0.6,0.4179,1970-01-01 00:00:00,4,5,737,2011-02-03 00:00:00,1,0,2,1,FALSE,4,1,0.2,0.1515,0.44,0.5224,0,5
461,2011-01-21 00:00:00,1,0,1,5,FALSE,5,1,0.24,460,0.197,0.6,0.4179,1970-01-01 00:00:00,4,5,831,2011-02-07 00:00:00,1,0,2,1,FALSE,1,1,0.22,0.2727,0.75,0,1,4
461,2011-01-21 00:00:00,1,0,1,5,FALSE,5,1,0.24,460,0.197,0.6,0.4179,1970-01-01 00:00:00,4,5,975,2011-02-13 00:00:00,1,0,2,6,FALSE,0,2,0.2,0.2121,0.69,0.1343,2,3
506,2011-01-23 00:00:00,1,0,1,3,FALSE,0,1,0.02,505,0.0606,0.62,0.1343,1970-01-01 00:00:00,4,5,625,2011-01-29 00:00:00,1,0,1,7,FALSE,6,1,0.16,0.1818,0.59,0.1045,1,4
506,2011-01-23 00:00:00,1,0,1,3,FALSE,0,1,0.02,505,0.0606,0.62,0.1343,1970-01-01 00:00:00,4,5,737,2011-02-03 00:00:00,1,0,2,1,FALSE,4,1,0.2,0.1515,0.44,0.5224,0,5
506,2011-01-23 00:00:00,1,0,1,3,FALSE,0,1,0.02,505,0.0606,0.62,0.1343,1970-01-01 00:00:00,4,5,831,2011-02-07 00:00:00,1,0,2,1,FALSE,1,1,0.22,0.2727,0.75,0,1,4
506,2011-01-23 00:00:00,1,0,1,3,FALSE,0,1,0.02,505,0.0606,0.62,0.1343,1970-01-01 00:00:00,4,5,975,2011-02-13 00:00:00,1,0,2,6,FALSE,0,2,0.2,0.2121,0.69,0.1343,2,3
530,2011-01-24 00:00:00,1,0,1,5,FALSE,1,1,0.02,529,0.0606,0.48,0.1343,1970-01-01 00:00:00,5,5,625,2011-01-29 00:00:00,1,0,1,7,FALSE,6,1,0.16,0.1818,0.59,0.1045,1,4
530,2011-01-24 00:00:00,1,0,1,5,FALSE,1,1,0.02,529,0.0606,0.48,0.1343,1970-01-01 00:00:00,5,5,737,2011-02-03 00:00:00,1,0,2,1,FALSE,4,1,0.2,0.1515,0.44,0.5224,0,5
530,2011-01-24 00:00:00,1,0,1,5,FALSE,1,1,0.02,529,0.0606,0.48,0.1343,1970-01-01 00:00:00,5,5,831,2011-02-07 00:00:00,1,0,2,1,FALSE,1,1,0.22,0.2727,0.75,0,1,4
530,2011-01-24 00:00:00,1,0,1,5,FALSE,1,1,0.02,529,0.0606,0.48,0.1343,1970-01-01 00:00:00,5,5,975,2011-02-13 00:00:00,1,0,2,6,FALSE,0,2,0.2,0.2121,0.69,0.1343,2,3
550,2011-01-25 00:00:00,1,0,1,1,FALSE,2,2,0.16,549,0.1667,0.69,0.1642,1970-01-01 00:00:00,5,5,625,2011-01-29 00:00:00,1,0,1,7,FALSE,6,1,0.16,0.1818,0.59,0.1045,1,4
550,2011-01-25 00:00:00,1,0,1,1,FALSE,2,2,0.16,549,0.1667,0.69,0.1642,1970-01-01 00:00:00,5,5,737,2011-02-03 00:00:00,1,0,2,1,FALSE,4,1,0.2,0.1515,0.44,0.5224,0,5
550,2011-01-25 00:00:00,1,0,1,1,FALSE,2,2,0.16,549,0.1667,0.69,0.1642,1970-01-01 00:00:00,5,5,831,2011-02-07 00:00:00,1,0,2,1,FALSE,1,1,0.22,0.2727,0.75,0,1,4
550,2011-01-25 00:00:00,1,0,1,1,FALSE,2,2,0.16,549,0.1667,0.69,0.1642,1970-01-01 00:00:00,5,5,975,2011-02-13 00:00:00,1,0,2,6,FALSE,0,2,0.2,0.2121,0.69,0.1343,2,3
573,2011-01-26 00:00:00,1,0,1,1,FALSE,3,2,0.24,572,0.2424,0.65,0.1343,1970-01-01 00:00:00,5,5,625,2011-01-29 00:00:00,1,0,1,7,FALSE,6,1,0.16,0.1818,0.59,0.1045,1,4
573,2011-01-26 00:00:00,1,0,1,1,FALSE,3,2,0.24,572,0.2424,0.65,0.1343,1970-01-01 00:00:00,5,5,737,2011-02-03 00:00:00,1,0,2,1,FALSE,4,1,0.2,0.1515,0.44,0.5224,0,5
573,2011-01-26 00:00:00,1,0,1,1,FALSE,3,2,0.24,572,0.2424,0.65,0.1343,1970-01-01 00:00:00,5,5,831,2011-02-07 00:00:00,1,0,2,1,FALSE,1,1,0.22,0.2727,0.75,0,1,4
573,2011-01-26 00:00:00,1,0,1,1,FALSE,3,2,0.24,572,0.2424,0.65,0.1343,1970-01-01 00:00:00,5,5,975,2011-02-13 00:00:00,1,0,2,6,FALSE,0,2,0.2,0.2121,0.69,0.1343,2,3
53,2011-01-03 00:00:00,1,0,1,7,FALSE,1,1,0.14,52,0.1364,0.5,0.194,1970-01-01 00:00:00,63,64,629,2011-01-29 00:00:00,1,0,1,11,FALSE,6,2,0.18,0.197,0.64,0.1343,4,60
53,2011-01-03 00:00:00,1,0,1,7,FALSE,1,1,0.14,52,0.1364,0.5,0.194,1970-01-01 00:00:00,63,64,651,2011-01-30 00:00:00,1,0,1,10,FALSE,0,2,0.18,0.2424,0.8,0,7,57
53,2011-01-03 00:00:00,1,0,1,7,FALSE,1,1,0.14,52,0.1364,0.5,0.194,1970-01-01 00:00:00,63,64,704,2011-02-01 00:00:00,1,0,2,16,FALSE,2,2,0.24,0.2424,0.75,0.1343,3,61
53,2011-01-03 00:00:00,1,0,1,7,FALSE,1,1,0.14,52,0.1364,0.5,0.194,1970-01-01 00:00:00,63,64,709,2011-02-01 00:00:00,1,0,2,21,FALSE,2,2,0.22,0.2273,0.87,0.1343,0,64
53,2011-01-03 00:00:00,1,0,1,7,FALSE,1,1,0.14,52,0.1364,0.5,0.194,1970-01-01 00:00:00,63,64,724,2011-02-02 00:00:00,1,0,2,12,FALSE,3,2,0.24,0.2273,0.93,0.2239,3,61
53,2011-01-03 00:00:00,1,0,1,7,FALSE,1,1,0.14,52,0.1364,0.5,0.194,1970-01-01 00:00:00,63,64,746,2011-02-03 00:00:00,1,0,2,11,FALSE,4,1,0.18,0.1364,0.43,0.4478,9,55
53,2011-01-03 00:00:00,1,0,1,7,FALSE,1,1,0.14,52,0.1364,0.5,0.194,1970-01-01 00:00:00,63,64,769,2011-02-04 00:00:00,1,0,2,11,FALSE,5,1,0.22,0.2273,0.51,0.1642,3,61
53,2011-01-03 00:00:00,1,0,1,7,FALSE,1,1,0.14,52,0.1364,0.5,0.194,1970-01-01 00:00:00,63,64,843,2011-02-07 00:00:00,1,0,2,13,FALSE,1,2,0.36,0.3636,0.57,0.0896,10,54
53,2011-01-03 00:00:00,1,0,1,7,FALSE,1,1,0.14,52,0.1364,0.5,0.194,1970-01-01 00:00:00,63,64,868,2011-02-08 00:00:00,1,0,2,14,FALSE,2,1,0.22,0.197,0.37,0.4179,3,61
53,2011-01-03 00:00:00,1,0,1,7,FALSE,1,1,0.14,52,0.1364,0.5,0.194,1970-01-01 00:00:00,63,64,892,2011-02-09 00:00:00,1,0,2,15,FALSE,3,2,0.2,0.1818,0.34,0.2836,3,61
53,2011-01-03 00:00:00,1,0,1,7,FALSE,1,1,0.14,52,0.1364,0.5,0.194,1970-01-01 00:00:00,63,64,933,2011-02-11 00:00:00,1,0,2,11,FALSE,5,1,0.22,0.2273,0.47,0.1343,12,52
53,2011-01-03 00:00:00,1,0,1,7,FALSE,1,1,0.14,52,0.1364,0.5,0.194,1970-01-01 00:00:00,63,64,964,2011-02-12 00:00:00,1,0,2,18,FALSE,6,1,0.28,0.2576,0.38,0.3284,4,60
298,2011-01-13 00:00:00,1,0,1,20,FALSE,4,1,0.16,297,0.1515,0.47,0.2239,1970-01-01 00:00:00,64,64,629,2011-01-29 00:00:00,1,0,1,11,FALSE,6,2,0.18,0.197,0.64,0.1343,4,60
298,2011-01-13 00:00:00,1,0,1,20,FALSE,4,1,0.16,297,0.1515,0.47,0.2239,1970-01-01 00:00:00,64,64,651,2011-01-30 00:00:00,1,0,1,10,FALSE,0,2,0.18,0.2424,0.8,0,7,57
298,2011-01-13 00:00:00,1,0,1,20,FALSE,4,1,0.16,297,0.1515,0.47,0.2239,1970-01-01 00:00:00,64,64,704,2011-02-01 00:00:00,1,0,2,16,FALSE,2,2,0.24,0.2424,0.75,0.1343,3,61
298,2011-01-13 00:00:00,1,0,1,20,FALSE,4,1,0.16,297,0.1515,0.47,0.2239,1970-01-01 00:00:00,64,64,709,2011-02-01 00:00:00,1,0,2,21,FALSE,2,2,0.22,0.2273,0.87,0.1343,0,64
298,2011-01-13 00:00:00,1,0,1,20,FALSE,4,1,0.16,297,0.1515,0.47,0.2239,1970-01-01 00:00:00,64,64,724,2011-02-02 00:00:00,1,0,2,12,FALSE,3,2,0.24,0.2273,0.93,0.2239,3,61
298,2011-01-13 00:00:00,1,0,1,20,FALSE,4,1,0.16,297,0.1515,0.47,0.2239,1970-01-01 00:00:00,64,64,746,2011-02-03 00:00:00,1,0,2,11,FALSE,4,1,0.18,0.1364,0.43,0.4478,9,55
298,2011-01-13 00:00:00,1,0,1,20,FALSE,4,1,0.16,297,0.1515,0.47,0.2239,1970-01-01 00:00:00,64,64,769,2011-02-04 00:00:00,1,0,2,11,FALSE,5,1,0.22,0.2273,0.51,0.1642,3,61
298,2011-01-13 00:00:00,1,0,1,20,FALSE,4,1,0.16,297,0.1515,0.47,0.2239,1970-01-01 00:00:00,64,64,843,2011-02-07 00:00:00,1,0,2,13,FALSE,1,2,0.36,0.3636,0.57,0.0896,10,54
298,2011-01-13 00:00:00,1,0,1,20,FALSE,4,1,0.16,297,0.1515,0.47,0.2239,1970-01-01 00:00:00,64,64,868,2011-02-08 00:00:00,1,0,2,14,FALSE,2,1,0.22,0.197,0.37,0.4179,3,61
298,2011-01-13 00:00:00,1,0,1,20,FALSE,4,1,0.16,297,0.1515,0.47,0.2239,1970-01-01 00:00:00,64,64,892,2011-02-09 00:00:00,1,0,2,15,FALSE,3,2,0.2,0.1818,0.34,0.2836,3,61
298,2011-01-13 00:00:00,1,0,1,20,FALSE,4,1,0.16,297,0.1515,0.47,0.2239,1970-01-01 00:00:00,64,64,933,2011-02-11 00:00:00,1,0,2,11,FALSE,5,1,0.22,0.2273,0.47,0.1343,12,52
298,2011-01-13 00:00:00,1,0,1,20,FALSE,4,1,0.16,297,0.1515,0.47,0.2239,1970-01-01 00:00:00,64,64,964,2011-02-12 00:00:00,1,0,2,18,FALSE,6,1,0.28,0.2576,0.38,0.3284,4,60
315,2011-01-14 00:00:00,1,0,1,14,FALSE,5,1,0.22,314,0.2121,0.41,0.2836,1970-01-01 00:00:00,59,64,629,2011-01-29 00:00:00,1,0,1,11,FALSE,6,2,0.18,0.197,0.64,0.1343,4,60
315,2011-01-14 00:00:00,1,0,1,14,FALSE,5,1,0.22,314,0.2121,0.41,0.2836,1970-01-01 00:00:00,59,64,651,2011-01-30 00:00:00,1,0,1,10,FALSE,0,2,0.18,0.2424,0.8,0,7,57
315,2011-01-14 00:00:00,1,0,1,14,FALSE,5,1,0.22,314,0.2121,0.41,0.2836,1970-01-01 00:00:00,59,64,704,2011-02-01 00:00:00,1,0,2,16,FALSE,2,2,0.24,0.2424,0.75,0.1343,3,61
315,2011-01-14 00:00:00,1,0,1,14,FALSE,5,1,0.22,314,0.2121,0.41,0.2836,1970-01-01 00:00:00,59,64,709,2011-02-01 00:00:00,1,0,2,21,FALSE,2,2,0.22,0.2273,0.87,0.1343,0,64
315,2011-01-14 00:00:00,1,0,1,14,FALSE,5,1,0.22,314,0.2121,0.41,0.2836,1970-01-01 00:00:00,59,64,724,2011-02-02 00:00:00,1,0,2,12,FALSE,3,2,0.24,0.2273,0.93,0.2239,3,61
315,2011-01-14 00:00:00,1,0,1,14,FALSE,5,1,0.22,314,0.2121,0.41,0.2836,1970-01-01 00:00:00,59,64,746,2011-02-03 00:00:00,1,0,2,11,FALSE,4,1,0.18,0.1364,0.43,0.4478,9,55
315,2011-01-14 00:00:00,1,0,1,14,FALSE,5,1,0.22,314,0.2121,0.41,0.2836,1970-01-01 00:00:00,59,64,769,2011-02-04 00:00:00,1,0,2,11,FALSE,5,1,0.22,0.2273,0.51,0.1642,3,61
315,2011-01-14 00:00:00,1,0,1,14,FALSE,5,1,0.22,314,0.2121,0.41,0.2836,1970-01-01 00:00:00,59,64,843,2011-02-07 00:00:00,1,0,2,13,FALSE,1,2,0.36,0.3636,0.57,0.0896,10,54
315,2011-01-14 00:00:00,1,0,1,14,FALSE,5,1,0.22,314,0.2121,0.41,0.2836,1970-01-01 00:00:00,59,64,868,2011-02-08 00:00:00,1,0,2,14,FALSE,2,1,0.22,0.197,0.37,0.4179,3,61
315,2011-01-14 00:00:00,1,0,1,14,FALSE,5,1,0.22,314,0.2121,0.41,0.2836,1970-01-01 00:00:00,59,64,892,2011-02-09 00:00:00,1,0,2,15,FALSE,3,2,0.2,0.1818,0.34,0.2836,3,61
315,2011-01-14 00:00:00,1,0,1,14,FALSE,5,1,0.22,314,0.2121,0.41,0.2836,1970-01-01 00:00:00,59,64,933,2011-02-11 00:00:00,1,0,2,11,FALSE,5,1,0.22,0.2273,0.47,0.1343,12,52
315,2011-01-14 00:00:00,1,0,1,14,FALSE,5,1,0.22,314,0.2121,0.41,0.2836,1970-01-01 00:00:00,59,64,964,2011-02-12 00:00:00,1,0,2,18,FALSE,6,1,0.28,0.2576,0.38,0.3284,4,60
384,2011-01-17 00:00:00,1,0,1,11,TRUE,1,2,0.16,383,0.1515,0.55,0.194,1970-01-01 00:00:00,55,64,629,2011-01-29 00:00:00,1,0,1,11,FALSE,6,2,0.18,0.197,0.64,0.1343,4,60
384,2011-01-17 00:00:00,1,0,1,11,TRUE,1,2,0.16,383,0.1515,0.55,0.194,1970-01-01 00:00:00,55,64,651,2011-01-30 00:00:00,1,0,1,10,FALSE,0,2,0.18,0.2424,0.8,0,7,57
384,2011-01-17 00:00:00,1,0,1,11,TRUE,1,2,0.16,383,0.1515,0.55,0.194,1970-01-01 00:00:00,55,64,704,2011-02-01 00:00:00,1,0,2,16,FALSE,2,2,0.24,0.2424,0.75,0.1343,3,61
384,2011-01-17 00:00:00,1,0,1,11,TRUE,1,2,0.16,383,0.1515,0.55,0.194,1970-01-01 00:00:00,55,64,709,2011-02-01 00:00:00,1,0,2,21,FALSE,2,2,0.22,0.2273,0.87,0.1343,0,64
384,2011-01-17 00:00:00,1,0,1,11,TRUE,1,2,0.16,383,0.1515,0.55,0.194,1970-01-01 00:00:00,55,64,724,2011-02-02 00:00:00,1,0,2,12,FALSE,3,2,0.24,0.2273,0.93,0.2239,3,61
384,2011-01-17 00:00:00,1,0,1,11,TRUE,1,2,0.16,383,0.1515,0.55,0.194,1970-01-01 00:00:00,55,64,746,2011-02-03 00:00:00,1,0,2,11,FALSE,4,1,0.18,0.1364,0.43,0.4478,9,55
384,2011-01-17 00:00:00,1,0,1,11,TRUE,1,2,0.16,383,0.1515,0.55,0.194,1970-01-01 00:00:00,55,64,769,2011-02-04 00:00:00,1,0,2,11,FALSE,5,1,0.22,0.2273,0.51,0.1642,3,61
384,2011-01-17 00:00:00,1,0,1,11,TRUE,1,2,0.16,383,0.1515,0.55,0.194,1970-01-01 00:00:00,55,64,843,2011-02-07 00:00:00,1,0,2,13,FALSE,1,2,0.36,0.3636,0.57,0.0896,10,54
384,2011-01-17 00:00:00,1,0,1,11,TRUE,1,2,0.16,383,0.1515,0.55,0.194,1970-01-01 00:00:00,55,64,868,2011-02-08 00:00:00,1,0,2,14,FALSE,2,1,0.22,0.197,0.37,0.4179,3,61
384,2011-01-17 00:00:00,1,0,1,11,TRUE,1,2,0.16,383,0.1515,0.55,0.194,1970-01-01 00:00:00,55,64,892,2011-02-09 00:00:00,1,0,2,15,FALSE,3,2,0.2,0.1818,0.34,0.2836,3,61
384,2011-01-17 00:00:00,1,0,1,11,TRUE,1,2,0.16,383,0.1515,0.55,0.194,1970-01-01 00:00:00,55,64,933,2011-02-11 00:00:00,1,0,2,11,FALSE,5,1,0.22,0.2273,0.47,0.1343,12,52
384,2011-01-17 00:00:00,1,0,1,11,TRUE,1,2,0.16,383,0.1515,0.55,0.194,1970-01-01 00:00:00,55,64,964,2011-02-12 00:00:00,1,0,2,18,FALSE,6,1,0.28,0.2576,0.38,0.3284,4,60
54,2011-01-03 00:00:00,1,0,1,8,FALSE,1,1,0.14,53,0.1212,0.5,0.2836,1970-01-01 00:00:00,153,154,982,2011-02-13 00:00:00,1,0,2,13,FALSE,0,1,0.38,0.3939,0.29,0.3582,62,92
55,2011-01-03 00:00:00,1,0,1,9,FALSE,1,1,0.16,54,0.1364,0.43,0.3881,1970-01-01 00:00:00,81,88,850,2011-02-07 00:00:00,1,0,2,20,FALSE,1,2,0.32,0.3333,0.7,0.1045,6,82
55,2011-01-03 00:00:00,1,0,1,9,FALSE,1,1,0.16,54,0.1364,0.43,0.3881,1970-01-01 00:00:00,81,88,896,2011-02-09 00:00:00,1,0,2,19,FALSE,3,3,0.14,0.1212,0.86,0.2537,1,87
99,2011-01-05 00:00:00,1,0,1,7,FALSE,3,1,0.18,98,0.1818,0.43,0.194,1970-01-01 00:00:00,87,88,850,2011-02-07 00:00:00,1,0,2,20,FALSE,1,2,0.32,0.3333,0.7,0.1045,6,82
99,2011-01-05 00:00:00,1,0,1,7,FALSE,3,1,0.18,98,0.1818,0.43,0.194,1970-01-01 00:00:00,87,88,896,2011-02-09 00:00:00,1,0,2,19,FALSE,3,3,0.14,0.1212,0.86,0.2537,1,87
56,2011-01-03 00:00:00,1,0,1,10,FALSE,1,1,0.18,55,0.1667,0.43,0.2537,1970-01-01 00:00:00,33,44,680,2011-01-31 00:00:00,1,0,1,15,FALSE,1,2,0.16,0.1818,0.59,0.1343,3,41
56,2011-01-03 00:00:00,1,0,1,10,FALSE,1,1,0.18,55,0.1667,0.43,0.2537,1970-01-01 00:00:00,33,44,807,2011-02-06 00:00:00,1,0,2,1,FALSE,0,1,0.26,0.2273,0.65,0.4179,4,40
56,2011-01-03 00:00:00,1,0,1,10,FALSE,1,1,0.18,55,0.1667,0.43,0.2537,1970-01-01 00:00:00,33,44,932,2011-02-11 00:00:00,1,0,2,10,FALSE,5,1,0.14,0.1364,0.69,0.194,5,39
268,2011-01-12 00:00:00,1,0,1,14,FALSE,3,1,0.2,267,0.1818,0.47,0.3284,1970-01-01 00:00:00,44,44,680,2011-01-31 00:00:00,1,0,1,15,FALSE,1,2,0.16,0.1818,0.59,0.1343,3,41
268,2011-01-12 00:00:00,1,0,1,14,FALSE,3,1,0.2,267,0.1818,0.47,0.3284,1970-01-01 00:00:00,44,44,807,2011-02-06 00:00:00,1,0,2,1,FALSE,0,1,0.26,0.2273,0.65,0.4179,4,40
268,2011-01-12 00:00:00,1,0,1,14,FALSE,3,1,0.2,267,0.1818,0.47,0.3284,1970-01-01 00:00:00,44,44,932,2011-02-11 00:00:00,1,0,2,10,FALSE,5,1,0.14,0.1364,0.69,0.194,5,39
311,2011-01-14 00:00:00,1,0,1,10,FALSE,5,1,0.18,310,0.1818,0.55,0.194,1970-01-01 00:00:00,40,44,680,2011-01-31 00:00:00,1,0,1,15,FALSE,1,2,0.16,0.1818,0.59,0.1343,3,41
311,2011-01-14 00:00:00,1,0,1,10,FALSE,5,1,0.18,310,0.1818,0.55,0.194,1970-01-01 00:00:00,40,44,807,2011-02-06 00:00:00,1,0,2,1,FALSE,0,1,0.26,0.2273,0.65,0.4179,4,40
311,2011-01-14 00:00:00,1,0,1,10,FALSE,5,1,0.18,310,0.1818,0.55,0.194,1970-01-01 00:00:00,40,44,932,2011-02-11 00:00:00,1,0,2,10,FALSE,5,1,0.14,0.1364,0.69,0.194,5,39
348,2011-01-15 00:00:00,1,0,1,23,FALSE,6,1,0.3,347,0.2879,0.45,0.2836,1970-01-01 00:00:00,39,44,680,2011-01-31 00:00:00,1,0,1,15,FALSE,1,2,0.16,0.1818,0.59,0.1343,3,41
348,2011-01-15 00:00:00,1,0,1,23,FALSE,6,1,0.3,347,0.2879,0.45,0.2836,1970-01-01 00:00:00,39,44,807,2011-02-06 00:00:00,1,0,2,1,FALSE,0,1,0.26,0.2273,0.65,0.4179,4,40
348,2011-01-15 00:00:00,1,0,1,23,FALSE,6,1,0.3,347,0.2879,0.45,0.2836,1970-01-01 00:00:00,39,44,932,2011-02-11 00:00:00,1,0,2,10,FALSE,5,1,0.14,0.1364,0.69,0.194,5,39
57,2011-01-03 00:00:00,1,0,1,11,FALSE,1,1,0.2,56,0.1818,0.4,0.3284,1970-01-01 00:00:00,41,51,699,2011-02-01 00:00:00,1,0,2,11,FALSE,2,2,0.18,0.2424,0.86,0,2,49
57,2011-01-03 00:00:00,1,0,1,11,FALSE,1,1,0.2,56,0.1818,0.4,0.3284,1970-01-01 00:00:00,41,51,748,2011-02-03 00:00:00,1,0,2,13,FALSE,4,1,0.2,0.1667,0.4,0.4179,4,47
57,2011-01-03 00:00:00,1,0,1,11,FALSE,1,1,0.2,56,0.1818,0.4,0.3284,1970-01-01 00:00:00,41,51,768,2011-02-04 00:00:00,1,0,2,10,FALSE,5,2,0.2,0.2121,0.51,0.1343,5,46
57,2011-01-03 00:00:00,1,0,1,11,FALSE,1,1,0.2,56,0.1818,0.4,0.3284,1970-01-01 00:00:00,41,51,869,2011-02-08 00:00:00,1,0,2,15,FALSE,2,1,0.22,0.197,0.35,0.3881,6,45
57,2011-01-03 00:00:00,1,0,1,11,FALSE,1,1,0.2,56,0.1818,0.4,0.3284,1970-01-01 00:00:00,41,51,922,2011-02-10 00:00:00,1,0,2,22,FALSE,4,1,0.12,0.197,0.39,0,4,47
57,2011-01-03 00:00:00,1,0,1,11,FALSE,1,1,0.2,56,0.1818,0.4,0.3284,1970-01-01 00:00:00,41,51,967,2011-02-12 00:00:00,1,0,2,21,FALSE,6,1,0.26,0.303,0.41,0,9,42
57,2011-01-03 00:00:00,1,0,1,11,FALSE,1,1,0.2,56,0.1818,0.4,0.3284,1970-01-01 00:00:00,41,51,990,2011-02-13 00:00:00,1,0,2,21,FALSE,0,1,0.4,0.4091,0.35,0.3582,6,45
158,2011-01-07 00:00:00,1,0,1,20,FALSE,5,1,0.18,157,0.2121,0.47,0.1045,1970-01-01 00:00:00,50,51,699,2011-02-01 00:00:00,1,0,2,11,FALSE,2,2,0.18,0.2424,0.86,0,2,49
158,2011-01-07 00:00:00,1,0,1,20,FALSE,5,1,0.18,157,0.2121,0.47,0.1045,1970-01-01 00:00:00,50,51,748,2011-02-03 00:00:00,1,0,2,13,FALSE,4,1,0.2,0.1667,0.4,0.4179,4,47
158,2011-01-07 00:00:00,1,0,1,20,FALSE,5,1,0.18,157,0.2121,0.47,0.1045,1970-01-01 00:00:00,50,51,768,2011-02-04 00:00:00,1,0,2,10,FALSE,5,2,0.2,0.2121,0.51,0.1343,5,46
158,2011-01-07 00:00:00,1,0,1,20,FALSE,5,1,0.18,157,0.2121,0.47,0.1045,1970-01-01 00:00:00,50,51,869,2011-02-08 00:00:00,1,0,2,15,FALSE,2,1,0.22,0.197,0.35,0.3881,6,45
158,2011-01-07 00:00:00,1,0,1,20,FALSE,5,1,0.18,157,0.2121,0.47,0.1045,1970-01-01 00:00:00,50,51,922,2011-02-10 00:00:00,1,0,2,22,FALSE,4,1,0.12,0.197,0.39,0,4,47
158,2011-01-07 00:00:00,1,0,1,20,FALSE,5,1,0.18,157,0.2121,0.47,0.1045,1970-01-01 00:00:00,50,51,967,2011-02-12 00:00:00,1,0,2,21,FALSE,6,1,0.26,0.303,0.41,0,9,42
158,2011-01-07 00:00:00,1,0,1,20,FALSE,5,1,0.18,157,0.2121,0.47,0.1045,1970-01-01 00:00:00,50,51,990,2011-02-13 00:00:00,1,0,2,21,FALSE,0,1,0.4,0.4091,0.35,0.3582,6,45
251,2011-01-11 00:00:00,1,0,1,19,FALSE,2,3,0.16,250,0.2273,0.93,0,1970-01-01 00:00:00,51,51,699,2011-02-01 00:00:00,1,0,2,11,FALSE,2,2,0.18,0.2424,0.86,0,2,49
251,2011-01-11 00:00:00,1,0,1,19,FALSE,2,3,0.16,250,0.2273,0.93,0,1970-01-01 00:00:00,51,51,748,2011-02-03 00:00:00,1,0,2,13,FALSE,4,1,0.2,0.1667,0.4,0.4179,4,47
251,2011-01-11 00:00:00,1,0,1,19,FALSE,2,3,0.16,250,0.2273,0.93,0,1970-01-01 00:00:00,51,51,768,2011-02-04 00:00:00,1,0,2,10,FALSE,5,2,0.2,0.2121,0.51,0.1343,5,46
251,2011-01-11 00:00:00,1,0,1,19,FALSE,2,3,0.16,250,0.2273,0.93,0,1970-01-01 00:00:00,51,51,869,2011-02-08 00:00:00,1,0,2,15,FALSE,2,1,0.22,0.197,0.35,0.3881,6,45
251,2011-01-11 00:00:00,1,0,1,19,FALSE,2,3,0.16,250,0.2273,0.93,0,1970-01-01 00:00:00,51,51,922,2011-02-10 00:00:00,1,0,2,22,FALSE,4,1,0.12,0.197,0.39,0,4,47
251,2011-01-11 00:00:00,1,0,1,19,FALSE,2,3,0.16,250,0.2273,0.93,0,1970-01-01 00:00:00,51,51,967,2011-02-12 00:00:00,1,0,2,21,FALSE,6,1,0.26,0.303,0.41,0,9,42
251,2011-01-11 00:00:00,1,0,1,19,FALSE,2,3,0.16,250,0.2273,0.93,0,1970-01-01 00:00:00,51,51,990,2011-02-13 00:00:00,1,0,2,21,FALSE,0,1,0.4,0.4091,0.35,0.3582,6,45
58,2011-01-03 00:00:00,1,0,1,12,FALSE,1,1,0.22,57,0.2121,0.35,0.2985,1970-01-01 00:00:00,48,61,722,2011-02-02 00:00:00,1,0,2,10,FALSE,3,2,0.22,0.2727,1,0,2,59
58,2011-01-03 00:00:00,1,0,1,12,FALSE,1,1,0.22,57,0.2121,0.35,0.2985,1970-01-01 00:00:00,48,61,889,2011-02-09 00:00:00,1,0,2,12,FALSE,3,2,0.18,0.1818,0.4,0.2239,4,57
58,2011-01-03 00:00:00,1,0,1,12,FALSE,1,1,0.22,57,0.2121,0.35,0.2985,1970-01-01 00:00:00,48,61,988,2011-02-13 00:00:00,1,0,2,19,FALSE,0,1,0.4,0.4091,0.35,0.2836,11,50
59,2011-01-03 00:00:00,1,0,1,13,FALSE,1,1,0.24,58,,0.35,0.2836,1970-01-01 00:00:00,53,61,722,2011-02-02 00:00:00,1,0,2,10,FALSE,3,2,0.22,0.2727,1,0,2,59
59,2011-01-03 00:00:00,1,0,1,13,FALSE,1,1,0.24,58,,0.35,0.2836,1970-01-01 00:00:00,53,61,889,2011-02-09 00:00:00,1,0,2,12,FALSE,3,2,0.18,0.1818,0.4,0.2239,4,57
59,2011-01-03 00:00:00,1,0,1,13,FALSE,1,1,0.24,58,,0.35,0.2836,1970-01-01 00:00:00,53,61,988,2011-02-13 00:00:00,1,0,2,19,FALSE,0,1,0.4,0.4091,0.35,0.2836,11,50
172,2011-01-08 00:00:00,1,0,1,10,FALSE,6,2,0.18,171,0.197,0.8,0.1642,1970-01-01 00:00:00,56,61,722,2011-02-02 00:00:00,1,0,2,10,FALSE,3,2,0.22,0.2727,1,0,2,59
172,2011-01-08 00:00:00,1,0,1,10,FALSE,6,2,0.18,171,0.197,0.8,0.1642,1970-01-01 00:00:00,56,61,889,2011-02-09 00:00:00,1,0,2,12,FALSE,3,2,0.18,0.1818,0.4,0.2239,4,57
172,2011-01-08 00:00:00,1,0,1,10,FALSE,6,2,0.18,171,0.197,0.8,0.1642,1970-01-01 00:00:00,56,61,988,2011-02-13 00:00:00,1,0,2,19,FALSE,0,1,0.4,0.4091,0.35,0.2836,11,50
313,2011-01-14 00:00:00,1,0,1,12,FALSE,5,1,0.2,312,0.197,0.44,0.2537,1970-01-01 00:00:00,59,61,722,2011-02-02 00:00:00,1,0,2,10,FALSE,3,2,0.22,0.2727,1,0,2,59
313,2011-01-14 00:00:00,1,0,1,12,FALSE,5,1,0.2,312,0.197,0.44,0.2537,1970-01-01 00:00:00,59,61,889,2011-02-09 00:00:00,1,0,2,12,FALSE,3,2,0.18,0.1818,0.4,0.2239,4,57
313,2011-01-14 00:00:00,1,0,1,12,FALSE,5,1,0.2,312,0.197,0.44,0.2537,1970-01-01 00:00:00,59,61,988,2011-02-13 00:00:00,1,0,2,19,FALSE,0,1,0.4,0.4091,0.35,0.2836,11,50
368,2011-01-16 00:00:00,1,0,1,19,FALSE,0,1,0.18,367,0.197,0.47,0.1343,1970-01-01 00:00:00,47,61,722,2011-02-02 00:00:00,1,0,2,10,FALSE,3,2,0.22,0.2727,1,0,2,59
368,2011-01-16 00:00:00,1,0,1,19,FALSE,0,1,0.18,367,0.197,0.47,0.1343,1970-01-01 00:00:00,47,61,889,2011-02-09 00:00:00,1,0,2,12,FALSE,3,2,0.18,0.1818,0.4,0.2239,4,57
368,2011-01-16 00:00:00,1,0,1,19,FALSE,0,1,0.18,367,0.197,0.47,0.1343,1970-01-01 00:00:00,47,61,988,2011-02-13 00:00:00,1,0,2,19,FALSE,0,1,0.4,0.4091,0.35,0.2836,11,50
401,2011-01-18 00:00:00,1,0,1,16,FALSE,2,2,0.22,400,0.2273,0.87,0.194,1970-01-01 00:00:00,61,61,722,2011-02-02 00:00:00,1,0,2,10,FALSE,3,2,0.22,0.2727,1,0,2,59
401,2011-01-18 00:00:00,1,0,1,16,FALSE,2,2,0.22,400,0.2273,0.87,0.194,1970-01-01 00:00:00,61,61,889,2011-02-09 00:00:00,1,0,2,12,FALSE,3,2,0.18,0.1818,0.4,0.2239,4,57
401,2011-01-18 00:00:00,1,0,1,16,FALSE,2,2,0.22,400,0.2273,0.87,0.194,1970-01-01 00:00:00,61,61,988,2011-02-13 00:00:00,1,0,2,19,FALSE,0,1,0.4,0.4091,0.35,0.2836,11,50
559,2011-01-25 00:00:00,1,0,1,11,FALSE,2,2,0.24,558,0.2424,0.6,0.1343,1970-01-01 00:00:00,55,61,722,2011-02-02 00:00:00,1,0,2,10,FALSE,3,2,0.22,0.2727,1,0,2,59
559,2011-01-25 00:00:00,1,0,1,11,FALSE,2,2,0.24,558,0.2424,0.6,0.1343,1970-01-01 00:00:00,55,61,889,2011-02-09 00:00:00,1,0,2,12,FALSE,3,2,0.18,0.1818,0.4,0.2239,4,57
559,2011-01-25 00:00:00,1,0,1,11,FALSE,2,2,0.24,558,0.2424,0.6,0.1343,1970-01-01 00:00:00,55,61,988,2011-02-13 00:00:00,1,0,2,19,FALSE,0,1,0.4,0.4091,0.35,0.2836,11,50
60,2011-01-03 00:00:00,1,0,1,14,FALSE,1,1,0.26,59,0.2424,0.3,0.2836,1970-01-01 00:00:00,66,77,658,2011-01-30 00:00:00,1,0,1,17,FALSE,0,1,0.3,0.2879,0.56,0.194,6,71
217,2011-01-10 00:00:00,1,0,1,7,FALSE,1,1,0.12,216,0.1212,0.5,0.2239,1970-01-01 00:00:00,75,77,658,2011-01-30 00:00:00,1,0,1,17,FALSE,0,1,0.3,0.2879,0.56,0.194,6,71
314,2011-01-14 00:00:00,1,0,1,13,FALSE,5,1,0.22,313,0.197,0.37,0.3881,1970-01-01 00:00:00,73,77,658,2011-01-30 00:00:00,1,0,1,17,FALSE,0,1,0.3,0.2879,0.56,0.194,6,71
517,2011-01-23 00:00:00,1,0,1,15,FALSE,0,1,0.16,516,0.1364,0.28,0.3582,1970-01-01 00:00:00,64,77,658,2011-01-30 00:00:00,1,0,1,17,FALSE,0,1,0.3,0.2879,0.56,0.194,6,71
61,2011-01-03 00:00:00,1,0,1,15,FALSE,1,1,0.26,60,0.2424,0.3,0.2537,1970-01-01 00:00:00,58,72,672,2011-01-31 00:00:00,1,0,1,7,FALSE,1,2,0.16,0.1364,0.64,0.2836,1,71
61,2011-01-03 00:00:00,1,0,1,15,FALSE,1,1,0.26,60,0.2424,0.3,0.2537,1970-01-01 00:00:00,58,72,795,2011-02-05 00:00:00,1,0,2,13,FALSE,6,3,0.22,0.2273,1,0.1642,10,62
61,2011-01-03 00:00:00,1,0,1,15,FALSE,1,1,0.26,60,0.2424,0.3,0.2537,1970-01-01 00:00:00,58,72,921,2011-02-10 00:00:00,1,0,2,21,FALSE,4,1,0.14,0.2121,0.39,0,2,70
153,2011-01-07 00:00:00,1,0,1,15,FALSE,5,2,0.2,152,0.2121,0.37,0.1642,1970-01-01 00:00:00,63,72,672,2011-01-31 00:00:00,1,0,1,7,FALSE,1,2,0.16,0.1364,0.64,0.2836,1,71
153,2011-01-07 00:00:00,1,0,1,15,FALSE,5,2,0.2,152,0.2121,0.37,0.1642,1970-01-01 00:00:00,63,72,795,2011-02-05 00:00:00,1,0,2,13,FALSE,6,3,0.22,0.2273,1,0.1642,10,62
153,2011-01-07 00:00:00,1,0,1,15,FALSE,5,2,0.2,152,0.2121,0.37,0.1642,1970-01-01 00:00:00,63,72,921,2011-02-10 00:00:00,1,0,2,21,FALSE,4,1,0.14,0.2121,0.39,0,2,70
200,2011-01-09 00:00:00,1,0,1,14,FALSE,0,1,0.22,199,0.1818,0.32,0.4627,1970-01-01 00:00:00,64,72,672,2011-01-31 00:00:00,1,0,1,7,FALSE,1,2,0.16,0.1364,0.64,0.2836,1,71
200,2011-01-09 00:00:00,1,0,1,14,FALSE,0,1,0.22,199,0.1818,0.32,0.4627,1970-01-01 00:00:00,64,72,795,2011-02-05 00:00:00,1,0,2,13,FALSE,6,3,0.22,0.2273,1,0.1642,10,62
200,2011-01-09 00:00:00,1,0,1,14,FALSE,0,1,0.22,199,0.1818,0.32,0.4627,1970-01-01 00:00:00,64,72,921,2011-02-10 00:00:00,1,0,2,21,FALSE,4,1,0.14,0.2121,0.39,0,2,70
285,2011-01-13 00:00:00,1,0,1,7,FALSE,4,1,0.12,284,0.1515,0.54,0.1343,1970-01-01 00:00:00,72,72,672,2011-01-31 00:00:00,1,0,1,7,FALSE,1,2,0.16,0.1364,0.64,0.2836,1,71
285,2011-01-13 00:00:00,1,0,1,7,FALSE,4,1,0.12,284,0.1515,0.54,0.1343,1970-01-01 00:00:00,72,72,795,2011-02-05 00:00:00,1,0,2,13,FALSE,6,3,0.22,0.2273,1,0.1642,10,62
285,2011-01-13 00:00:00,1,0,1,7,FALSE,4,1,0.12,284,0.1515,0.54,0.1343,1970-01-01 00:00:00,72,72,921,2011-02-10 00:00:00,1,0,2,21,FALSE,4,1,0.14,0.2121,0.39,0,2,70
336,2011-01-15 00:00:00,1,0,1,11,FALSE,6,1,0.2,335,0.197,0.55,0.2239,1970-01-01 00:00:00,54,72,672,2011-01-31 00:00:00,1,0,1,7,FALSE,1,2,0.16,0.1364,0.64,0.2836,1,71
336,2011-01-15 00:00:00,1,0,1,11,FALSE,6,1,0.2,335,0.197,0.55,0.2239,1970-01-01 00:00:00,54,72,795,2011-02-05 00:00:00,1,0,2,13,FALSE,6,3,0.22,0.2273,1,0.1642,10,62
336,2011-01-15 00:00:00,1,0,1,11,FALSE,6,1,0.2,335,0.197,0.55,0.2239,1970-01-01 00:00:00,54,72,921,2011-02-10 00:00:00,1,0,2,21,FALSE,4,1,0.14,0.2121,0.39,0,2,70
578,2011-01-26 00:00:00,1,0,1,8,FALSE,3,3,0.22,577,0.2121,0.87,0.2985,1970-01-01 00:00:00,69,72,672,2011-01-31 00:00:00,1,0,1,7,FALSE,1,2,0.16,0.1364,0.64,0.2836,1,71
578,2011-01-26 00:00:00,1,0,1,8,FALSE,3,3,0.22,577,0.2121,0.87,0.2985,1970-01-01 00:00:00,69,72,795,2011-02-05 00:00:00,1,0,2,13,FALSE,6,3,0.22,0.2273,1,0.1642,10,62
578,2011-01-26 00:00:00,1,0,1,8,FALSE,3,3,0.22,577,0.2121,0.87,0.2985,1970-01-01 00:00:00,69,72,921,2011-02-10 00:00:00,1,0,2,21,FALSE,4,1,0.14,0.2121,0.39,0,2,70
63,2011-01-03 00:00:00,1,0,1,17,FALSE,1,1,0.24,62,0.2273,0.3,0.2239,1970-01-01 00:00:00,146,157,822,2011-02-06 00:00:00,1,0,2,16,FALSE,0,1,0.34,0.3485,0.49,0.1045,42,115
64,2011-01-03 00:00:00,1,0,1,18,FALSE,1,1,0.24,63,0.2576,0.32,0.1045,1970-01-01 00:00:00,148,157,822,2011-02-06 00:00:00,1,0,2,16,FALSE,0,1,0.34,0.3485,0.49,0.1045,42,115
603,2011-01-28 00:00:00,1,0,1,8,FALSE,5,2,0.16,602,0.197,0.86,0.0896,1970-01-01 00:00:00,155,157,822,2011-02-06 00:00:00,1,0,2,16,FALSE,0,1,0.34,0.3485,0.49,0.1045,42,115
66,2011-01-03 00:00:00,1,0,1,20,FALSE,1,1,0.2,65,,0.47,0.1045,1970-01-01 00:00:00,49,52,695,2011-02-01 00:00:00,1,0,2,7,FALSE,2,3,0.16,0.2273,0.93,0,0,52
66,2011-01-03 00:00:00,1,0,1,20,FALSE,1,1,0.2,65,,0.47,0.1045,1970-01-01 00:00:00,49,52,701,2011-02-01 00:00:00,1,0,2,13,FALSE,2,2,0.2,0.2576,0.86,0,3,49
66,2011-01-03 00:00:00,1,0,1,20,FALSE,1,1,0.2,65,,0.47,0.1045,1970-01-01 00:00:00,49,52,703,2011-02-01 00:00:00,1,0,2,15,FALSE,2,2,0.24,0.2879,0.75,0,7,45
66,2011-01-03 00:00:00,1,0,1,20,FALSE,1,1,0.2,65,,0.47,0.1045,1970-01-01 00:00:00,49,52,723,2011-02-02 00:00:00,1,0,2,11,FALSE,3,2,0.24,0.2273,0.93,0.194,5,47
66,2011-01-03 00:00:00,1,0,1,20,FALSE,1,1,0.2,65,,0.47,0.1045,1970-01-01 00:00:00,49,52,745,2011-02-03 00:00:00,1,0,2,10,FALSE,4,1,0.18,0.1515,0.43,0.3284,2,50
66,2011-01-03 00:00:00,1,0,1,20,FALSE,1,1,0.2,65,,0.47,0.1045,1970-01-01 00:00:00,49,52,794,2011-02-05 00:00:00,1,0,2,12,FALSE,6,3,0.22,0.2273,1,0.1642,10,42
67,2011-01-03 00:00:00,1,0,1,21,FALSE,1,1,0.18,66,0.197,0.64,0.1343,1970-01-01 00:00:00,49,52,695,2011-02-01 00:00:00,1,0,2,7,FALSE,2,3,0.16,0.2273,0.93,0,0,52
67,2011-01-03 00:00:00,1,0,1,21,FALSE,1,1,0.18,66,0.197,0.64,0.1343,1970-01-01 00:00:00,49,52,701,2011-02-01 00:00:00,1,0,2,13,FALSE,2,2,0.2,0.2576,0.86,0,3,49
67,2011-01-03 00:00:00,1,0,1,21,FALSE,1,1,0.18,66,0.197,0.64,0.1343,1970-01-01 00:00:00,49,52,703,2011-02-01 00:00:00,1,0,2,15,FALSE,2,2,0.24,0.2879,0.75,0,7,45
67,2011-01-03 00:00:00,1,0,1,21,FALSE,1,1,0.18,66,0.197,0.64,0.1343,1970-01-01 00:00:00,49,52,723,2011-02-02 00:00:00,1,0,2,11,FALSE,3,2,0.24,0.2273,0.93,0.194,5,47
67,2011-01-03 00:00:00,1,0,1,21,FALSE,1,1,0.18,66,0.197,0.64,0.1343,1970-01-01 00:00:00,49,52,745,2011-02-03 00:00:00,1,0,2,10,FALSE,4,1,0.18,0.1515,0.43,0.3284,2,50
67,2011-01-03 00:00:00,1,0,1,21,FALSE,1,1,0.18,66,0.197,0.64,0.1343,1970-01-01 00:00:00,49,52,794,2011-02-05 00:00:00,1,0,2,12,FALSE,6,3,0.22,0.2273,1,0.1642,10,42
137,2011-01-06 00:00:00,1,0,1,22,FALSE,4,2,0.22,136,0.2121,0.51,0.2836,1970-01-01 00:00:00,51,52,695,2011-02-01 00:00:00,1,0,2,7,FALSE,2,3,0.16,0.2273,0.93,0,0,52
137,2011-01-06 00:00:00,1,0,1,22,FALSE,4,2,0.22,136,0.2121,0.51,0.2836,1970-01-01 00:00:00,51,52,701,2011-02-01 00:00:00,1,0,2,13,FALSE,2,2,0.2,0.2576,0.86,0,3,49
137,2011-01-06 00:00:00,1,0,1,22,FALSE,4,2,0.22,136,0.2121,0.51,0.2836,1970-01-01 00:00:00,51,52,703,2011-02-01 00:00:00,1,0,2,15,FALSE,2,2,0.24,0.2879,0.75,0,7,45
137,2011-01-06 00:00:00,1,0,1,22,FALSE,4,2,0.22,136,0.2121,0.51,0.2836,1970-01-01 00:00:00,51,52,723,2011-02-02 00:00:00,1,0,2,11,FALSE,3,2,0.24,0.2273,0.93,0.194,5,47
137,2011-01-06 00:00:00,1,0,1,22,FALSE,4,2,0.22,136,0.2121,0.51,0.2836,1970-01-01 00:00:00,51,52,745,2011-02-03 00:00:00,1,0,2,10,FALSE,4,1,0.18,0.1515,0.43,0.3284,2,50
137,2011-01-06 00:00:00,1,0,1,22,FALSE,4,2,0.22,136,0.2121,0.51,0.2836,1970-01-01 00:00:00,51,52,794,2011-02-05 00:00:00,1,0,2,12,FALSE,6,3,0.22,0.2273,1,0.1642,10,42
222,2011-01-10 00:00:00,1,0,1,12,FALSE,1,2,0.2,221,0.1818,0.4,0.2836,1970-01-01 00:00:00,47,52,695,2011-02-01 00:00:00,1,0,2,7,FALSE,2,3,0.16,0.2273,0.93,0,0,52
222,2011-01-10 00:00:00,1,0,1,12,FALSE,1,2,0.2,221,0.1818,0.4,0.2836,1970-01-01 00:00:00,47,52,701,2011-02-01 00:00:00,1,0,2,13,FALSE,2,2,0.2,0.2576,0.86,0,3,49
222,2011-01-10 00:00:00,1,0,1,12,FALSE,1,2,0.2,221,0.1818,0.4,0.2836,1970-01-01 00:00:00,47,52,703,2011-02-01 00:00:00,1,0,2,15,FALSE,2,2,0.24,0.2879,0.75,0,7,45
222,2011-01-10 00:00:00,1,0,1,12,FALSE,1,2,0.2,221,0.1818,0.4,0.2836,1970-01-01 00:00:00,47,52,723,2011-02-02 00:00:00,1,0,2,11,FALSE,3,2,0.24,0.2273,0.93,0.194,5,47
222,2011-01-10 00:00:00,1,0,1,12,FALSE,1,2,0.2,221,0.1818,0.4,0.2836,1970-01-01 00:00:00,47,52,745,2011-02-03 00:00:00,1,0,2,10,FALSE,4,1,0.18,0.1515,0.43,0.3284,2,50
222,2011-01-10 00:00:00,1,0,1,12,FALSE,1,2,0.2,221,0.1818,0.4,0.2836,1970-01-01 00:00:00,47,52,794,2011-02-05 00:00:00,1,0,2,12,FALSE,6,3,0.22,0.2273,1,0.1642,10,42
245,2011-01-11 00:00:00,1,0,1,13,FALSE,2,2,0.2,244,0.2273,0.59,0.0896,1970-01-01 00:00:00,46,52,695,2011-02-01 00:00:00,1,0,2,7,FALSE,2,3,0.16,0.2273,0.93,0,0,52
245,2011-01-11 00:00:00,1,0,1,13,FALSE,2,2,0.2,244,0.2273,0.59,0.0896,1970-01-01 00:00:00,46,52,701,2011-02-01 00:00:00,1,0,2,13,FALSE,2,2,0.2,0.2576,0.86,0,3,49
245,2011-01-11 00:00:00,1,0,1,13,FALSE,2,2,0.2,244,0.2273,0.59,0.0896,1970-01-01 00:00:00,46,52,703,2011-02-01 00:00:00,1,0,2,15,FALSE,2,2,0.24,0.2879,0.75,0,7,45
245,2011-01-11 00:00:00,1,0,1,13,FALSE,2,2,0.2,244,0.2273,0.59,0.0896,1970-01-01 00:00:00,46,52,723,2011-02-02 00:00:00,1,0,2,11,FALSE,3,2,0.24,0.2273,0.93,0.194,5,47
245,2011-01-11 00:00:00,1,0,1,13,FALSE,2,2,0.2,244,0.2273,0.59,0.0896,1970-01-01 00:00:00,46,52,745,2011-02-03 00:00:00,1,0,2,10,FALSE,4,1,0.18,0.1515,0.43,0.3284,2,50
245,2011-01-11 00:00:00,1,0,1,13,FALSE,2,2,0.2,244,0.2273,0.59,0.0896,1970-01-01 00:00:00,46,52,794,2011-02-05 00:00:00,1,0,2,12,FALSE,6,3,0.22,0.2273,1,0.1642,10,42
290,2011-01-13 00:00:00,1,0,1,12,FALSE,4,1,0.2,289,0.1667,0.44,0.4179,1970-01-01 00:00:00,49,52,695,2011-02-01 00:00:00,1,0,2,7,FALSE,2,3,0.16,0.2273,0.93,0,0,52
290,2011-01-13 00:00:00,1,0,1,12,FALSE,4,1,0.2,289,0.1667,0.44,0.4179,1970-01-01 00:00:00,49,52,701,2011-02-01 00:00:00,1,0,2,13,FALSE,2,2,0.2,0.2576,0.86,0,3,49
290,2011-01-13 00:00:00,1,0,1,12,FALSE,4,1,0.2,289,0.1667,0.44,0.4179,1970-01-01 00:00:00,49,52,703,2011-02-01 00:00:00,1,0,2,15,FALSE,2,2,0.24,0.2879,0.75,0,7,45
290,2011-01-13 00:00:00,1,0,1,12,FALSE,4,1,0.2,289,0.1667,0.44,0.4179,1970-01-01 00:00:00,49,52,723,2011-02-02 00:00:00,1,0,2,11,FALSE,3,2,0.24,0.2273,0.93,0.194,5,47
290,2011-01-13 00:00:00,1,0,1,12,FALSE,4,1,0.2,289,0.1667,0.44,0.4179,1970-01-01 00:00:00,49,52,745,2011-02-03 00:00:00,1,0,2,10,FALSE,4,1,0.18,0.1515,0.43,0.3284,2,50
290,2011-01-13 00:00:00,1,0,1,12,FALSE,4,1,0.2,289,0.1667,0.44,0.4179,1970-01-01 00:00:00,49,52,794,2011-02-05 00:00:00,1,0,2,12,FALSE,6,3,0.22,0.2273,1,0.1642,10,42
322,2011-01-14 00:00:00,1,0,1,21,FALSE,5,1,0.16,321,0.2273,0.69,0,1970-01-01 00:00:00,48,52,695,2011-02-01 00:00:00,1,0,2,7,FALSE,2,3,0.16,0.2273,0.93,0,0,52
322,2011-01-14 00:00:00,1,0,1,21,FALSE,5,1,0.16,321,0.2273,0.69,0,1970-01-01 00:00:00,48,52,701,2011-02-01 00:00:00,1,0,2,13,FALSE,2,2,0.2,0.2576,0.86,0,3,49
322,2011-01-14 00:00:00,1,0,1,21,FALSE,5,1,0.16,321,0.2273,0.69,0,1970-01-01 00:00:00,48,52,703,2011-02-01 00:00:00,1,0,2,15,FALSE,2,2,0.24,0.2879,0.75,0,7,45
322,2011-01-14 00:00:00,1,0,1,21,FALSE,5,1,0.16,321,0.2273,0.69,0,1970-01-01 00:00:00,48,52,723,2011-02-02 00:00:00,1,0,2,11,FALSE,3,2,0.24,0.2273,0.93,0.194,5,47
322,2011-01-14 00:00:00,1,0,1,21,FALSE,5,1,0.16,321,0.2273,0.69,0,1970-01-01 00:00:00,48,52,745,2011-02-03 00:00:00,1,0,2,10,FALSE,4,1,0.18,0.1515,0.43,0.3284,2,50
322,2011-01-14 00:00:00,1,0,1,21,FALSE,5,1,0.16,321,0.2273,0.69,0,1970-01-01 00:00:00,48,52,794,2011-02-05 00:00:00,1,0,2,12,FALSE,6,3,0.22,0.2273,1,0.1642,10,42
419,2011-01-19 00:00:00,1,0,1,11,FALSE,3,2,0.28,418,0.303,0.87,0.0896,1970-01-01 00:00:00,47,52,695,2011-02-01 00:00:00,1,0,2,7,FALSE,2,3,0.16,0.2273,0.93,0,0,52
419,2011-01-19 00:00:00,1,0,1,11,FALSE,3,2,0.28,418,0.303,0.87,0.0896,1970-01-01 00:00:00,47,52,701,2011-02-01 00:00:00,1,0,2,13,FALSE,2,2,0.2,0.2576,0.86,0,3,49
419,2011-01-19 00:00:00,1,0,1,11,FALSE,3,2,0.28,418,0.303,0.87,0.0896,1970-01-01 00:00:00,47,52,703,2011-02-01 00:00:00,1,0,2,15,FALSE,2,2,0.24,0.2879,0.75,0,7,45
419,2011-01-19 00:00:00,1,0,1,11,FALSE,3,2,0.28,418,0.303,0.87,0.0896,1970-01-01 00:00:00,47,52,723,2011-02-02 00:00:00,1,0,2,11,FALSE,3,2,0.24,0.2273,0.93,0.194,5,47
419,2011-01-19 00:00:00,1,0,1,11,FALSE,3,2,0.28,418,0.303,0.87,0.0896,1970-01-01 00:00:00,47,52,745,2011-02-03 00:00:00,1,0,2,10,FALSE,4,1,0.18,0.1515,0.43,0.3284,2,50
419,2011-01-19 00:00:00,1,0,1,11,FALSE,3,2,0.28,418,0.303,0.87,0.0896,1970-01-01 00:00:00,47,52,794,2011-02-05 00:00:00,1,0,2,12,FALSE,6,3,0.22,0.2273,1,0.1642,10,42
69,2011-01-03 00:00:00,1,0,1,23,FALSE,1,1,0.18,68,0.2121,0.55,0.1045,1970-01-01 00:00:00,11,12,649,2011-01-30 00:00:00,1,0,1,8,FALSE,0,2,0.14,0.2121,0.86,0,1,11
69,2011-01-03 00:00:00,1,0,1,23,FALSE,1,1,0.18,68,0.2121,0.55,0.1045,1970-01-01 00:00:00,11,12,736,2011-02-03 00:00:00,1,0,2,0,FALSE,4,1,0.2,0.1667,0.4,0.4478,1,11
69,2011-01-03 00:00:00,1,0,1,23,FALSE,1,1,0.18,68,0.2121,0.55,0.1045,1970-01-01 00:00:00,11,12,877,2011-02-08 00:00:00,1,0,2,23,FALSE,2,1,0.12,0.1061,0.33,0.3284,3,9
69,2011-01-03 00:00:00,1,0,1,23,FALSE,1,1,0.18,68,0.2121,0.55,0.1045,1970-01-01 00:00:00,11,12,973,2011-02-13 00:00:00,1,0,2,3,FALSE,0,2,0.2,0.2273,0.69,0.1045,4,8
69,2011-01-03 00:00:00,1,0,1,23,FALSE,1,1,0.18,68,0.2121,0.55,0.1045,1970-01-01 00:00:00,11,12,977,2011-02-13 00:00:00,1,0,2,8,FALSE,0,2,0.22,0.2273,0.64,0.194,1,11
187,2011-01-09 00:00:00,1,0,1,1,FALSE,0,1,0.1,186,0.0606,0.42,0.4627,1970-01-01 00:00:00,12,12,649,2011-01-30 00:00:00,1,0,1,8,FALSE,0,2,0.14,0.2121,0.86,0,1,11
187,2011-01-09 00:00:00,1,0,1,1,FALSE,0,1,0.1,186,0.0606,0.42,0.4627,1970-01-01 00:00:00,12,12,736,2011-02-03 00:00:00,1,0,2,0,FALSE,4,1,0.2,0.1667,0.4,0.4478,1,11
187,2011-01-09 00:00:00,1,0,1,1,FALSE,0,1,0.1,186,0.0606,0.42,0.4627,1970-01-01 00:00:00,12,12,877,2011-02-08 00:00:00,1,0,2,23,FALSE,2,1,0.12,0.1061,0.33,0.3284,3,9
187,2011-01-09 00:00:00,1,0,1,1,FALSE,0,1,0.1,186,0.0606,0.42,0.4627,1970-01-01 00:00:00,12,12,973,2011-02-13 00:00:00,1,0,2,3,FALSE,0,2,0.2,0.2273,0.69,0.1045,4,8
187,2011-01-09 00:00:00,1,0,1,1,FALSE,0,1,0.1,186,0.0606,0.42,0.4627,1970-01-01 00:00:00,12,12,977,2011-02-13 00:00:00,1,0,2,8,FALSE,0,2,0.22,0.2273,0.64,0.194,1,11
234,2011-01-11 00:00:00,1,0,1,0,FALSE,2,1,0.14,233,0.1667,0.59,0.1045,1970-01-01 00:00:00,10,12,649,2011-01-30 00:00:00,1,0,1,8,FALSE,0,2,0.14,0.2121,0.86,0,1,11
234,2011-01-11 00:00:00,1,0,1,0,FALSE,2,1,0.14,233,0.1667,0.59,0.1045,1970-01-01 00:00:00,10,12,736,2011-02-03 00:00:00,1,0,2,0,FALSE,4,1,0.2,0.1667,0.4,0.4478,1,11
234,2011-01-11 00:00:00,1,0,1,0,FALSE,2,1,0.14,233,0.1667,0.59,0.1045,1970-01-01 00:00:00,10,12,877,2011-02-08 00:00:00,1,0,2,23,FALSE,2,1,0.12,0.1061,0.33,0.3284,3,9
234,2011-01-11 00:00:00,1,0,1,0,FALSE,2,1,0.14,233,0.1667,0.59,0.1045,1970-01-01 00:00:00,10,12,973,2011-02-13 00:00:00,1,0,2,3,FALSE,0,2,0.2,0.2273,0.69,0.1045,4,8
234,2011-01-11 00:00:00,1,0,1,0,FALSE,2,1,0.14,233,0.1667,0.59,0.1045,1970-01-01 00:00:00,10,12,977,2011-02-13 00:00:00,1,0,2,8,FALSE,0,2,0.22,0.2273,0.64,0.194,1,11
327,2011-01-15 00:00:00,1,0,1,2,FALSE,6,2,0.16,326,0.197,0.59,0.0896,1970-01-01 00:00:00,12,12,649,2011-01-30 00:00:00,1,0,1,8,FALSE,0,2,0.14,0.2121,0.86,0,1,11
327,2011-01-15 00:00:00,1,0,1,2,FALSE,6,2,0.16,326,0.197,0.59,0.0896,1970-01-01 00:00:00,12,12,736,2011-02-03 00:00:00,1,0,2,0,FALSE,4,1,0.2,0.1667,0.4,0.4478,1,11
327,2011-01-15 00:00:00,1,0,1,2,FALSE,6,2,0.16,326,0.197,0.59,0.0896,1970-01-01 00:00:00,12,12,877,2011-02-08 00:00:00,1,0,2,23,FALSE,2,1,0.12,0.1061,0.33,0.3284,3,9
327,2011-01-15 00:00:00,1,0,1,2,FALSE,6,2,0.16,326,0.197,0.59,0.0896,1970-01-01 00:00:00,12,12,973,2011-02-13 00:00:00,1,0,2,3,FALSE,0,2,0.2,0.2273,0.69,0.1045,4,8
327,2011-01-15 00:00:00,1,0,1,2,FALSE,6,2,0.16,326,0.197,0.59,0.0896,1970-01-01 00:00:00,12,12,977,2011-02-13 00:00:00,1,0,2,8,FALSE,0,2,0.22,0.2273,0.64,0.194,1,11
481,2011-01-22 00:00:00,1,0,1,1,FALSE,6,2,0.04,480,0,0.41,0.3881,1970-01-01 00:00:00,9,12,649,2011-01-30 00:00:00,1,0,1,8,FALSE,0,2,0.14,0.2121,0.86,0,1,11
481,2011-01-22 00:00:00,1,0,1,1,FALSE,6,2,0.04,480,0,0.41,0.3881,1970-01-01 00:00:00,9,12,736,2011-02-03 00:00:00,1,0,2,0,FALSE,4,1,0.2,0.1667,0.4,0.4478,1,11
481,2011-01-22 00:00:00,1,0,1,1,FALSE,6,2,0.04,480,0,0.41,0.3881,1970-01-01 00:00:00,9,12,877,2011-02-08 00:00:00,1,0,2,23,FALSE,2,1,0.12,0.1061,0.33,0.3284,3,9
481,2011-01-22 00:00:00,1,0,1,1,FALSE,6,2,0.04,480,0,0.41,0.3881,1970-01-01 00:00:00,9,12,973,2011-02-13 00:00:00,1,0,2,3,FALSE,0,2,0.2,0.2273,0.69,0.1045,4,8
481,2011-01-22 00:00:00,1,0,1,1,FALSE,6,2,0.04,480,0,0.41,0.3881,1970-01-01 00:00:00,9,12,977,2011-02-13 00:00:00,1,0,2,8,FALSE,0,2,0.22,0.2273,0.64,0.194,1,11
74,2011-01-04 00:00:00,1,0,1,5,FALSE,2,1,0.12,73,0.1515,0.68,0.1045,1970-01-01 00:00:00,4,4,714,2011-02-02 00:00:00,1,0,2,2,FALSE,3,3,0.22,0.2273,0.93,0.1343,4,0
74,2011-01-04 00:00:00,1,0,1,5,FALSE,2,1,0.12,73,0.1515,0.68,0.1045,1970-01-01 00:00:00,4,4,788,2011-02-05 00:00:00,1,0,2,6,FALSE,6,3,0.2,0.2576,1,0,0,4
74,2011-01-04 00:00:00,1,0,1,5,FALSE,2,1,0.12,73,0.1515,0.68,0.1045,1970-01-01 00:00:00,4,4,789,2011-02-05 00:00:00,1,0,2,7,FALSE,6,3,0.22,0.2576,0.93,0.0896,0,4
74,2011-01-04 00:00:00,1,0,1,5,FALSE,2,1,0.12,73,0.1515,0.68,0.1045,1970-01-01 00:00:00,4,4,855,2011-02-08 00:00:00,1,0,2,1,FALSE,2,2,0.28,0.3182,0.87,0,0,4
74,2011-01-04 00:00:00,1,0,1,5,FALSE,2,1,0.12,73,0.1515,0.68,0.1045,1970-01-01 00:00:00,4,4,927,2011-02-11 00:00:00,1,0,2,5,FALSE,5,1,0.08,0.1212,0.63,0.0896,0,4
74,2011-01-04 00:00:00,1,0,1,5,FALSE,2,1,0.12,73,0.1515,0.68,0.1045,1970-01-01 00:00:00,4,4,950,2011-02-12 00:00:00,1,0,2,4,FALSE,6,1,0.12,0.1667,0.74,0.0896,0,4
117,2011-01-06 00:00:00,1,0,1,1,FALSE,4,1,0.16,116,0.2273,0.64,0,1970-01-01 00:00:00,4,4,714,2011-02-02 00:00:00,1,0,2,2,FALSE,3,3,0.22,0.2273,0.93,0.1343,4,0
117,2011-01-06 00:00:00,1,0,1,1,FALSE,4,1,0.16,116,0.2273,0.64,0,1970-01-01 00:00:00,4,4,788,2011-02-05 00:00:00,1,0,2,6,FALSE,6,3,0.2,0.2576,1,0,0,4
117,2011-01-06 00:00:00,1,0,1,1,FALSE,4,1,0.16,116,0.2273,0.64,0,1970-01-01 00:00:00,4,4,789,2011-02-05 00:00:00,1,0,2,7,FALSE,6,3,0.22,0.2576,0.93,0.0896,0,4
117,2011-01-06 00:00:00,1,0,1,1,FALSE,4,1,0.16,116,0.2273,0.64,0,1970-01-01 00:00:00,4,4,855,2011-02-08 00:00:00,1,0,2,1,FALSE,2,2,0.28,0.3182,0.87,0,0,4
117,2011-01-06 00:00:00,1,0,1,1,FALSE,4,1,0.16,116,0.2273,0.64,0,1970-01-01 00:00:00,4,4,927,2011-02-11 00:00:00,1,0,2,5,FALSE,5,1,0.08,0.1212,0.63,0.0896,0,4
117,2011-01-06 00:00:00,1,0,1,1,FALSE,4,1,0.16,116,0.2273,0.64,0,1970-01-01 00:00:00,4,4,950,2011-02-12 00:00:00,1,0,2,4,FALSE,6,1,0.12,0.1667,0.74,0.0896,0,4
120,2011-01-06 00:00:00,1,0,1,5,FALSE,4,2,0.14,119,0.1818,0.69,0.0896,1970-01-01 00:00:00,4,4,714,2011-02-02 00:00:00,1,0,2,2,FALSE,3,3,0.22,0.2273,0.93,0.1343,4,0
120,2011-01-06 00:00:00,1,0,1,5,FALSE,4,2,0.14,119,0.1818,0.69,0.0896,1970-01-01 00:00:00,4,4,788,2011-02-05 00:00:00,1,0,2,6,FALSE,6,3,0.2,0.2576,1,0,0,4
120,2011-01-06 00:00:00,1,0,1,5,FALSE,4,2,0.14,119,0.1818,0.69,0.0896,1970-01-01 00:00:00,4,4,789,2011-02-05 00:00:00,1,0,2,7,FALSE,6,3,0.22,0.2576,0.93,0.0896,0,4
120,2011-01-06 00:00:00,1,0,1,5,FALSE,4,2,0.14,119,0.1818,0.69,0.0896,1970-01-01 00:00:00,4,4,855,2011-02-08 00:00:00,1,0,2,1,FALSE,2,2,0.28,0.3182,0.87,0,0,4
120,2011-01-06 00:00:00,1,0,1,5,FALSE,4,2,0.14,119,0.1818,0.69,0.0896,1970-01-01 00:00:00,4,4,927,2011-02-11 00:00:00,1,0,2,5,FALSE,5,1,0.08,0.1212,0.63,0.0896,0,4
120,2011-01-06 00:00:00,1,0,1,5,FALSE,4,2,0.14,119,0.1818,0.69,0.0896,1970-01-01 00:00:00,4,4,950,2011-02-12 00:00:00,1,0,2,4,FALSE,6,1,0.12,0.1667,0.74,0.0896,0,4
189,2011-01-09 00:00:00,1,0,1,3,FALSE,0,1,0.1,188,0.0758,0.46,0.4179,1970-01-01 00:00:00,4,4,714,2011-02-02 00:00:00,1,0,2,2,FALSE,3,3,0.22,0.2273,0.93,0.1343,4,0
189,2011-01-09 00:00:00,1,0,1,3,FALSE,0,1,0.1,188,0.0758,0.46,0.4179,1970-01-01 00:00:00,4,4,788,2011-02-05 00:00:00,1,0,2,6,FALSE,6,3,0.2,0.2576,1,0,0,4
189,2011-01-09 00:00:00,1,0,1,3,FALSE,0,1,0.1,188,0.0758,0.46,0.4179,1970-01-01 00:00:00,4,4,789,2011-02-05 00:00:00,1,0,2,7,FALSE,6,3,0.22,0.2576,0.93,0.0896,0,4
189,2011-01-09 00:00:00,1,0,1,3,FALSE,0,1,0.1,188,0.0758,0.46,0.4179,1970-01-01 00:00:00,4,4,855,2011-02-08 00:00:00,1,0,2,1,FALSE,2,2,0.28,0.3182,0.87,0,0,4
189,2011-01-09 00:00:00,1,0,1,3,FALSE,0,1,0.1,188,0.0758,0.46,0.4179,1970-01-01 00:00:00,4,4,927,2011-02-11 00:00:00,1,0,2,5,FALSE,5,1,0.08,0.1212,0.63,0.0896,0,4
189,2011-01-09 00:00:00,1,0,1,3,FALSE,0,1,0.1,188,0.0758,0.46,0.4179,1970-01-01 00:00:00,4,4,950,2011-02-12 00:00:00,1,0,2,4,FALSE,6,1,0.12,0.1667,0.74,0.0896,0,4
282,2011-01-13 00:00:00,1,0,1,4,FALSE,4,1,0.14,281,0.1212,0.5,0.2537,1970-01-01 00:00:00,4,4,714,2011-02-02 00:00:00,1,0,2,2,FALSE,3,3,0.22,0.2273,0.93,0.1343,4,0
282,2011-01-13 00:00:00,1,0,1,4,FALSE,4,1,0.14,281,0.1212,0.5,0.2537,1970-01-01 00:00:00,4,4,788,2011-02-05 00:00:00,1,0,2,6,FALSE,6,3,0.2,0.2576,1,0,0,4
282,2011-01-13 00:00:00,1,0,1,4,FALSE,4,1,0.14,281,0.1212,0.5,0.2537,1970-01-01 00:00:00,4,4,789,2011-02-05 00:00:00,1,0,2,7,FALSE,6,3,0.22,0.2576,0.93,0.0896,0,4
282,2011-01-13 00:00:00,1,0,1,4,FALSE,4,1,0.14,281,0.1212,0.5,0.2537,1970-01-01 00:00:00,4,4,855,2011-02-08 00:00:00,1,0,2,1,FALSE,2,2,0.28,0.3182,0.87,0,0,4
282,2011-01-13 00:00:00,1,0,1,4,FALSE,4,1,0.14,281,0.1212,0.5,0.2537,1970-01-01 00:00:00,4,4,927,2011-02-11 00:00:00,1,0,2,5,FALSE,5,1,0.08,0.1212,0.63,0.0896,0,4
282,2011-01-13 00:00:00,1,0,1,4,FALSE,4,1,0.14,281,0.1212,0.5,0.2537,1970-01-01 00:00:00,4,4,950,2011-02-12 00:00:00,1,0,2,4,FALSE,6,1,0.12,0.1667,0.74,0.0896,0,4
396,2011-01-17 00:00:00,1,0,1,23,TRUE,1,3,0.16,395,0.1364,0.86,0.2836,1970-01-01 00:00:00,3,4,714,2011-02-02 00:00:00,1,0,2,2,FALSE,3,3,0.22,0.2273,0.93,0.1343,4,0
396,2011-01-17 00:00:00,1,0,1,23,TRUE,1,3,0.16,395,0.1364,0.86,0.2836,1970-01-01 00:00:00,3,4,788,2011-02-05 00:00:00,1,0,2,6,FALSE,6,3,0.2,0.2576,1,0,0,4
396,2011-01-17 00:00:00,1,0,1,23,TRUE,1,3,0.16,395,0.1364,0.86,0.2836,1970-01-01 00:00:00,3,4,789,2011-02-05 00:00:00,1,0,2,7,FALSE,6,3,0.22,0.2576,0.93,0.0896,0,4
396,2011-01-17 00:00:00,1,0,1,23,TRUE,1,3,0.16,395,0.1364,0.86,0.2836,1970-01-01 00:00:00,3,4,855,2011-02-08 00:00:00,1,0,2,1,FALSE,2,2,0.28,0.3182,0.87,0,0,4
396,2011-01-17 00:00:00,1,0,1,23,TRUE,1,3,0.16,395,0.1364,0.86,0.2836,1970-01-01 00:00:00,3,4,927,2011-02-11 00:00:00,1,0,2,5,FALSE,5,1,0.08,0.1212,0.63,0.0896,0,4
396,2011-01-17 00:00:00,1,0,1,23,TRUE,1,3,0.16,395,0.1364,0.86,0.2836,1970-01-01 00:00:00,3,4,950,2011-02-12 00:00:00,1,0,2,4,FALSE,6,1,0.12,0.1667,0.74,0.0896,0,4
600,2011-01-28 00:00:00,1,0,1,5,FALSE,5,2,0.18,599,0.2121,0.8,0.1045,1970-01-01 00:00:00,4,4,714,2011-02-02 00:00:00,1,0,2,2,FALSE,3,3,0.22,0.2273,0.93,0.1343,4,0
600,2011-01-28 00:00:00,1,0,1,5,FALSE,5,2,0.18,599,0.2121,0.8,0.1045,1970-01-01 00:00:00,4,4,788,2011-02-05 00:00:00,1,0,2,6,FALSE,6,3,0.2,0.2576,1,0,0,4
600,2011-01-28 00:00:00,1,0,1,5,FALSE,5,2,0.18,599,0.2121,0.8,0.1045,1970-01-01 00:00:00,4,4,789,2011-02-05 00:00:00,1,0,2,7,FALSE,6,3,0.22,0.2576,0.93,0.0896,0,4
600,2011-01-28 00:00:00,1,0,1,5,FALSE,5,2,0.18,599,0.2121,0.8,0.1045,1970-01-01 00:00:00,4,4,855,2011-02-08 00:00:00,1,0,2,1,FALSE,2,2,0.28,0.3182,0.87,0,0,4
600,2011-01-28 00:00:00,1,0,1,5,FALSE,5,2,0.18,599,0.2121,0.8,0.1045,1970-01-01 00:00:00,4,4,927,2011-02-11 00:00:00,1,0,2,5,FALSE,5,1,0.08,0.1212,0.63,0.0896,0,4
600,2011-01-28 00:00:00,1,0,1,5,FALSE,5,2,0.18,599,0.2121,0.8,0.1045,1970-01-01 00:00:00,4,4,950,2011-02-12 00:00:00,1,0,2,4,FALSE,6,1,0.12,0.1667,0.74,0.0896,0,4
78,2011-01-04 00:00:00,1,0,1,9,FALSE,2,1,0.16,77,0.1515,0.64,0.2239,1970-01-01 00:00:00,98,100,861,2011-02-08 00:00:00,1,0,2,7,FALSE,2,1,0.24,0.197,0.65,0.4179,3,97
81,2011-01-04 00:00:00,1,0,1,12,FALSE,2,1,0.22,80,0.2273,0.51,0.1642,1970-01-01 00:00:00,66,78,630,2011-01-29 00:00:00,1,0,1,12,FALSE,6,2,0.2,0.197,0.59,0.194,12,66
81,2011-01-04 00:00:00,1,0,1,12,FALSE,2,1,0.22,80,0.2273,0.51,0.1642,1970-01-01 00:00:00,66,78,685,2011-01-31 00:00:00,1,0,1,20,FALSE,1,3,0.16,0.1667,0.59,0.1642,0,78
81,2011-01-04 00:00:00,1,0,1,12,FALSE,2,1,0.22,80,0.2273,0.51,0.1642,1970-01-01 00:00:00,66,78,751,2011-02-03 00:00:00,1,0,2,16,FALSE,4,1,0.22,0.2121,0.37,0.2537,5,73
81,2011-01-04 00:00:00,1,0,1,12,FALSE,2,1,0.22,80,0.2273,0.51,0.1642,1970-01-01 00:00:00,66,78,799,2011-02-05 00:00:00,1,0,2,17,FALSE,6,2,0.24,0.2121,1,0.2836,14,64
81,2011-01-04 00:00:00,1,0,1,12,FALSE,2,1,0.22,80,0.2273,0.51,0.1642,1970-01-01 00:00:00,66,78,824,2011-02-06 00:00:00,1,0,2,18,FALSE,0,1,0.3,0.303,0.56,0.1642,13,65
81,2011-01-04 00:00:00,1,0,1,12,FALSE,2,1,0.22,80,0.2273,0.51,0.1642,1970-01-01 00:00:00,66,78,851,2011-02-07 00:00:00,1,0,2,21,FALSE,1,1,0.32,0.3485,0.7,0,3,75
294,2011-01-13 00:00:00,1,0,1,16,FALSE,4,1,0.24,293,0.2121,0.38,0.3582,1970-01-01 00:00:00,76,78,630,2011-01-29 00:00:00,1,0,1,12,FALSE,6,2,0.2,0.197,0.59,0.194,12,66
294,2011-01-13 00:00:00,1,0,1,16,FALSE,4,1,0.24,293,0.2121,0.38,0.3582,1970-01-01 00:00:00,76,78,685,2011-01-31 00:00:00,1,0,1,20,FALSE,1,3,0.16,0.1667,0.59,0.1642,0,78
294,2011-01-13 00:00:00,1,0,1,16,FALSE,4,1,0.24,293,0.2121,0.38,0.3582,1970-01-01 00:00:00,76,78,751,2011-02-03 00:00:00,1,0,2,16,FALSE,4,1,0.22,0.2121,0.37,0.2537,5,73
294,2011-01-13 00:00:00,1,0,1,16,FALSE,4,1,0.24,293,0.2121,0.38,0.3582,1970-01-01 00:00:00,76,78,799,2011-02-05 00:00:00,1,0,2,17,FALSE,6,2,0.24,0.2121,1,0.2836,14,64
294,2011-01-13 00:00:00,1,0,1,16,FALSE,4,1,0.24,293,0.2121,0.38,0.3582,1970-01-01 00:00:00,76,78,824,2011-02-06 00:00:00,1,0,2,18,FALSE,0,1,0.3,0.303,0.56,0.1642,13,65
294,2011-01-13 00:00:00,1,0,1,16,FALSE,4,1,0.24,293,0.2121,0.38,0.3582,1970-01-01 00:00:00,76,78,851,2011-02-07 00:00:00,1,0,2,21,FALSE,1,1,0.32,0.3485,0.7,0,3,75
421,2011-01-19 00:00:00,1,0,1,13,FALSE,3,1,0.4,420,0.4091,0.62,0.2836,1970-01-01 00:00:00,67,78,630,2011-01-29 00:00:00,1,0,1,12,FALSE,6,2,0.2,0.197,0.59,0.194,12,66
421,2011-01-19 00:00:00,1,0,1,13,FALSE,3,1,0.4,420,0.4091,0.62,0.2836,1970-01-01 00:00:00,67,78,685,2011-01-31 00:00:00,1,0,1,20,FALSE,1,3,0.16,0.1667,0.59,0.1642,0,78
421,2011-01-19 00:00:00,1,0,1,13,FALSE,3,1,0.4,420,0.4091,0.62,0.2836,1970-01-01 00:00:00,67,78,751,2011-02-03 00:00:00,1,0,2,16,FALSE,4,1,0.22,0.2121,0.37,0.2537,5,73
421,2011-01-19 00:00:00,1,0,1,13,FALSE,3,1,0.4,420,0.4091,0.62,0.2836,1970-01-01 00:00:00,67,78,799,2011-02-05 00:00:00,1,0,2,17,FALSE,6,2,0.24,0.2121,1,0.2836,14,64
421,2011-01-19 00:00:00,1,0,1,13,FALSE,3,1,0.4,420,0.4091,0.62,0.2836,1970-01-01 00:00:00,67,78,824,2011-02-06 00:00:00,1,0,2,18,FALSE,0,1,0.3,0.303,0.56,0.1642,13,65
421,2011-01-19 00:00:00,1,0,1,13,FALSE,3,1,0.4,420,0.4091,0.62,0.2836,1970-01-01 00:00:00,67,78,851,2011-02-07 00:00:00,1,0,2,21,FALSE,1,1,0.32,0.3485,0.7,0,3,75
468,2011-01-21 00:00:00,1,0,1,12,FALSE,5,1,0.22,467,0.1818,0.27,0.5821,1970-01-01 00:00:00,67,78,630,2011-01-29 00:00:00,1,0,1,12,FALSE,6,2,0.2,0.197,0.59,0.194,12,66
468,2011-01-21 00:00:00,1,0,1,12,FALSE,5,1,0.22,467,0.1818,0.27,0.5821,1970-01-01 00:00:00,67,78,685,2011-01-31 00:00:00,1,0,1,20,FALSE,1,3,0.16,0.1667,0.59,0.1642,0,78
468,2011-01-21 00:00:00,1,0,1,12,FALSE,5,1,0.22,467,0.1818,0.27,0.5821,1970-01-01 00:00:00,67,78,751,2011-02-03 00:00:00,1,0,2,16,FALSE,4,1,0.22,0.2121,0.37,0.2537,5,73
468,2011-01-21 00:00:00,1,0,1,12,FALSE,5,1,0.22,467,0.1818,0.27,0.5821,1970-01-01 00:00:00,67,78,799,2011-02-05 00:00:00,1,0,2,17,FALSE,6,2,0.24,0.2121,1,0.2836,14,64
468,2011-01-21 00:00:00,1,0,1,12,FALSE,5,1,0.22,467,0.1818,0.27,0.5821,1970-01-01 00:00:00,67,78,824,2011-02-06 00:00:00,1,0,2,18,FALSE,0,1,0.3,0.303,0.56,0.1642,13,65
468,2011-01-21 00:00:00,1,0,1,12,FALSE,5,1,0.22,467,0.1818,0.27,0.5821,1970-01-01 00:00:00,67,78,851,2011-02-07 00:00:00,1,0,2,21,FALSE,1,1,0.32,0.3485,0.7,0,3,75
82,2011-01-04 00:00:00,1,0,1,13,FALSE,2,1,0.24,81,0.2273,0.56,0.194,1970-01-01 00:00:00,79,97,653,2011-01-30 00:00:00,1,0,1,12,FALSE,0,1,0.3,0.3182,0.52,0.1045,10,87
82,2011-01-04 00:00:00,1,0,1,13,FALSE,2,1,0.24,81,0.2273,0.56,0.194,1970-01-01 00:00:00,79,97,920,2011-02-10 00:00:00,1,0,2,20,FALSE,4,1,0.14,0.1818,0.31,0.0896,4,93
472,2011-01-21 00:00:00,1,0,1,16,FALSE,5,1,0.16,471,0.1364,0.26,0.3582,1970-01-01 00:00:00,97,97,653,2011-01-30 00:00:00,1,0,1,12,FALSE,0,1,0.3,0.3182,0.52,0.1045,10,87
472,2011-01-21 00:00:00,1,0,1,16,FALSE,5,1,0.16,471,0.1364,0.26,0.3582,1970-01-01 00:00:00,97,97,920,2011-02-10 00:00:00,1,0,2,20,FALSE,4,1,0.14,0.1818,0.31,0.0896,4,93
83,2011-01-04 00:00:00,1,0,1,14,FALSE,2,1,0.26,82,0.2576,0.52,0.2239,1970-01-01 00:00:00,54,63,726,2011-02-02 00:00:00,1,0,2,14,FALSE,3,1,0.38,0.3939,0.82,0.3881,2,61
83,2011-01-04 00:00:00,1,0,1,14,FALSE,2,1,0.26,82,0.2576,0.52,0.2239,1970-01-01 00:00:00,54,63,733,2011-02-02 00:00:00,1,0,2,21,FALSE,3,1,0.22,0.197,0.47,0.3284,1,62
83,2011-01-04 00:00:00,1,0,1,14,FALSE,2,1,0.26,82,0.2576,0.52,0.2239,1970-01-01 00:00:00,54,63,942,2011-02-11 00:00:00,1,0,2,20,FALSE,5,1,0.22,0.2273,0.55,0.1343,2,61
148,2011-01-07 00:00:00,1,0,1,10,FALSE,5,1,0.22,147,0.197,0.37,0.3284,1970-01-01 00:00:00,47,63,726,2011-02-02 00:00:00,1,0,2,14,FALSE,3,1,0.38,0.3939,0.82,0.3881,2,61
148,2011-01-07 00:00:00,1,0,1,10,FALSE,5,1,0.22,147,0.197,0.37,0.3284,1970-01-01 00:00:00,47,63,733,2011-02-02 00:00:00,1,0,2,21,FALSE,3,1,0.22,0.197,0.47,0.3284,1,62
148,2011-01-07 00:00:00,1,0,1,10,FALSE,5,1,0.22,147,0.197,0.37,0.3284,1970-01-01 00:00:00,47,63,942,2011-02-11 00:00:00,1,0,2,20,FALSE,5,1,0.22,0.2273,0.55,0.1343,2,61
246,2011-01-11 00:00:00,1,0,1,14,FALSE,2,2,0.2,245,0.2273,0.59,0.0896,1970-01-01 00:00:00,60,63,726,2011-02-02 00:00:00,1,0,2,14,FALSE,3,1,0.38,0.3939,0.82,0.3881,2,61
246,2011-01-11 00:00:00,1,0,1,14,FALSE,2,2,0.2,245,0.2273,0.59,0.0896,1970-01-01 00:00:00,60,63,733,2011-02-02 00:00:00,1,0,2,21,FALSE,3,1,0.22,0.197,0.47,0.3284,1,62
246,2011-01-11 00:00:00,1,0,1,14,FALSE,2,2,0.2,245,0.2273,0.59,0.0896,1970-01-01 00:00:00,60,63,942,2011-02-11 00:00:00,1,0,2,20,FALSE,5,1,0.22,0.2273,0.55,0.1343,2,61
466,2011-01-21 00:00:00,1,0,1,10,FALSE,5,1,0.2,465,0.1667,0.47,0.4627,1970-01-01 00:00:00,57,63,726,2011-02-02 00:00:00,1,0,2,14,FALSE,3,1,0.38,0.3939,0.82,0.3881,2,61
466,2011-01-21 00:00:00,1,0,1,10,FALSE,5,1,0.2,465,0.1667,0.47,0.4627,1970-01-01 00:00:00,57,63,733,2011-02-02 00:00:00,1,0,2,21,FALSE,3,1,0.22,0.197,0.47,0.3284,1,62
466,2011-01-21 00:00:00,1,0,1,10,FALSE,5,1,0.2,465,0.1667,0.47,0.4627,1970-01-01 00:00:00,57,63,942,2011-02-11 00:00:00,1,0,2,20,FALSE,5,1,0.22,0.2273,0.55,0.1343,2,61
490,2011-01-22 00:00:00,1,0,1,11,FALSE,6,2,0.06,489,0.0758,0.38,0.1343,1970-01-01 00:00:00,59,63,726,2011-02-02 00:00:00,1,0,2,14,FALSE,3,1,0.38,0.3939,0.82,0.3881,2,61
490,2011-01-22 00:00:00,1,0,1,11,FALSE,6,2,0.06,489,0.0758,0.38,0.1343,1970-01-01 00:00:00,59,63,733,2011-02-02 00:00:00,1,0,2,21,FALSE,3,1,0.22,0.197,0.47,0.3284,1,62
490,2011-01-22 00:00:00,1,0,1,11,FALSE,6,2,0.06,489,0.0758,0.38,0.1343,1970-01-01 00:00:00,59,63,942,2011-02-11 00:00:00,1,0,2,20,FALSE,5,1,0.22,0.2273,0.55,0.1343,2,61
537,2011-01-24 00:00:00,1,0,1,12,FALSE,1,2,0.12,536,0.1364,0.42,0.194,1970-01-01 00:00:00,52,63,726,2011-02-02 00:00:00,1,0,2,14,FALSE,3,1,0.38,0.3939,0.82,0.3881,2,61
537,2011-01-24 00:00:00,1,0,1,12,FALSE,1,2,0.12,536,0.1364,0.42,0.194,1970-01-01 00:00:00,52,63,733,2011-02-02 00:00:00,1,0,2,21,FALSE,3,1,0.22,0.197,0.47,0.3284,1,62
537,2011-01-24 00:00:00,1,0,1,12,FALSE,1,2,0.12,536,0.1364,0.42,0.194,1970-01-01 00:00:00,52,63,942,2011-02-11 00:00:00,1,0,2,20,FALSE,5,1,0.22,0.2273,0.55,0.1343,2,61
85,2011-01-04 00:00:00,1,0,1,16,FALSE,2,1,0.3,84,0.2879,0.49,0.2537,1970-01-01 00:00:00,68,83,800,2011-02-05 00:00:00,1,0,2,18,FALSE,6,2,0.28,0.2424,0.93,0.4478,2,81
85,2011-01-04 00:00:00,1,0,1,16,FALSE,2,1,0.3,84,0.2879,0.49,0.2537,1970-01-01 00:00:00,68,83,870,2011-02-08 00:00:00,1,0,2,16,FALSE,2,1,0.22,0.1818,0.35,0.5224,4,79
85,2011-01-04 00:00:00,1,0,1,16,FALSE,2,1,0.3,84,0.2879,0.49,0.2537,1970-01-01 00:00:00,68,83,898,2011-02-09 00:00:00,1,0,2,21,FALSE,3,2,0.14,0.1515,0.86,0.1642,0,83
198,2011-01-09 00:00:00,1,0,1,12,FALSE,0,1,0.18,197,0.1364,0.37,0.4478,1970-01-01 00:00:00,79,83,800,2011-02-05 00:00:00,1,0,2,18,FALSE,6,2,0.28,0.2424,0.93,0.4478,2,81
198,2011-01-09 00:00:00,1,0,1,12,FALSE,0,1,0.18,197,0.1364,0.37,0.4478,1970-01-01 00:00:00,79,83,870,2011-02-08 00:00:00,1,0,2,16,FALSE,2,1,0.22,0.1818,0.35,0.5224,4,79
198,2011-01-09 00:00:00,1,0,1,12,FALSE,0,1,0.18,197,0.1364,0.37,0.4478,1970-01-01 00:00:00,79,83,898,2011-02-09 00:00:00,1,0,2,21,FALSE,3,2,0.14,0.1515,0.86,0.1642,0,83
273,2011-01-12 00:00:00,1,0,1,19,FALSE,3,1,0.18,272,0.1515,0.47,0.4179,1970-01-01 00:00:00,82,83,800,2011-02-05 00:00:00,1,0,2,18,FALSE,6,2,0.28,0.2424,0.93,0.4478,2,81
273,2011-01-12 00:00:00,1,0,1,19,FALSE,3,1,0.18,272,0.1515,0.47,0.4179,1970-01-01 00:00:00,82,83,870,2011-02-08 00:00:00,1,0,2,16,FALSE,2,1,0.22,0.1818,0.35,0.5224,4,79
273,2011-01-12 00:00:00,1,0,1,19,FALSE,3,1,0.18,272,0.1515,0.47,0.4179,1970-01-01 00:00:00,82,83,898,2011-02-09 00:00:00,1,0,2,21,FALSE,3,2,0.14,0.1515,0.86,0.1642,0,83
291,2011-01-13 00:00:00,1,0,1,13,FALSE,4,1,0.22,290,0.197,0.41,0.4478,1970-01-01 00:00:00,81,83,800,2011-02-05 00:00:00,1,0,2,18,FALSE,6,2,0.28,0.2424,0.93,0.4478,2,81
291,2011-01-13 00:00:00,1,0,1,13,FALSE,4,1,0.22,290,0.197,0.41,0.4478,1970-01-01 00:00:00,81,83,870,2011-02-08 00:00:00,1,0,2,16,FALSE,2,1,0.22,0.1818,0.35,0.5224,4,79
291,2011-01-13 00:00:00,1,0,1,13,FALSE,4,1,0.22,290,0.197,0.41,0.4478,1970-01-01 00:00:00,81,83,898,2011-02-09 00:00:00,1,0,2,21,FALSE,3,2,0.14,0.1515,0.86,0.1642,0,83
342,2011-01-15 00:00:00,1,0,1,17,FALSE,6,2,0.32,341,0.303,0.36,0.2836,1970-01-01 00:00:00,54,83,800,2011-02-05 00:00:00,1,0,2,18,FALSE,6,2,0.28,0.2424,0.93,0.4478,2,81
342,2011-01-15 00:00:00,1,0,1,17,FALSE,6,2,0.32,341,0.303,0.36,0.2836,1970-01-01 00:00:00,54,83,870,2011-02-08 00:00:00,1,0,2,16,FALSE,2,1,0.22,0.1818,0.35,0.5224,4,79
342,2011-01-15 00:00:00,1,0,1,17,FALSE,6,2,0.32,341,0.303,0.36,0.2836,1970-01-01 00:00:00,54,83,898,2011-02-09 00:00:00,1,0,2,21,FALSE,3,2,0.14,0.1515,0.86,0.1642,0,83
405,2011-01-18 00:00:00,1,0,1,20,FALSE,2,2,0.22,404,0.2727,0.87,0,1970-01-01 00:00:00,83,83,800,2011-02-05 00:00:00,1,0,2,18,FALSE,6,2,0.28,0.2424,0.93,0.4478,2,81
405,2011-01-18 00:00:00,1,0,1,20,FALSE,2,2,0.22,404,0.2727,0.87,0,1970-01-01 00:00:00,83,83,870,2011-02-08 00:00:00,1,0,2,16,FALSE,2,1,0.22,0.1818,0.35,0.5224,4,79
405,2011-01-18 00:00:00,1,0,1,20,FALSE,2,2,0.22,404,0.2727,0.87,0,1970-01-01 00:00:00,83,83,898,2011-02-09 00:00:00,1,0,2,21,FALSE,3,2,0.14,0.1515,0.86,0.1642,0,83
495,2011-01-22 00:00:00,1,0,1,16,FALSE,6,1,0.12,494,0.1364,0.28,0.194,1970-01-01 00:00:00,72,83,800,2011-02-05 00:00:00,1,0,2,18,FALSE,6,2,0.28,0.2424,0.93,0.4478,2,81
495,2011-01-22 00:00:00,1,0,1,16,FALSE,6,1,0.12,494,0.1364,0.28,0.194,1970-01-01 00:00:00,72,83,870,2011-02-08 00:00:00,1,0,2,16,FALSE,2,1,0.22,0.1818,0.35,0.5224,4,79
495,2011-01-22 00:00:00,1,0,1,16,FALSE,6,1,0.12,494,0.1364,0.28,0.194,1970-01-01 00:00:00,72,83,898,2011-02-09 00:00:00,1,0,2,21,FALSE,3,2,0.14,0.1515,0.86,0.1642,0,83
87,2011-01-04 00:00:00,1,0,1,18,FALSE,2,1,0.26,86,0.2576,0.48,0.194,1970-01-01 00:00:00,179,182,730,2011-02-02 00:00:00,1,0,2,18,FALSE,3,1,0.34,0.2879,0.42,0.5522,7,175
87,2011-01-04 00:00:00,1,0,1,18,FALSE,2,1,0.26,86,0.2576,0.48,0.194,1970-01-01 00:00:00,179,182,819,2011-02-06 00:00:00,1,0,2,13,FALSE,0,1,0.34,0.3636,0.46,0,47,135
87,2011-01-04 00:00:00,1,0,1,18,FALSE,2,1,0.26,86,0.2576,0.48,0.194,1970-01-01 00:00:00,179,182,821,2011-02-06 00:00:00,1,0,2,15,FALSE,0,1,0.34,0.3485,0.46,0.0896,52,130
88,2011-01-04 00:00:00,1,0,1,19,FALSE,2,1,0.24,87,0.2576,0.48,0.1045,1970-01-01 00:00:00,110,112,674,2011-01-31 00:00:00,1,0,1,9,FALSE,1,2,0.16,0.1364,0.59,0.2985,0,112
88,2011-01-04 00:00:00,1,0,1,19,FALSE,2,1,0.24,87,0.2576,0.48,0.1045,1970-01-01 00:00:00,110,112,919,2011-02-10 00:00:00,1,0,2,19,FALSE,4,1,0.14,0.1667,0.28,0.1045,2,110
88,2011-01-04 00:00:00,1,0,1,19,FALSE,2,1,0.24,87,0.2576,0.48,0.1045,1970-01-01 00:00:00,110,112,980,2011-02-13 00:00:00,1,0,2,11,FALSE,0,1,0.32,0.2879,0.39,0.4478,26,86
134,2011-01-06 00:00:00,1,0,1,19,FALSE,4,1,0.22,133,0.2576,0.55,0.0896,1970-01-01 00:00:00,109,112,674,2011-01-31 00:00:00,1,0,1,9,FALSE,1,2,0.16,0.1364,0.59,0.2985,0,112
134,2011-01-06 00:00:00,1,0,1,19,FALSE,4,1,0.22,133,0.2576,0.55,0.0896,1970-01-01 00:00:00,109,112,919,2011-02-10 00:00:00,1,0,2,19,FALSE,4,1,0.14,0.1667,0.28,0.1045,2,110
134,2011-01-06 00:00:00,1,0,1,19,FALSE,4,1,0.22,133,0.2576,0.55,0.0896,1970-01-01 00:00:00,109,112,980,2011-02-13 00:00:00,1,0,2,11,FALSE,0,1,0.32,0.2879,0.39,0.4478,26,86
427,2011-01-19 00:00:00,1,0,1,19,FALSE,3,1,0.32,426,0.2879,0.57,0.4179,1970-01-01 00:00:00,108,112,674,2011-01-31 00:00:00,1,0,1,9,FALSE,1,2,0.16,0.1364,0.59,0.2985,0,112
427,2011-01-19 00:00:00,1,0,1,19,FALSE,3,1,0.32,426,0.2879,0.57,0.4179,1970-01-01 00:00:00,108,112,919,2011-02-10 00:00:00,1,0,2,19,FALSE,4,1,0.14,0.1667,0.28,0.1045,2,110
427,2011-01-19 00:00:00,1,0,1,19,FALSE,3,1,0.32,426,0.2879,0.57,0.4179,1970-01-01 00:00:00,108,112,980,2011-02-13 00:00:00,1,0,2,11,FALSE,0,1,0.32,0.2879,0.39,0.4478,26,86
89,2011-01-04 00:00:00,1,0,1,20,FALSE,2,1,0.24,88,0.2576,0.48,0.1045,1970-01-01 00:00:00,53,54,678,2011-01-31 00:00:00,1,0,1,13,FALSE,1,2,0.16,0.2273,0.59,0,2,52
89,2011-01-04 00:00:00,1,0,1,20,FALSE,2,1,0.24,88,0.2576,0.48,0.1045,1970-01-01 00:00:00,53,54,702,2011-02-01 00:00:00,1,0,2,14,FALSE,2,2,0.22,0.2576,0.8,0.0896,5,49
89,2011-01-04 00:00:00,1,0,1,20,FALSE,2,1,0.24,88,0.2576,0.48,0.1045,1970-01-01 00:00:00,53,54,756,2011-02-03 00:00:00,1,0,2,21,FALSE,4,1,0.18,0.2121,0.55,0.1045,1,53
89,2011-01-04 00:00:00,1,0,1,20,FALSE,2,1,0.24,88,0.2576,0.48,0.1045,1970-01-01 00:00:00,53,54,875,2011-02-08 00:00:00,1,0,2,21,FALSE,2,1,0.14,0.1061,0.33,0.4627,8,46
223,2011-01-10 00:00:00,1,0,1,13,FALSE,1,2,0.2,222,0.1818,0.4,0.2836,1970-01-01 00:00:00,50,54,678,2011-01-31 00:00:00,1,0,1,13,FALSE,1,2,0.16,0.2273,0.59,0,2,52
223,2011-01-10 00:00:00,1,0,1,13,FALSE,1,2,0.2,222,0.1818,0.4,0.2836,1970-01-01 00:00:00,50,54,702,2011-02-01 00:00:00,1,0,2,14,FALSE,2,2,0.22,0.2576,0.8,0.0896,5,49
223,2011-01-10 00:00:00,1,0,1,13,FALSE,1,2,0.2,222,0.1818,0.4,0.2836,1970-01-01 00:00:00,50,54,756,2011-02-03 00:00:00,1,0,2,21,FALSE,4,1,0.18,0.2121,0.55,0.1045,1,53
223,2011-01-10 00:00:00,1,0,1,13,FALSE,1,2,0.2,222,0.1818,0.4,0.2836,1970-01-01 00:00:00,50,54,875,2011-02-08 00:00:00,1,0,2,21,FALSE,2,1,0.14,0.1061,0.33,0.4627,8,46
242,2011-01-11 00:00:00,1,0,1,10,FALSE,2,2,0.2,241,0.2121,0.51,0.1642,1970-01-01 00:00:00,51,54,678,2011-01-31 00:00:00,1,0,1,13,FALSE,1,2,0.16,0.2273,0.59,0,2,52
242,2011-01-11 00:00:00,1,0,1,10,FALSE,2,2,0.2,241,0.2121,0.51,0.1642,1970-01-01 00:00:00,51,54,702,2011-02-01 00:00:00,1,0,2,14,FALSE,2,2,0.22,0.2576,0.8,0.0896,5,49
242,2011-01-11 00:00:00,1,0,1,10,FALSE,2,2,0.2,241,0.2121,0.51,0.1642,1970-01-01 00:00:00,51,54,756,2011-02-03 00:00:00,1,0,2,21,FALSE,4,1,0.18,0.2121,0.55,0.1045,1,53
242,2011-01-11 00:00:00,1,0,1,10,FALSE,2,2,0.2,241,0.2121,0.51,0.1642,1970-01-01 00:00:00,51,54,875,2011-02-08 00:00:00,1,0,2,21,FALSE,2,1,0.14,0.1061,0.33,0.4627,8,46
261,2011-01-12 00:00:00,1,0,1,7,FALSE,3,1,0.14,260,0.1515,0.69,0.1343,1970-01-01 00:00:00,54,54,678,2011-01-31 00:00:00,1,0,1,13,FALSE,1,2,0.16,0.2273,0.59,0,2,52
261,2011-01-12 00:00:00,1,0,1,7,FALSE,3,1,0.14,260,0.1515,0.69,0.1343,1970-01-01 00:00:00,54,54,702,2011-02-01 00:00:00,1,0,2,14,FALSE,2,2,0.22,0.2576,0.8,0.0896,5,49
261,2011-01-12 00:00:00,1,0,1,7,FALSE,3,1,0.14,260,0.1515,0.69,0.1343,1970-01-01 00:00:00,54,54,756,2011-02-03 00:00:00,1,0,2,21,FALSE,4,1,0.18,0.2121,0.55,0.1045,1,53
261,2011-01-12 00:00:00,1,0,1,7,FALSE,3,1,0.14,260,0.1515,0.69,0.1343,1970-01-01 00:00:00,54,54,875,2011-02-08 00:00:00,1,0,2,21,FALSE,2,1,0.14,0.1061,0.33,0.4627,8,46
497,2011-01-22 00:00:00,1,0,1,18,FALSE,6,1,0.08,496,0.0909,0.35,0.194,1970-01-01 00:00:00,54,54,678,2011-01-31 00:00:00,1,0,1,13,FALSE,1,2,0.16,0.2273,0.59,0,2,52
497,2011-01-22 00:00:00,1,0,1,18,FALSE,6,1,0.08,496,0.0909,0.35,0.194,1970-01-01 00:00:00,54,54,702,2011-02-01 00:00:00,1,0,2,14,FALSE,2,2,0.22,0.2576,0.8,0.0896,5,49
497,2011-01-22 00:00:00,1,0,1,18,FALSE,6,1,0.08,496,0.0909,0.35,0.194,1970-01-01 00:00:00,54,54,756,2011-02-03 00:00:00,1,0,2,21,FALSE,4,1,0.18,0.2121,0.55,0.1045,1,53
497,2011-01-22 00:00:00,1,0,1,18,FALSE,6,1,0.08,496,0.0909,0.35,0.194,1970-01-01 00:00:00,54,54,875,2011-02-08 00:00:00,1,0,2,21,FALSE,2,1,0.14,0.1061,0.33,0.4627,8,46
90,2011-01-04 00:00:00,1,0,1,21,FALSE,2,1,0.22,89,0.2727,0.64,0,1970-01-01 00:00:00,48,48,676,2011-01-31 00:00:00,1,0,1,11,FALSE,1,2,0.16,0.1515,0.59,0.194,2,46
90,2011-01-04 00:00:00,1,0,1,21,FALSE,2,1,0.22,89,0.2727,0.64,0,1970-01-01 00:00:00,48,48,864,2011-02-08 00:00:00,1,0,2,10,FALSE,2,1,0.22,0.1818,0.47,0.5522,4,44
90,2011-01-04 00:00:00,1,0,1,21,FALSE,2,1,0.22,89,0.2727,0.64,0,1970-01-01 00:00:00,48,48,914,2011-02-10 00:00:00,1,0,2,14,FALSE,4,1,0.2,0.1818,0.27,0.2836,6,42
136,2011-01-06 00:00:00,1,0,1,21,FALSE,4,2,0.22,135,0.2121,0.55,0.2239,1970-01-01 00:00:00,48,48,676,2011-01-31 00:00:00,1,0,1,11,FALSE,1,2,0.16,0.1515,0.59,0.194,2,46
136,2011-01-06 00:00:00,1,0,1,21,FALSE,4,2,0.22,135,0.2121,0.55,0.2239,1970-01-01 00:00:00,48,48,864,2011-02-08 00:00:00,1,0,2,10,FALSE,2,1,0.22,0.1818,0.47,0.5522,4,44
136,2011-01-06 00:00:00,1,0,1,21,FALSE,4,2,0.22,135,0.2121,0.55,0.2239,1970-01-01 00:00:00,48,48,914,2011-02-10 00:00:00,1,0,2,14,FALSE,4,1,0.2,0.1818,0.27,0.2836,6,42
204,2011-01-09 00:00:00,1,0,1,18,FALSE,0,1,0.16,203,0.1364,0.4,0.3284,1970-01-01 00:00:00,44,48,676,2011-01-31 00:00:00,1,0,1,11,FALSE,1,2,0.16,0.1515,0.59,0.194,2,46
204,2011-01-09 00:00:00,1,0,1,18,FALSE,0,1,0.16,203,0.1364,0.4,0.3284,1970-01-01 00:00:00,44,48,864,2011-02-08 00:00:00,1,0,2,10,FALSE,2,1,0.22,0.1818,0.47,0.5522,4,44
204,2011-01-09 00:00:00,1,0,1,18,FALSE,0,1,0.16,203,0.1364,0.4,0.3284,1970-01-01 00:00:00,44,48,914,2011-02-10 00:00:00,1,0,2,14,FALSE,4,1,0.2,0.1818,0.27,0.2836,6,42
582,2011-01-26 00:00:00,1,0,1,12,FALSE,3,3,0.22,581,0.197,0.93,0.3284,1970-01-01 00:00:00,41,48,676,2011-01-31 00:00:00,1,0,1,11,FALSE,1,2,0.16,0.1515,0.59,0.194,2,46
582,2011-01-26 00:00:00,1,0,1,12,FALSE,3,3,0.22,581,0.197,0.93,0.3284,1970-01-01 00:00:00,41,48,864,2011-02-08 00:00:00,1,0,2,10,FALSE,2,1,0.22,0.1818,0.47,0.5522,4,44
582,2011-01-26 00:00:00,1,0,1,12,FALSE,3,3,0.22,581,0.197,0.93,0.3284,1970-01-01 00:00:00,41,48,914,2011-02-10 00:00:00,1,0,2,14,FALSE,4,1,0.2,0.1818,0.27,0.2836,6,42
92,2011-01-04 00:00:00,1,0,1,23,FALSE,2,1,0.2,91,0.2273,0.69,0.0896,1970-01-01 00:00:00,9,11,644,2011-01-30 00:00:00,1,0,1,2,FALSE,0,1,0.16,0.2273,0.8,0,1,10
92,2011-01-04 00:00:00,1,0,1,23,FALSE,2,1,0.2,91,0.2273,0.69,0.0896,1970-01-01 00:00:00,9,11,785,2011-02-05 00:00:00,1,0,2,3,FALSE,6,2,0.24,0.2424,0.75,0.1642,1,10
92,2011-01-04 00:00:00,1,0,1,23,FALSE,2,1,0.2,91,0.2273,0.69,0.0896,1970-01-01 00:00:00,9,11,953,2011-02-12 00:00:00,1,0,2,7,FALSE,6,1,0.12,0.1515,0.8,0.1045,2,9
92,2011-01-04 00:00:00,1,0,1,23,FALSE,2,1,0.2,91,0.2273,0.69,0.0896,1970-01-01 00:00:00,9,11,993,2011-02-14 00:00:00,1,0,2,0,FALSE,1,1,0.38,0.3939,0.37,0.3582,3,8
116,2011-01-06 00:00:00,1,0,1,0,FALSE,4,1,0.18,115,0.2424,0.55,0,1970-01-01 00:00:00,11,11,644,2011-01-30 00:00:00,1,0,1,2,FALSE,0,1,0.16,0.2273,0.8,0,1,10
116,2011-01-06 00:00:00,1,0,1,0,FALSE,4,1,0.18,115,0.2424,0.55,0,1970-01-01 00:00:00,11,11,785,2011-02-05 00:00:00,1,0,2,3,FALSE,6,2,0.24,0.2424,0.75,0.1642,1,10
116,2011-01-06 00:00:00,1,0,1,0,FALSE,4,1,0.18,115,0.2424,0.55,0,1970-01-01 00:00:00,11,11,953,2011-02-12 00:00:00,1,0,2,7,FALSE,6,1,0.12,0.1515,0.8,0.1045,2,9
116,2011-01-06 00:00:00,1,0,1,0,FALSE,4,1,0.18,115,0.2424,0.55,0,1970-01-01 00:00:00,11,11,993,2011-02-14 00:00:00,1,0,2,0,FALSE,1,1,0.38,0.3939,0.37,0.3582,3,8
188,2011-01-09 00:00:00,1,0,1,2,FALSE,0,1,0.1,187,0.0606,0.46,0.4627,1970-01-01 00:00:00,11,11,644,2011-01-30 00:00:00,1,0,1,2,FALSE,0,1,0.16,0.2273,0.8,0,1,10
188,2011-01-09 00:00:00,1,0,1,2,FALSE,0,1,0.1,187,0.0606,0.46,0.4627,1970-01-01 00:00:00,11,11,785,2011-02-05 00:00:00,1,0,2,3,FALSE,6,2,0.24,0.2424,0.75,0.1642,1,10
188,2011-01-09 00:00:00,1,0,1,2,FALSE,0,1,0.1,187,0.0606,0.46,0.4627,1970-01-01 00:00:00,11,11,953,2011-02-12 00:00:00,1,0,2,7,FALSE,6,1,0.12,0.1515,0.8,0.1045,2,9
188,2011-01-09 00:00:00,1,0,1,2,FALSE,0,1,0.1,187,0.0606,0.46,0.4627,1970-01-01 00:00:00,11,11,993,2011-02-14 00:00:00,1,0,2,0,FALSE,1,1,0.38,0.3939,0.37,0.3582,3,8
482,2011-01-22 00:00:00,1,0,1,2,FALSE,6,2,0.04,481,0.0303,0.41,0.2537,1970-01-01 00:00:00,11,11,644,2011-01-30 00:00:00,1,0,1,2,FALSE,0,1,0.16,0.2273,0.8,0,1,10
482,2011-01-22 00:00:00,1,0,1,2,FALSE,6,2,0.04,481,0.0303,0.41,0.2537,1970-01-01 00:00:00,11,11,785,2011-02-05 00:00:00,1,0,2,3,FALSE,6,2,0.24,0.2424,0.75,0.1642,1,10
482,2011-01-22 00:00:00,1,0,1,2,FALSE,6,2,0.04,481,0.0303,0.41,0.2537,1970-01-01 00:00:00,11,11,953,2011-02-12 00:00:00,1,0,2,7,FALSE,6,1,0.12,0.1515,0.8,0.1045,2,9
482,2011-01-22 00:00:00,1,0,1,2,FALSE,6,2,0.04,481,0.0303,0.41,0.2537,1970-01-01 00:00:00,11,11,993,2011-02-14 00:00:00,1,0,2,0,FALSE,1,1,0.38,0.3939,0.37,0.3582,3,8
98,2011-01-05 00:00:00,1,0,1,6,FALSE,3,1,0.2,97,0.197,0.47,0.2239,1970-01-01 00:00:00,33,33,641,2011-01-29 00:00:00,1,0,1,23,FALSE,6,1,0.16,0.197,0.8,0.0896,3,30
98,2011-01-05 00:00:00,1,0,1,6,FALSE,3,1,0.2,97,0.197,0.47,0.2239,1970-01-01 00:00:00,33,33,642,2011-01-30 00:00:00,1,0,1,0,FALSE,0,1,0.16,0.1818,0.8,0.1045,0,33
98,2011-01-05 00:00:00,1,0,1,6,FALSE,3,1,0.2,97,0.197,0.47,0.2239,1970-01-01 00:00:00,33,33,661,2011-01-30 00:00:00,1,0,1,20,FALSE,0,2,0.26,0.2727,0.65,0.1045,3,30
276,2011-01-12 00:00:00,1,0,1,22,FALSE,3,1,0.16,275,0.1212,0.55,0.4478,1970-01-01 00:00:00,32,33,641,2011-01-29 00:00:00,1,0,1,23,FALSE,6,1,0.16,0.197,0.8,0.0896,3,30
276,2011-01-12 00:00:00,1,0,1,22,FALSE,3,1,0.16,275,0.1212,0.55,0.4478,1970-01-01 00:00:00,32,33,642,2011-01-30 00:00:00,1,0,1,0,FALSE,0,1,0.16,0.1818,0.8,0.1045,0,33
276,2011-01-12 00:00:00,1,0,1,22,FALSE,3,1,0.16,275,0.1212,0.55,0.4478,1970-01-01 00:00:00,32,33,661,2011-01-30 00:00:00,1,0,1,20,FALSE,0,2,0.26,0.2727,0.65,0.1045,3,30
334,2011-01-15 00:00:00,1,0,1,9,FALSE,6,1,0.16,333,0.1818,0.64,0.1343,1970-01-01 00:00:00,31,33,641,2011-01-29 00:00:00,1,0,1,23,FALSE,6,1,0.16,0.197,0.8,0.0896,3,30
334,2011-01-15 00:00:00,1,0,1,9,FALSE,6,1,0.16,333,0.1818,0.64,0.1343,1970-01-01 00:00:00,31,33,642,2011-01-30 00:00:00,1,0,1,0,FALSE,0,1,0.16,0.1818,0.8,0.1045,0,33
334,2011-01-15 00:00:00,1,0,1,9,FALSE,6,1,0.16,333,0.1818,0.64,0.1343,1970-01-01 00:00:00,31,33,661,2011-01-30 00:00:00,1,0,1,20,FALSE,0,2,0.26,0.2727,0.65,0.1045,3,30
381,2011-01-17 00:00:00,1,0,1,8,TRUE,1,2,0.16,380,0.1515,0.47,0.2239,1970-01-01 00:00:00,30,33,641,2011-01-29 00:00:00,1,0,1,23,FALSE,6,1,0.16,0.197,0.8,0.0896,3,30
381,2011-01-17 00:00:00,1,0,1,8,TRUE,1,2,0.16,380,0.1515,0.47,0.2239,1970-01-01 00:00:00,30,33,642,2011-01-30 00:00:00,1,0,1,0,FALSE,0,1,0.16,0.1818,0.8,0.1045,0,33
381,2011-01-17 00:00:00,1,0,1,8,TRUE,1,2,0.16,380,0.1515,0.47,0.2239,1970-01-01 00:00:00,30,33,661,2011-01-30 00:00:00,1,0,1,20,FALSE,0,2,0.26,0.2727,0.65,0.1045,3,30
393,2011-01-17 00:00:00,1,0,1,20,TRUE,1,3,0.16,392,0.1515,0.8,0.194,1970-01-01 00:00:00,29,33,641,2011-01-29 00:00:00,1,0,1,23,FALSE,6,1,0.16,0.197,0.8,0.0896,3,30
393,2011-01-17 00:00:00,1,0,1,20,TRUE,1,3,0.16,392,0.1515,0.8,0.194,1970-01-01 00:00:00,29,33,642,2011-01-30 00:00:00,1,0,1,0,FALSE,0,1,0.16,0.1818,0.8,0.1045,0,33
393,2011-01-17 00:00:00,1,0,1,20,TRUE,1,3,0.16,392,0.1515,0.8,0.194,1970-01-01 00:00:00,29,33,661,2011-01-30 00:00:00,1,0,1,20,FALSE,0,2,0.26,0.2727,0.65,0.1045,3,30
407,2011-01-18 00:00:00,1,0,1,22,FALSE,2,2,0.22,406,0.2576,0.93,0.0896,1970-01-01 00:00:00,33,33,641,2011-01-29 00:00:00,1,0,1,23,FALSE,6,1,0.16,0.197,0.8,0.0896,3,30
407,2011-01-18 00:00:00,1,0,1,22,FALSE,2,2,0.22,406,0.2576,0.93,0.0896,1970-01-01 00:00:00,33,33,642,2011-01-30 00:00:00,1,0,1,0,FALSE,0,1,0.16,0.1818,0.8,0.1045,0,33
407,2011-01-18 00:00:00,1,0,1,22,FALSE,2,2,0.22,406,0.2576,0.93,0.0896,1970-01-01 00:00:00,33,33,661,2011-01-30 00:00:00,1,0,1,20,FALSE,0,2,0.26,0.2727,0.65,0.1045,3,30
502,2011-01-22 00:00:00,1,0,1,23,FALSE,6,1,0.04,501,0.0758,0.57,0.1045,1970-01-01 00:00:00,31,33,641,2011-01-29 00:00:00,1,0,1,23,FALSE,6,1,0.16,0.197,0.8,0.0896,3,30
502,2011-01-22 00:00:00,1,0,1,23,FALSE,6,1,0.04,501,0.0758,0.57,0.1045,1970-01-01 00:00:00,31,33,642,2011-01-30 00:00:00,1,0,1,0,FALSE,0,1,0.16,0.1818,0.8,0.1045,0,33
502,2011-01-22 00:00:00,1,0,1,23,FALSE,6,1,0.04,501,0.0758,0.57,0.1045,1970-01-01 00:00:00,31,33,661,2011-01-30 00:00:00,1,0,1,20,FALSE,0,2,0.26,0.2727,0.65,0.1045,3,30
103,2011-01-05 00:00:00,1,0,1,11,FALSE,3,1,0.26,102,0.2273,0.33,0.3284,1970-01-01 00:00:00,34,46,780,2011-02-04 00:00:00,1,0,2,22,FALSE,5,2,0.24,0.2424,0.65,0.1642,1,45
103,2011-01-05 00:00:00,1,0,1,11,FALSE,3,1,0.26,102,0.2273,0.33,0.3284,1970-01-01 00:00:00,34,46,899,2011-02-09 00:00:00,1,0,2,22,FALSE,3,3,0.16,0.1667,0.8,0.1642,4,42
536,2011-01-24 00:00:00,1,0,1,11,FALSE,1,1,0.1,535,0.1212,0.46,0.1343,1970-01-01 00:00:00,43,46,780,2011-02-04 00:00:00,1,0,2,22,FALSE,5,2,0.24,0.2424,0.65,0.1642,1,45
536,2011-01-24 00:00:00,1,0,1,11,FALSE,1,1,0.1,535,0.1212,0.46,0.1343,1970-01-01 00:00:00,43,46,899,2011-02-09 00:00:00,1,0,2,22,FALSE,3,3,0.16,0.1667,0.8,0.1642,4,42
104,2011-01-05 00:00:00,1,0,1,12,FALSE,3,1,0.26,103,0.2273,0.33,0.3284,1970-01-01 00:00:00,74,79,893,2011-02-09 00:00:00,1,0,2,16,FALSE,3,2,0.2,0.197,0.37,0.2537,7,72
359,2011-01-16 00:00:00,1,0,1,10,FALSE,0,1,0.22,358,0.2121,0.51,0.2836,1970-01-01 00:00:00,71,79,893,2011-02-09 00:00:00,1,0,2,16,FALSE,3,2,0.2,0.197,0.37,0.2537,7,72
591,2011-01-27 00:00:00,1,0,1,19,FALSE,4,1,0.2,590,0.2273,0.69,0.0896,1970-01-01 00:00:00,76,79,893,2011-02-09 00:00:00,1,0,2,16,FALSE,3,2,0.2,0.197,0.37,0.2537,7,72
105,2011-01-05 00:00:00,1,0,1,13,FALSE,3,1,0.28,104,0.2576,0.3,0.2985,1970-01-01 00:00:00,65,71,778,2011-02-04 00:00:00,1,0,2,20,FALSE,5,2,0.24,0.2424,0.65,0.1642,2,69
105,2011-01-05 00:00:00,1,0,1,13,FALSE,3,1,0.28,104,0.2576,0.3,0.2985,1970-01-01 00:00:00,65,71,798,2011-02-05 00:00:00,1,0,2,16,FALSE,6,3,0.22,0.2273,1,0.1343,8,63
105,2011-01-05 00:00:00,1,0,1,13,FALSE,3,1,0.28,104,0.2576,0.3,0.2985,1970-01-01 00:00:00,65,71,934,2011-02-11 00:00:00,1,0,2,12,FALSE,5,1,0.22,0.2273,0.47,0.1343,7,64
390,2011-01-17 00:00:00,1,0,1,17,TRUE,1,1,0.2,389,0.197,0.51,0.194,1970-01-01 00:00:00,67,71,778,2011-02-04 00:00:00,1,0,2,20,FALSE,5,2,0.24,0.2424,0.65,0.1642,2,69
390,2011-01-17 00:00:00,1,0,1,17,TRUE,1,1,0.2,389,0.197,0.51,0.194,1970-01-01 00:00:00,67,71,798,2011-02-05 00:00:00,1,0,2,16,FALSE,6,3,0.22,0.2273,1,0.1343,8,63
390,2011-01-17 00:00:00,1,0,1,17,TRUE,1,1,0.2,389,0.197,0.51,0.194,1970-01-01 00:00:00,67,71,934,2011-02-11 00:00:00,1,0,2,12,FALSE,5,1,0.22,0.2273,0.47,0.1343,7,64
106,2011-01-05 00:00:00,1,0,1,14,FALSE,3,1,0.3,105,0.2879,0.28,0.194,1970-01-01 00:00:00,52,62,828,2011-02-06 00:00:00,1,0,2,22,FALSE,0,1,0.26,0.303,0.6,0,5,57
106,2011-01-05 00:00:00,1,0,1,14,FALSE,3,1,0.3,105,0.2879,0.28,0.194,1970-01-01 00:00:00,52,62,913,2011-02-10 00:00:00,1,0,2,13,FALSE,4,1,0.18,0.1667,0.29,0.2985,3,59
106,2011-01-05 00:00:00,1,0,1,14,FALSE,3,1,0.3,105,0.2879,0.28,0.194,1970-01-01 00:00:00,52,62,615,2011-01-28 00:00:00,1,0,1,20,FALSE,5,2,0.24,0.2273,0.7,0.194,1,61
107,2011-01-05 00:00:00,1,0,1,15,FALSE,3,1,0.3,106,0.2879,0.28,0.194,1970-01-01 00:00:00,55,62,828,2011-02-06 00:00:00,1,0,2,22,FALSE,0,1,0.26,0.303,0.6,0,5,57
107,2011-01-05 00:00:00,1,0,1,15,FALSE,3,1,0.3,106,0.2879,0.28,0.194,1970-01-01 00:00:00,55,62,913,2011-02-10 00:00:00,1,0,2,13,FALSE,4,1,0.18,0.1667,0.29,0.2985,3,59
107,2011-01-05 00:00:00,1,0,1,15,FALSE,3,1,0.3,106,0.2879,0.28,0.194,1970-01-01 00:00:00,55,62,615,2011-01-28 00:00:00,1,0,1,20,FALSE,5,2,0.24,0.2273,0.7,0.194,1,61
130,2011-01-06 00:00:00,1,0,1,15,FALSE,4,1,0.28,129,0.2727,0.36,0,1970-01-01 00:00:00,54,62,828,2011-02-06 00:00:00,1,0,2,22,FALSE,0,1,0.26,0.303,0.6,0,5,57
130,2011-01-06 00:00:00,1,0,1,15,FALSE,4,1,0.28,129,0.2727,0.36,0,1970-01-01 00:00:00,54,62,913,2011-02-10 00:00:00,1,0,2,13,FALSE,4,1,0.18,0.1667,0.29,0.2985,3,59
130,2011-01-06 00:00:00,1,0,1,15,FALSE,4,1,0.28,129,0.2727,0.36,0,1970-01-01 00:00:00,54,62,615,2011-01-28 00:00:00,1,0,1,20,FALSE,5,2,0.24,0.2273,0.7,0.194,1,61
173,2011-01-08 00:00:00,1,0,1,11,FALSE,6,2,0.2,172,0.1818,0.69,0.3881,1970-01-01 00:00:00,60,62,828,2011-02-06 00:00:00,1,0,2,22,FALSE,0,1,0.26,0.303,0.6,0,5,57
173,2011-01-08 00:00:00,1,0,1,11,FALSE,6,2,0.2,172,0.1818,0.69,0.3881,1970-01-01 00:00:00,60,62,913,2011-02-10 00:00:00,1,0,2,13,FALSE,4,1,0.18,0.1667,0.29,0.2985,3,59
173,2011-01-08 00:00:00,1,0,1,11,FALSE,6,2,0.2,172,0.1818,0.69,0.3881,1970-01-01 00:00:00,60,62,615,2011-01-28 00:00:00,1,0,1,20,FALSE,5,2,0.24,0.2273,0.7,0.194,1,61
203,2011-01-09 00:00:00,1,0,1,17,FALSE,0,1,0.18,202,0.1515,0.37,0.3881,1970-01-01 00:00:00,59,62,828,2011-02-06 00:00:00,1,0,2,22,FALSE,0,1,0.26,0.303,0.6,0,5,57
203,2011-01-09 00:00:00,1,0,1,17,FALSE,0,1,0.18,202,0.1515,0.37,0.3881,1970-01-01 00:00:00,59,62,913,2011-02-10 00:00:00,1,0,2,13,FALSE,4,1,0.18,0.1667,0.29,0.2985,3,59
203,2011-01-09 00:00:00,1,0,1,17,FALSE,0,1,0.18,202,0.1515,0.37,0.3881,1970-01-01 00:00:00,59,62,615,2011-01-28 00:00:00,1,0,1,20,FALSE,5,2,0.24,0.2273,0.7,0.194,1,61
470,2011-01-21 00:00:00,1,0,1,14,FALSE,5,1,0.2,469,0.1515,0.25,0.5224,1970-01-01 00:00:00,56,62,828,2011-02-06 00:00:00,1,0,2,22,FALSE,0,1,0.26,0.303,0.6,0,5,57
470,2011-01-21 00:00:00,1,0,1,14,FALSE,5,1,0.2,469,0.1515,0.25,0.5224,1970-01-01 00:00:00,56,62,913,2011-02-10 00:00:00,1,0,2,13,FALSE,4,1,0.18,0.1667,0.29,0.2985,3,59
470,2011-01-21 00:00:00,1,0,1,14,FALSE,5,1,0.2,469,0.1515,0.25,0.5224,1970-01-01 00:00:00,56,62,615,2011-01-28 00:00:00,1,0,1,20,FALSE,5,2,0.24,0.2273,0.7,0.194,1,61
108,2011-01-05 00:00:00,1,0,1,16,FALSE,3,1,0.3,107,0.3182,0.28,0.0896,1970-01-01 00:00:00,85,89,816,2011-02-06 00:00:00,1,0,2,10,FALSE,0,1,0.3,0.2879,0.52,0.2537,15,74
108,2011-01-05 00:00:00,1,0,1,16,FALSE,3,1,0.3,107,0.3182,0.28,0.0896,1970-01-01 00:00:00,85,89,614,2011-01-28 00:00:00,1,0,1,19,FALSE,5,2,0.24,0.2424,0.75,0.1343,5,84
112,2011-01-05 00:00:00,1,0,1,20,FALSE,3,1,0.22,111,0.2273,0.47,0.1642,1970-01-01 00:00:00,82,89,816,2011-02-06 00:00:00,1,0,2,10,FALSE,0,1,0.3,0.2879,0.52,0.2537,15,74
112,2011-01-05 00:00:00,1,0,1,20,FALSE,3,1,0.22,111,0.2273,0.47,0.1642,1970-01-01 00:00:00,82,89,614,2011-01-28 00:00:00,1,0,1,19,FALSE,5,2,0.24,0.2424,0.75,0.1343,5,84
337,2011-01-15 00:00:00,1,0,1,12,FALSE,6,1,0.24,336,0.2273,0.48,0.2239,1970-01-01 00:00:00,74,89,816,2011-02-06 00:00:00,1,0,2,10,FALSE,0,1,0.3,0.2879,0.52,0.2537,15,74
337,2011-01-15 00:00:00,1,0,1,12,FALSE,6,1,0.24,336,0.2273,0.48,0.2239,1970-01-01 00:00:00,74,89,614,2011-01-28 00:00:00,1,0,1,19,FALSE,5,2,0.24,0.2424,0.75,0.1343,5,84
109,2011-01-05 00:00:00,1,0,1,17,FALSE,3,1,0.24,108,0.2273,0.38,0.194,1970-01-01 00:00:00,186,190,729,2011-02-02 00:00:00,1,0,2,17,FALSE,3,1,0.36,0.3182,0.53,0.5224,7,183
113,2011-01-05 00:00:00,1,0,1,21,FALSE,3,1,0.2,112,0.197,0.51,0.194,1970-01-01 00:00:00,40,43,638,2011-01-29 00:00:00,1,0,1,20,FALSE,6,1,0.18,0.2121,0.74,0.0896,1,42
113,2011-01-05 00:00:00,1,0,1,21,FALSE,3,1,0.2,112,0.197,0.51,0.194,1970-01-01 00:00:00,40,43,779,2011-02-04 00:00:00,1,0,2,21,FALSE,5,2,0.24,0.2424,0.7,0.1642,2,41
113,2011-01-05 00:00:00,1,0,1,21,FALSE,3,1,0.2,112,0.197,0.51,0.194,1970-01-01 00:00:00,40,43,883,2011-02-09 00:00:00,1,0,2,6,FALSE,3,1,0.06,0.1515,0.45,0,0,43
113,2011-01-05 00:00:00,1,0,1,21,FALSE,3,1,0.2,112,0.197,0.51,0.194,1970-01-01 00:00:00,40,43,944,2011-02-11 00:00:00,1,0,2,22,FALSE,5,1,0.2,0.2273,0.64,0.0896,2,41
113,2011-01-05 00:00:00,1,0,1,21,FALSE,3,1,0.2,112,0.197,0.51,0.194,1970-01-01 00:00:00,40,43,955,2011-02-12 00:00:00,1,0,2,9,FALSE,6,1,0.16,0.1818,0.64,0.1343,5,38
585,2011-01-26 00:00:00,1,0,1,15,FALSE,3,3,0.22,584,0.1818,0.93,0.4627,1970-01-01 00:00:00,42,43,638,2011-01-29 00:00:00,1,0,1,20,FALSE,6,1,0.18,0.2121,0.74,0.0896,1,42
585,2011-01-26 00:00:00,1,0,1,15,FALSE,3,3,0.22,584,0.1818,0.93,0.4627,1970-01-01 00:00:00,42,43,779,2011-02-04 00:00:00,1,0,2,21,FALSE,5,2,0.24,0.2424,0.7,0.1642,2,41
585,2011-01-26 00:00:00,1,0,1,15,FALSE,3,3,0.22,584,0.1818,0.93,0.4627,1970-01-01 00:00:00,42,43,883,2011-02-09 00:00:00,1,0,2,6,FALSE,3,1,0.06,0.1515,0.45,0,0,43
585,2011-01-26 00:00:00,1,0,1,15,FALSE,3,3,0.22,584,0.1818,0.93,0.4627,1970-01-01 00:00:00,42,43,944,2011-02-11 00:00:00,1,0,2,22,FALSE,5,1,0.2,0.2273,0.64,0.0896,2,41
585,2011-01-26 00:00:00,1,0,1,15,FALSE,3,3,0.22,584,0.1818,0.93,0.4627,1970-01-01 00:00:00,42,43,955,2011-02-12 00:00:00,1,0,2,9,FALSE,6,1,0.16,0.1818,0.64,0.1343,5,38
122,2011-01-06 00:00:00,1,0,1,7,FALSE,4,2,0.16,121,0.2273,0.59,0,1970-01-01 00:00:00,95,95,837,2011-02-07 00:00:00,1,0,2,7,FALSE,1,1,0.18,0.2424,0.86,0,6,89
122,2011-01-06 00:00:00,1,0,1,7,FALSE,4,2,0.16,121,0.2273,0.59,0,1970-01-01 00:00:00,95,95,987,2011-02-13 00:00:00,1,0,2,18,FALSE,0,1,0.4,0.4091,0.32,0.2985,17,78
157,2011-01-07 00:00:00,1,0,1,19,FALSE,5,1,0.16,156,0.197,0.55,0.0896,1970-01-01 00:00:00,92,95,837,2011-02-07 00:00:00,1,0,2,7,FALSE,1,1,0.18,0.2424,0.86,0,6,89
157,2011-01-07 00:00:00,1,0,1,19,FALSE,5,1,0.16,156,0.197,0.55,0.0896,1970-01-01 00:00:00,92,95,987,2011-02-13 00:00:00,1,0,2,18,FALSE,0,1,0.4,0.4091,0.32,0.2985,17,78
176,2011-01-08 00:00:00,1,0,1,14,FALSE,6,1,0.2,175,0.1667,0.32,0.4925,1970-01-01 00:00:00,83,95,837,2011-02-07 00:00:00,1,0,2,7,FALSE,1,1,0.18,0.2424,0.86,0,6,89
176,2011-01-08 00:00:00,1,0,1,14,FALSE,6,1,0.2,175,0.1667,0.32,0.4925,1970-01-01 00:00:00,83,95,987,2011-02-13 00:00:00,1,0,2,18,FALSE,0,1,0.4,0.4091,0.32,0.2985,17,78
229,2011-01-10 00:00:00,1,0,1,19,FALSE,1,1,0.16,228,0.1667,0.47,0.1642,1970-01-01 00:00:00,92,95,837,2011-02-07 00:00:00,1,0,2,7,FALSE,1,1,0.18,0.2424,0.86,0,6,89
229,2011-01-10 00:00:00,1,0,1,19,FALSE,1,1,0.16,228,0.1667,0.47,0.1642,1970-01-01 00:00:00,92,95,987,2011-02-13 00:00:00,1,0,2,18,FALSE,0,1,0.4,0.4091,0.32,0.2985,17,78
250,2011-01-11 00:00:00,1,0,1,18,FALSE,2,3,0.16,249,0.1818,0.93,0.1045,1970-01-01 00:00:00,94,95,837,2011-02-07 00:00:00,1,0,2,7,FALSE,1,1,0.18,0.2424,0.86,0,6,89
250,2011-01-11 00:00:00,1,0,1,18,FALSE,2,3,0.16,249,0.1818,0.93,0.1045,1970-01-01 00:00:00,94,95,987,2011-02-13 00:00:00,1,0,2,18,FALSE,0,1,0.4,0.4091,0.32,0.2985,17,78
124,2011-01-06 00:00:00,1,0,1,9,FALSE,4,2,0.18,123,0.2424,0.51,0,1970-01-01 00:00:00,116,122,655,2011-01-30 00:00:00,1,0,1,14,FALSE,0,1,0.28,0.303,0.61,0.0896,18,104
124,2011-01-06 00:00:00,1,0,1,9,FALSE,4,2,0.18,123,0.2424,0.51,0,1970-01-01 00:00:00,116,122,909,2011-02-10 00:00:00,1,0,2,9,FALSE,4,1,0.12,0.1061,0.42,0.3582,1,121
125,2011-01-06 00:00:00,1,0,1,10,FALSE,4,1,0.2,124,0.2576,0.47,0,1970-01-01 00:00:00,42,45,804,2011-02-05 00:00:00,1,0,2,22,FALSE,6,1,0.26,0.2727,0.93,0.1343,2,43
125,2011-01-06 00:00:00,1,0,1,10,FALSE,4,1,0.2,124,0.2576,0.47,0,1970-01-01 00:00:00,42,45,815,2011-02-06 00:00:00,1,0,2,9,FALSE,0,1,0.28,0.2879,0.56,0.1045,7,38
125,2011-01-06 00:00:00,1,0,1,10,FALSE,4,1,0.2,124,0.2576,0.47,0,1970-01-01 00:00:00,42,45,911,2011-02-10 00:00:00,1,0,2,11,FALSE,4,1,0.14,0.1212,0.39,0.3582,1,44
125,2011-01-06 00:00:00,1,0,1,10,FALSE,4,1,0.2,124,0.2576,0.47,0,1970-01-01 00:00:00,42,45,968,2011-02-12 00:00:00,1,0,2,22,FALSE,6,1,0.24,0.2576,0.44,0.0896,6,39
225,2011-01-10 00:00:00,1,0,1,15,FALSE,1,2,0.2,224,0.197,0.4,0.2239,1970-01-01 00:00:00,43,45,804,2011-02-05 00:00:00,1,0,2,22,FALSE,6,1,0.26,0.2727,0.93,0.1343,2,43
225,2011-01-10 00:00:00,1,0,1,15,FALSE,1,2,0.2,224,0.197,0.4,0.2239,1970-01-01 00:00:00,43,45,815,2011-02-06 00:00:00,1,0,2,9,FALSE,0,1,0.28,0.2879,0.56,0.1045,7,38
225,2011-01-10 00:00:00,1,0,1,15,FALSE,1,2,0.2,224,0.197,0.4,0.2239,1970-01-01 00:00:00,43,45,911,2011-02-10 00:00:00,1,0,2,11,FALSE,4,1,0.14,0.1212,0.39,0.3582,1,44
225,2011-01-10 00:00:00,1,0,1,15,FALSE,1,2,0.2,224,0.197,0.4,0.2239,1970-01-01 00:00:00,43,45,968,2011-02-12 00:00:00,1,0,2,22,FALSE,6,1,0.24,0.2576,0.44,0.0896,6,39
499,2011-01-22 00:00:00,1,0,1,20,FALSE,6,1,0.06,498,0.0758,0.45,0.1642,1970-01-01 00:00:00,44,45,804,2011-02-05 00:00:00,1,0,2,22,FALSE,6,1,0.26,0.2727,0.93,0.1343,2,43
499,2011-01-22 00:00:00,1,0,1,20,FALSE,6,1,0.06,498,0.0758,0.45,0.1642,1970-01-01 00:00:00,44,45,815,2011-02-06 00:00:00,1,0,2,9,FALSE,0,1,0.28,0.2879,0.56,0.1045,7,38
499,2011-01-22 00:00:00,1,0,1,20,FALSE,6,1,0.06,498,0.0758,0.45,0.1642,1970-01-01 00:00:00,44,45,911,2011-02-10 00:00:00,1,0,2,11,FALSE,4,1,0.14,0.1212,0.39,0.3582,1,44
499,2011-01-22 00:00:00,1,0,1,20,FALSE,6,1,0.06,498,0.0758,0.45,0.1642,1970-01-01 00:00:00,44,45,968,2011-02-12 00:00:00,1,0,2,22,FALSE,6,1,0.24,0.2576,0.44,0.0896,6,39
539,2011-01-24 00:00:00,1,0,1,14,FALSE,1,2,0.14,538,0.1364,0.46,0.2239,1970-01-01 00:00:00,43,45,804,2011-02-05 00:00:00,1,0,2,22,FALSE,6,1,0.26,0.2727,0.93,0.1343,2,43
539,2011-01-24 00:00:00,1,0,1,14,FALSE,1,2,0.14,538,0.1364,0.46,0.2239,1970-01-01 00:00:00,43,45,815,2011-02-06 00:00:00,1,0,2,9,FALSE,0,1,0.28,0.2879,0.56,0.1045,7,38
539,2011-01-24 00:00:00,1,0,1,14,FALSE,1,2,0.14,538,0.1364,0.46,0.2239,1970-01-01 00:00:00,43,45,911,2011-02-10 00:00:00,1,0,2,11,FALSE,4,1,0.14,0.1212,0.39,0.3582,1,44
539,2011-01-24 00:00:00,1,0,1,14,FALSE,1,2,0.14,538,0.1364,0.46,0.2239,1970-01-01 00:00:00,43,45,968,2011-02-12 00:00:00,1,0,2,22,FALSE,6,1,0.24,0.2576,0.44,0.0896,6,39
569,2011-01-25 00:00:00,1,0,1,21,FALSE,2,1,0.24,568,0.2273,0.65,0.194,1970-01-01 00:00:00,40,45,804,2011-02-05 00:00:00,1,0,2,22,FALSE,6,1,0.26,0.2727,0.93,0.1343,2,43
569,2011-01-25 00:00:00,1,0,1,21,FALSE,2,1,0.24,568,0.2273,0.65,0.194,1970-01-01 00:00:00,40,45,815,2011-02-06 00:00:00,1,0,2,9,FALSE,0,1,0.28,0.2879,0.56,0.1045,7,38
569,2011-01-25 00:00:00,1,0,1,21,FALSE,2,1,0.24,568,0.2273,0.65,0.194,1970-01-01 00:00:00,40,45,911,2011-02-10 00:00:00,1,0,2,11,FALSE,4,1,0.14,0.1212,0.39,0.3582,1,44
569,2011-01-25 00:00:00,1,0,1,21,FALSE,2,1,0.24,568,0.2273,0.65,0.194,1970-01-01 00:00:00,40,45,968,2011-02-12 00:00:00,1,0,2,22,FALSE,6,1,0.24,0.2576,0.44,0.0896,6,39
131,2011-01-06 00:00:00,1,0,1,16,FALSE,4,1,0.26,130,0.2576,0.38,0.1642,1970-01-01 00:00:00,74,86,679,2011-01-31 00:00:00,1,0,1,14,FALSE,1,2,0.18,0.197,0.55,0.1343,1,85
131,2011-01-06 00:00:00,1,0,1,16,FALSE,4,1,0.26,130,0.2576,0.38,0.1642,1970-01-01 00:00:00,74,86,681,2011-01-31 00:00:00,1,0,1,16,FALSE,1,2,0.16,0.1818,0.56,0.194,3,83
131,2011-01-06 00:00:00,1,0,1,16,FALSE,4,1,0.26,130,0.2576,0.38,0.1642,1970-01-01 00:00:00,74,86,770,2011-02-04 00:00:00,1,0,2,12,FALSE,5,2,0.24,0.2424,0.48,0.1642,8,78
387,2011-01-17 00:00:00,1,0,1,14,TRUE,1,2,0.18,386,0.2121,0.43,0.1045,1970-01-01 00:00:00,74,86,679,2011-01-31 00:00:00,1,0,1,14,FALSE,1,2,0.18,0.197,0.55,0.1343,1,85
387,2011-01-17 00:00:00,1,0,1,14,TRUE,1,2,0.18,386,0.2121,0.43,0.1045,1970-01-01 00:00:00,74,86,681,2011-01-31 00:00:00,1,0,1,16,FALSE,1,2,0.16,0.1818,0.56,0.194,3,83
387,2011-01-17 00:00:00,1,0,1,14,TRUE,1,2,0.18,386,0.2121,0.43,0.1045,1970-01-01 00:00:00,74,86,770,2011-02-04 00:00:00,1,0,2,12,FALSE,5,2,0.24,0.2424,0.48,0.1642,8,78
135,2011-01-06 00:00:00,1,0,1,20,FALSE,4,1,0.2,134,0.2121,0.51,0.1642,1970-01-01 00:00:00,66,69,675,2011-01-31 00:00:00,1,0,1,10,FALSE,1,2,0.16,0.1515,0.59,0.194,1,68
135,2011-01-06 00:00:00,1,0,1,20,FALSE,4,1,0.2,134,0.2121,0.51,0.1642,1970-01-01 00:00:00,66,69,747,2011-02-03 00:00:00,1,0,2,12,FALSE,4,1,0.2,0.1818,0.4,0.3582,2,67
135,2011-01-06 00:00:00,1,0,1,20,FALSE,4,1,0.2,134,0.2121,0.51,0.1642,1970-01-01 00:00:00,66,69,802,2011-02-05 00:00:00,1,0,2,20,FALSE,6,1,0.3,0.2879,0.87,0.2537,5,64
135,2011-01-06 00:00:00,1,0,1,20,FALSE,4,1,0.2,134,0.2121,0.51,0.1642,1970-01-01 00:00:00,66,69,890,2011-02-09 00:00:00,1,0,2,13,FALSE,3,1,0.18,0.1667,0.4,0.2537,2,67
135,2011-01-06 00:00:00,1,0,1,20,FALSE,4,1,0.2,134,0.2121,0.51,0.1642,1970-01-01 00:00:00,66,69,912,2011-02-10 00:00:00,1,0,2,12,FALSE,4,1,0.16,0.1364,0.34,0.3881,4,65
179,2011-01-08 00:00:00,1,0,1,17,FALSE,6,1,0.16,178,0.1212,0.37,0.5522,1970-01-01 00:00:00,64,69,675,2011-01-31 00:00:00,1,0,1,10,FALSE,1,2,0.16,0.1515,0.59,0.194,1,68
179,2011-01-08 00:00:00,1,0,1,17,FALSE,6,1,0.16,178,0.1212,0.37,0.5522,1970-01-01 00:00:00,64,69,747,2011-02-03 00:00:00,1,0,2,12,FALSE,4,1,0.2,0.1818,0.4,0.3582,2,67
179,2011-01-08 00:00:00,1,0,1,17,FALSE,6,1,0.16,178,0.1212,0.37,0.5522,1970-01-01 00:00:00,64,69,802,2011-02-05 00:00:00,1,0,2,20,FALSE,6,1,0.3,0.2879,0.87,0.2537,5,64
179,2011-01-08 00:00:00,1,0,1,17,FALSE,6,1,0.16,178,0.1212,0.37,0.5522,1970-01-01 00:00:00,64,69,890,2011-02-09 00:00:00,1,0,2,13,FALSE,3,1,0.18,0.1667,0.4,0.2537,2,67
179,2011-01-08 00:00:00,1,0,1,17,FALSE,6,1,0.16,178,0.1212,0.37,0.5522,1970-01-01 00:00:00,64,69,912,2011-02-10 00:00:00,1,0,2,12,FALSE,4,1,0.16,0.1364,0.34,0.3881,4,65
138,2011-01-06 00:00:00,1,0,1,23,FALSE,4,2,0.2,137,0.197,0.59,0.194,1970-01-01 00:00:00,19,23,814,2011-02-06 00:00:00,1,0,2,8,FALSE,0,1,0.24,0.2576,0.65,0.1045,2,21
138,2011-01-06 00:00:00,1,0,1,23,FALSE,4,2,0.2,137,0.197,0.59,0.194,1970-01-01 00:00:00,19,23,618,2011-01-28 00:00:00,1,0,1,23,FALSE,5,1,0.24,0.2273,0.6,0.2239,1,22
333,2011-01-15 00:00:00,1,0,1,8,FALSE,6,1,0.14,332,0.1515,0.63,0.1343,1970-01-01 00:00:00,22,23,814,2011-02-06 00:00:00,1,0,2,8,FALSE,0,1,0.24,0.2576,0.65,0.1045,2,21
333,2011-01-15 00:00:00,1,0,1,8,FALSE,6,1,0.14,332,0.1515,0.63,0.1343,1970-01-01 00:00:00,22,23,618,2011-01-28 00:00:00,1,0,1,23,FALSE,5,1,0.24,0.2273,0.6,0.2239,1,22
350,2011-01-16 00:00:00,1,0,1,1,FALSE,0,1,0.26,349,0.2727,0.56,0.1343,1970-01-01 00:00:00,19,23,814,2011-02-06 00:00:00,1,0,2,8,FALSE,0,1,0.24,0.2576,0.65,0.1045,2,21
350,2011-01-16 00:00:00,1,0,1,1,FALSE,0,1,0.26,349,0.2727,0.56,0.1343,1970-01-01 00:00:00,19,23,618,2011-01-28 00:00:00,1,0,1,23,FALSE,5,1,0.24,0.2273,0.6,0.2239,1,22
140,2011-01-07 00:00:00,1,0,1,1,FALSE,5,2,0.2,139,0.197,0.69,0.2239,1970-01-01 00:00:00,5,7,665,2011-01-31 00:00:00,1,0,1,0,FALSE,1,2,0.24,0.2273,0.65,0.2239,1,6
140,2011-01-07 00:00:00,1,0,1,1,FALSE,5,2,0.2,139,0.197,0.69,0.2239,1970-01-01 00:00:00,5,7,666,2011-01-31 00:00:00,1,0,1,1,FALSE,1,1,0.22,0.2121,0.64,0.2537,2,5
140,2011-01-07 00:00:00,1,0,1,1,FALSE,5,2,0.2,139,0.197,0.69,0.2239,1970-01-01 00:00:00,5,7,760,2011-02-04 00:00:00,1,0,2,1,FALSE,5,2,0.16,0.2273,0.59,0,0,7
140,2011-01-07 00:00:00,1,0,1,1,FALSE,5,2,0.2,139,0.197,0.69,0.2239,1970-01-01 00:00:00,5,7,763,2011-02-04 00:00:00,1,0,2,5,FALSE,5,2,0.14,0.1515,0.63,0.1343,0,7
140,2011-01-07 00:00:00,1,0,1,1,FALSE,5,2,0.2,139,0.197,0.69,0.2239,1970-01-01 00:00:00,5,7,879,2011-02-09 00:00:00,1,0,2,1,FALSE,3,1,0.1,0.1061,0.36,0.2239,0,7
140,2011-01-07 00:00:00,1,0,1,1,FALSE,5,2,0.2,139,0.197,0.69,0.2239,1970-01-01 00:00:00,5,7,882,2011-02-09 00:00:00,1,0,2,5,FALSE,3,1,0.06,0.1061,0.45,0.1045,0,7
140,2011-01-07 00:00:00,1,0,1,1,FALSE,5,2,0.2,139,0.197,0.69,0.2239,1970-01-01 00:00:00,5,7,902,2011-02-10 00:00:00,1,0,2,1,FALSE,4,3,0.14,0.1515,0.8,0.1343,0,7
140,2011-01-07 00:00:00,1,0,1,1,FALSE,5,2,0.2,139,0.197,0.69,0.2239,1970-01-01 00:00:00,5,7,925,2011-02-11 00:00:00,1,0,2,1,FALSE,5,1,0.1,0.1364,0.54,0.0896,1,6
140,2011-01-07 00:00:00,1,0,1,1,FALSE,5,2,0.2,139,0.197,0.69,0.2239,1970-01-01 00:00:00,5,7,994,2011-02-14 00:00:00,1,0,2,1,FALSE,1,1,0.38,0.3939,0.37,0.3582,1,6
165,2011-01-08 00:00:00,1,0,1,3,FALSE,6,3,0.18,164,0.197,0.55,0.1642,1970-01-01 00:00:00,7,7,665,2011-01-31 00:00:00,1,0,1,0,FALSE,1,2,0.24,0.2273,0.65,0.2239,1,6
165,2011-01-08 00:00:00,1,0,1,3,FALSE,6,3,0.18,164,0.197,0.55,0.1642,1970-01-01 00:00:00,7,7,666,2011-01-31 00:00:00,1,0,1,1,FALSE,1,1,0.22,0.2121,0.64,0.2537,2,5
165,2011-01-08 00:00:00,1,0,1,3,FALSE,6,3,0.18,164,0.197,0.55,0.1642,1970-01-01 00:00:00,7,7,760,2011-02-04 00:00:00,1,0,2,1,FALSE,5,2,0.16,0.2273,0.59,0,0,7
165,2011-01-08 00:00:00,1,0,1,3,FALSE,6,3,0.18,164,0.197,0.55,0.1642,1970-01-01 00:00:00,7,7,763,2011-02-04 00:00:00,1,0,2,5,FALSE,5,2,0.14,0.1515,0.63,0.1343,0,7
165,2011-01-08 00:00:00,1,0,1,3,FALSE,6,3,0.18,164,0.197,0.55,0.1642,1970-01-01 00:00:00,7,7,879,2011-02-09 00:00:00,1,0,2,1,FALSE,3,1,0.1,0.1061,0.36,0.2239,0,7
165,2011-01-08 00:00:00,1,0,1,3,FALSE,6,3,0.18,164,0.197,0.55,0.1642,1970-01-01 00:00:00,7,7,882,2011-02-09 00:00:00,1,0,2,5,FALSE,3,1,0.06,0.1061,0.45,0.1045,0,7
165,2011-01-08 00:00:00,1,0,1,3,FALSE,6,3,0.18,164,0.197,0.55,0.1642,1970-01-01 00:00:00,7,7,902,2011-02-10 00:00:00,1,0,2,1,FALSE,4,3,0.14,0.1515,0.8,0.1343,0,7
165,2011-01-08 00:00:00,1,0,1,3,FALSE,6,3,0.18,164,0.197,0.55,0.1642,1970-01-01 00:00:00,7,7,925,2011-02-11 00:00:00,1,0,2,1,FALSE,5,1,0.1,0.1364,0.54,0.0896,1,6
165,2011-01-08 00:00:00,1,0,1,3,FALSE,6,3,0.18,164,0.197,0.55,0.1642,1970-01-01 00:00:00,7,7,994,2011-02-14 00:00:00,1,0,2,1,FALSE,1,1,0.38,0.3939,0.37,0.3582,1,6
256,2011-01-12 00:00:00,1,0,1,0,FALSE,3,2,0.16,255,0.197,0.86,0.0896,1970-01-01 00:00:00,7,7,665,2011-01-31 00:00:00,1,0,1,0,FALSE,1,2,0.24,0.2273,0.65,0.2239,1,6
256,2011-01-12 00:00:00,1,0,1,0,FALSE,3,2,0.16,255,0.197,0.86,0.0896,1970-01-01 00:00:00,7,7,666,2011-01-31 00:00:00,1,0,1,1,FALSE,1,1,0.22,0.2121,0.64,0.2537,2,5
256,2011-01-12 00:00:00,1,0,1,0,FALSE,3,2,0.16,255,0.197,0.86,0.0896,1970-01-01 00:00:00,7,7,760,2011-02-04 00:00:00,1,0,2,1,FALSE,5,2,0.16,0.2273,0.59,0,0,7
256,2011-01-12 00:00:00,1,0,1,0,FALSE,3,2,0.16,255,0.197,0.86,0.0896,1970-01-01 00:00:00,7,7,763,2011-02-04 00:00:00,1,0,2,5,FALSE,5,2,0.14,0.1515,0.63,0.1343,0,7
256,2011-01-12 00:00:00,1,0,1,0,FALSE,3,2,0.16,255,0.197,0.86,0.0896,1970-01-01 00:00:00,7,7,879,2011-02-09 00:00:00,1,0,2,1,FALSE,3,1,0.1,0.1061,0.36,0.2239,0,7
256,2011-01-12 00:00:00,1,0,1,0,FALSE,3,2,0.16,255,0.197,0.86,0.0896,1970-01-01 00:00:00,7,7,882,2011-02-09 00:00:00,1,0,2,5,FALSE,3,1,0.06,0.1061,0.45,0.1045,0,7
256,2011-01-12 00:00:00,1,0,1,0,FALSE,3,2,0.16,255,0.197,0.86,0.0896,1970-01-01 00:00:00,7,7,902,2011-02-10 00:00:00,1,0,2,1,FALSE,4,3,0.14,0.1515,0.8,0.1343,0,7
256,2011-01-12 00:00:00,1,0,1,0,FALSE,3,2,0.16,255,0.197,0.86,0.0896,1970-01-01 00:00:00,7,7,925,2011-02-11 00:00:00,1,0,2,1,FALSE,5,1,0.1,0.1364,0.54,0.0896,1,6
256,2011-01-12 00:00:00,1,0,1,0,FALSE,3,2,0.16,255,0.197,0.86,0.0896,1970-01-01 00:00:00,7,7,994,2011-02-14 00:00:00,1,0,2,1,FALSE,1,1,0.38,0.3939,0.37,0.3582,1,6
278,2011-01-13 00:00:00,1,0,1,0,FALSE,4,1,0.14,277,0.1212,0.59,0.2836,1970-01-01 00:00:00,6,7,665,2011-01-31 00:00:00,1,0,1,0,FALSE,1,2,0.24,0.2273,0.65,0.2239,1,6
278,2011-01-13 00:00:00,1,0,1,0,FALSE,4,1,0.14,277,0.1212,0.59,0.2836,1970-01-01 00:00:00,6,7,666,2011-01-31 00:00:00,1,0,1,1,FALSE,1,1,0.22,0.2121,0.64,0.2537,2,5
278,2011-01-13 00:00:00,1,0,1,0,FALSE,4,1,0.14,277,0.1212,0.59,0.2836,1970-01-01 00:00:00,6,7,760,2011-02-04 00:00:00,1,0,2,1,FALSE,5,2,0.16,0.2273,0.59,0,0,7
278,2011-01-13 00:00:00,1,0,1,0,FALSE,4,1,0.14,277,0.1212,0.59,0.2836,1970-01-01 00:00:00,6,7,763,2011-02-04 00:00:00,1,0,2,5,FALSE,5,2,0.14,0.1515,0.63,0.1343,0,7
278,2011-01-13 00:00:00,1,0,1,0,FALSE,4,1,0.14,277,0.1212,0.59,0.2836,1970-01-01 00:00:00,6,7,879,2011-02-09 00:00:00,1,0,2,1,FALSE,3,1,0.1,0.1061,0.36,0.2239,0,7
278,2011-01-13 00:00:00,1,0,1,0,FALSE,4,1,0.14,277,0.1212,0.59,0.2836,1970-01-01 00:00:00,6,7,882,2011-02-09 00:00:00,1,0,2,5,FALSE,3,1,0.06,0.1061,0.45,0.1045,0,7
278,2011-01-13 00:00:00,1,0,1,0,FALSE,4,1,0.14,277,0.1212,0.59,0.2836,1970-01-01 00:00:00,6,7,902,2011-02-10 00:00:00,1,0,2,1,FALSE,4,3,0.14,0.1515,0.8,0.1343,0,7
278,2011-01-13 00:00:00,1,0,1,0,FALSE,4,1,0.14,277,0.1212,0.59,0.2836,1970-01-01 00:00:00,6,7,925,2011-02-11 00:00:00,1,0,2,1,FALSE,5,1,0.1,0.1364,0.54,0.0896,1,6
278,2011-01-13 00:00:00,1,0,1,0,FALSE,4,1,0.14,277,0.1212,0.59,0.2836,1970-01-01 00:00:00,6,7,994,2011-02-14 00:00:00,1,0,2,1,FALSE,1,1,0.38,0.3939,0.37,0.3582,1,6
410,2011-01-19 00:00:00,1,0,1,1,FALSE,3,3,0.22,409,0.2273,0.93,0.1343,1970-01-01 00:00:00,6,7,665,2011-01-31 00:00:00,1,0,1,0,FALSE,1,2,0.24,0.2273,0.65,0.2239,1,6
410,2011-01-19 00:00:00,1,0,1,1,FALSE,3,3,0.22,409,0.2273,0.93,0.1343,1970-01-01 00:00:00,6,7,666,2011-01-31 00:00:00,1,0,1,1,FALSE,1,1,0.22,0.2121,0.64,0.2537,2,5
410,2011-01-19 00:00:00,1,0,1,1,FALSE,3,3,0.22,409,0.2273,0.93,0.1343,1970-01-01 00:00:00,6,7,760,2011-02-04 00:00:00,1,0,2,1,FALSE,5,2,0.16,0.2273,0.59,0,0,7
410,2011-01-19 00:00:00,1,0,1,1,FALSE,3,3,0.22,409,0.2273,0.93,0.1343,1970-01-01 00:00:00,6,7,763,2011-02-04 00:00:00,1,0,2,5,FALSE,5,2,0.14,0.1515,0.63,0.1343,0,7
410,2011-01-19 00:00:00,1,0,1,1,FALSE,3,3,0.22,409,0.2273,0.93,0.1343,1970-01-01 00:00:00,6,7,879,2011-02-09 00:00:00,1,0,2,1,FALSE,3,1,0.1,0.1061,0.36,0.2239,0,7
410,2011-01-19 00:00:00,1,0,1,1,FALSE,3,3,0.22,409,0.2273,0.93,0.1343,1970-01-01 00:00:00,6,7,882,2011-02-09 00:00:00,1,0,2,5,FALSE,3,1,0.06,0.1061,0.45,0.1045,0,7
410,2011-01-19 00:00:00,1,0,1,1,FALSE,3,3,0.22,409,0.2273,0.93,0.1343,1970-01-01 00:00:00,6,7,902,2011-02-10 00:00:00,1,0,2,1,FALSE,4,3,0.14,0.1515,0.8,0.1343,0,7
410,2011-01-19 00:00:00,1,0,1,1,FALSE,3,3,0.22,409,0.2273,0.93,0.1343,1970-01-01 00:00:00,6,7,925,2011-02-11 00:00:00,1,0,2,1,FALSE,5,1,0.1,0.1364,0.54,0.0896,1,6
410,2011-01-19 00:00:00,1,0,1,1,FALSE,3,3,0.22,409,0.2273,0.93,0.1343,1970-01-01 00:00:00,6,7,994,2011-02-14 00:00:00,1,0,2,1,FALSE,1,1,0.38,0.3939,0.37,0.3582,1,6
413,2011-01-19 00:00:00,1,0,1,5,FALSE,3,2,0.22,412,0.2576,0.93,0.0896,1970-01-01 00:00:00,7,7,665,2011-01-31 00:00:00,1,0,1,0,FALSE,1,2,0.24,0.2273,0.65,0.2239,1,6
413,2011-01-19 00:00:00,1,0,1,5,FALSE,3,2,0.22,412,0.2576,0.93,0.0896,1970-01-01 00:00:00,7,7,666,2011-01-31 00:00:00,1,0,1,1,FALSE,1,1,0.22,0.2121,0.64,0.2537,2,5
413,2011-01-19 00:00:00,1,0,1,5,FALSE,3,2,0.22,412,0.2576,0.93,0.0896,1970-01-01 00:00:00,7,7,760,2011-02-04 00:00:00,1,0,2,1,FALSE,5,2,0.16,0.2273,0.59,0,0,7
413,2011-01-19 00:00:00,1,0,1,5,FALSE,3,2,0.22,412,0.2576,0.93,0.0896,1970-01-01 00:00:00,7,7,763,2011-02-04 00:00:00,1,0,2,5,FALSE,5,2,0.14,0.1515,0.63,0.1343,0,7
413,2011-01-19 00:00:00,1,0,1,5,FALSE,3,2,0.22,412,0.2576,0.93,0.0896,1970-01-01 00:00:00,7,7,879,2011-02-09 00:00:00,1,0,2,1,FALSE,3,1,0.1,0.1061,0.36,0.2239,0,7
413,2011-01-19 00:00:00,1,0,1,5,FALSE,3,2,0.22,412,0.2576,0.93,0.0896,1970-01-01 00:00:00,7,7,882,2011-02-09 00:00:00,1,0,2,5,FALSE,3,1,0.06,0.1061,0.45,0.1045,0,7
413,2011-01-19 00:00:00,1,0,1,5,FALSE,3,2,0.22,412,0.2576,0.93,0.0896,1970-01-01 00:00:00,7,7,902,2011-02-10 00:00:00,1,0,2,1,FALSE,4,3,0.14,0.1515,0.8,0.1343,0,7
413,2011-01-19 00:00:00,1,0,1,5,FALSE,3,2,0.22,412,0.2576,0.93,0.0896,1970-01-01 00:00:00,7,7,925,2011-02-11 00:00:00,1,0,2,1,FALSE,5,1,0.1,0.1364,0.54,0.0896,1,6
413,2011-01-19 00:00:00,1,0,1,5,FALSE,3,2,0.22,412,0.2576,0.93,0.0896,1970-01-01 00:00:00,7,7,994,2011-02-14 00:00:00,1,0,2,1,FALSE,1,1,0.38,0.3939,0.37,0.3582,1,6
483,2011-01-22 00:00:00,1,0,1,3,FALSE,6,2,0.04,482,0.0303,0.41,0.2836,1970-01-01 00:00:00,6,7,665,2011-01-31 00:00:00,1,0,1,0,FALSE,1,2,0.24,0.2273,0.65,0.2239,1,6
483,2011-01-22 00:00:00,1,0,1,3,FALSE,6,2,0.04,482,0.0303,0.41,0.2836,1970-01-01 00:00:00,6,7,666,2011-01-31 00:00:00,1,0,1,1,FALSE,1,1,0.22,0.2121,0.64,0.2537,2,5
483,2011-01-22 00:00:00,1,0,1,3,FALSE,6,2,0.04,482,0.0303,0.41,0.2836,1970-01-01 00:00:00,6,7,760,2011-02-04 00:00:00,1,0,2,1,FALSE,5,2,0.16,0.2273,0.59,0,0,7
483,2011-01-22 00:00:00,1,0,1,3,FALSE,6,2,0.04,482,0.0303,0.41,0.2836,1970-01-01 00:00:00,6,7,763,2011-02-04 00:00:00,1,0,2,5,FALSE,5,2,0.14,0.1515,0.63,0.1343,0,7
483,2011-01-22 00:00:00,1,0,1,3,FALSE,6,2,0.04,482,0.0303,0.41,0.2836,1970-01-01 00:00:00,6,7,879,2011-02-09 00:00:00,1,0,2,1,FALSE,3,1,0.1,0.1061,0.36,0.2239,0,7
483,2011-01-22 00:00:00,1,0,1,3,FALSE,6,2,0.04,482,0.0303,0.41,0.2836,1970-01-01 00:00:00,6,7,882,2011-02-09 00:00:00,1,0,2,5,FALSE,3,1,0.06,0.1061,0.45,0.1045,0,7
483,2011-01-22 00:00:00,1,0,1,3,FALSE,6,2,0.04,482,0.0303,0.41,0.2836,1970-01-01 00:00:00,6,7,902,2011-02-10 00:00:00,1,0,2,1,FALSE,4,3,0.14,0.1515,0.8,0.1343,0,7
483,2011-01-22 00:00:00,1,0,1,3,FALSE,6,2,0.04,482,0.0303,0.41,0.2836,1970-01-01 00:00:00,6,7,925,2011-02-11 00:00:00,1,0,2,1,FALSE,5,1,0.1,0.1364,0.54,0.0896,1,6
483,2011-01-22 00:00:00,1,0,1,3,FALSE,6,2,0.04,482,0.0303,0.41,0.2836,1970-01-01 00:00:00,6,7,994,2011-02-14 00:00:00,1,0,2,1,FALSE,1,1,0.38,0.3939,0.37,0.3582,1,6
526,2011-01-24 00:00:00,1,0,1,0,FALSE,1,1,0.06,525,0.0606,0.41,0.194,1970-01-01 00:00:00,7,7,665,2011-01-31 00:00:00,1,0,1,0,FALSE,1,2,0.24,0.2273,0.65,0.2239,1,6
526,2011-01-24 00:00:00,1,0,1,0,FALSE,1,1,0.06,525,0.0606,0.41,0.194,1970-01-01 00:00:00,7,7,666,2011-01-31 00:00:00,1,0,1,1,FALSE,1,1,0.22,0.2121,0.64,0.2537,2,5
526,2011-01-24 00:00:00,1,0,1,0,FALSE,1,1,0.06,525,0.0606,0.41,0.194,1970-01-01 00:00:00,7,7,760,2011-02-04 00:00:00,1,0,2,1,FALSE,5,2,0.16,0.2273,0.59,0,0,7
526,2011-01-24 00:00:00,1,0,1,0,FALSE,1,1,0.06,525,0.0606,0.41,0.194,1970-01-01 00:00:00,7,7,763,2011-02-04 00:00:00,1,0,2,5,FALSE,5,2,0.14,0.1515,0.63,0.1343,0,7
526,2011-01-24 00:00:00,1,0,1,0,FALSE,1,1,0.06,525,0.0606,0.41,0.194,1970-01-01 00:00:00,7,7,879,2011-02-09 00:00:00,1,0,2,1,FALSE,3,1,0.1,0.1061,0.36,0.2239,0,7
526,2011-01-24 00:00:00,1,0,1,0,FALSE,1,1,0.06,525,0.0606,0.41,0.194,1970-01-01 00:00:00,7,7,882,2011-02-09 00:00:00,1,0,2,5,FALSE,3,1,0.06,0.1061,0.45,0.1045,0,7
526,2011-01-24 00:00:00,1,0,1,0,FALSE,1,1,0.06,525,0.0606,0.41,0.194,1970-01-01 00:00:00,7,7,902,2011-02-10 00:00:00,1,0,2,1,FALSE,4,3,0.14,0.1515,0.8,0.1343,0,7
526,2011-01-24 00:00:00,1,0,1,0,FALSE,1,1,0.06,525,0.0606,0.41,0.194,1970-01-01 00:00:00,7,7,925,2011-02-11 00:00:00,1,0,2,1,FALSE,5,1,0.1,0.1364,0.54,0.0896,1,6
526,2011-01-24 00:00:00,1,0,1,0,FALSE,1,1,0.06,525,0.0606,0.41,0.194,1970-01-01 00:00:00,7,7,994,2011-02-14 00:00:00,1,0,2,1,FALSE,1,1,0.38,0.3939,0.37,0.3582,1,6
147,2011-01-07 00:00:00,1,0,1,9,FALSE,5,1,0.2,146,0.1818,0.47,0.2985,1970-01-01 00:00:00,125,134,985,2011-02-13 00:00:00,1,0,2,16,FALSE,0,2,0.42,0.4242,0.28,0.3284,28,106
152,2011-01-07 00:00:00,1,0,1,14,FALSE,5,2,0.2,151,0.197,0.4,0.2537,1970-01-01 00:00:00,43,50,845,2011-02-07 00:00:00,1,0,2,15,FALSE,1,2,0.38,0.3939,0.54,0.0896,4,46
152,2011-01-07 00:00:00,1,0,1,14,FALSE,5,2,0.2,151,0.197,0.4,0.2537,1970-01-01 00:00:00,43,50,865,2011-02-08 00:00:00,1,0,2,11,FALSE,2,1,0.22,0.1818,0.47,0.4627,1,49
152,2011-01-07 00:00:00,1,0,1,14,FALSE,5,2,0.2,151,0.197,0.4,0.2537,1970-01-01 00:00:00,43,50,867,2011-02-08 00:00:00,1,0,2,13,FALSE,2,2,0.24,0.197,0.32,0.4478,2,48
152,2011-01-07 00:00:00,1,0,1,14,FALSE,5,2,0.2,151,0.197,0.4,0.2537,1970-01-01 00:00:00,43,50,915,2011-02-10 00:00:00,1,0,2,15,FALSE,4,1,0.2,0.197,0.25,0.2537,0,50
521,2011-01-23 00:00:00,1,0,1,19,FALSE,0,1,0.12,520,0.1212,0.3,0.2836,1970-01-01 00:00:00,45,50,845,2011-02-07 00:00:00,1,0,2,15,FALSE,1,2,0.38,0.3939,0.54,0.0896,4,46
521,2011-01-23 00:00:00,1,0,1,19,FALSE,0,1,0.12,520,0.1212,0.3,0.2836,1970-01-01 00:00:00,45,50,865,2011-02-08 00:00:00,1,0,2,11,FALSE,2,1,0.22,0.1818,0.47,0.4627,1,49
521,2011-01-23 00:00:00,1,0,1,19,FALSE,0,1,0.12,520,0.1212,0.3,0.2836,1970-01-01 00:00:00,45,50,867,2011-02-08 00:00:00,1,0,2,13,FALSE,2,2,0.24,0.197,0.32,0.4478,2,48
521,2011-01-23 00:00:00,1,0,1,19,FALSE,0,1,0.12,520,0.1212,0.3,0.2836,1970-01-01 00:00:00,45,50,915,2011-02-10 00:00:00,1,0,2,15,FALSE,4,1,0.2,0.197,0.25,0.2537,0,50
154,2011-01-07 00:00:00,1,0,1,16,FALSE,5,2,0.2,153,0.2121,0.37,0.1642,1970-01-01 00:00:00,82,87,742,2011-02-03 00:00:00,1,0,2,7,FALSE,4,1,0.14,0.1212,0.5,0.3284,1,86
154,2011-01-07 00:00:00,1,0,1,16,FALSE,5,2,0.2,153,0.2121,0.37,0.1642,1970-01-01 00:00:00,82,87,765,2011-02-04 00:00:00,1,0,2,7,FALSE,5,1,0.14,0.2121,0.59,0,0,87
515,2011-01-23 00:00:00,1,0,1,13,FALSE,0,1,0.14,514,0.1061,0.33,0.3881,1970-01-01 00:00:00,75,87,742,2011-02-03 00:00:00,1,0,2,7,FALSE,4,1,0.14,0.1212,0.5,0.3284,1,86
515,2011-01-23 00:00:00,1,0,1,13,FALSE,0,1,0.14,514,0.1061,0.33,0.3881,1970-01-01 00:00:00,75,87,765,2011-02-04 00:00:00,1,0,2,7,FALSE,5,1,0.14,0.2121,0.59,0,0,87
156,2011-01-07 00:00:00,1,0,1,18,FALSE,5,1,0.2,155,0.2273,0.4,0.0896,1970-01-01 00:00:00,116,123,657,2011-01-30 00:00:00,1,0,1,16,FALSE,0,1,0.3,0.3333,0.56,0,19,104
156,2011-01-07 00:00:00,1,0,1,18,FALSE,5,1,0.2,155,0.2273,0.4,0.0896,1970-01-01 00:00:00,116,123,721,2011-02-02 00:00:00,1,0,2,9,FALSE,3,2,0.24,0.2576,0.93,0.0896,4,119
156,2011-01-07 00:00:00,1,0,1,18,FALSE,5,1,0.2,155,0.2273,0.4,0.0896,1970-01-01 00:00:00,116,123,886,2011-02-09 00:00:00,1,0,2,9,FALSE,3,1,0.12,0.1364,0.39,0.1642,4,119
161,2011-01-07 00:00:00,1,0,1,23,FALSE,5,2,0.18,160,0.197,0.51,0.1642,1970-01-01 00:00:00,14,15,621,2011-01-29 00:00:00,1,0,1,2,FALSE,6,1,0.22,0.2273,0.64,0.1642,0,15
161,2011-01-07 00:00:00,1,0,1,23,FALSE,5,2,0.18,160,0.197,0.51,0.1642,1970-01-01 00:00:00,14,15,830,2011-02-07 00:00:00,1,0,2,0,FALSE,1,1,0.24,0.2879,0.65,0,1,14
161,2011-01-07 00:00:00,1,0,1,23,FALSE,5,2,0.18,160,0.197,0.51,0.1642,1970-01-01 00:00:00,14,15,948,2011-02-12 00:00:00,1,0,2,2,FALSE,6,1,0.14,0.2121,0.8,0,2,13
170,2011-01-08 00:00:00,1,0,1,8,FALSE,6,3,0.16,169,0.1818,0.93,0.1045,1970-01-01 00:00:00,15,15,621,2011-01-29 00:00:00,1,0,1,2,FALSE,6,1,0.22,0.2273,0.64,0.1642,0,15
170,2011-01-08 00:00:00,1,0,1,8,FALSE,6,3,0.16,169,0.1818,0.93,0.1045,1970-01-01 00:00:00,15,15,830,2011-02-07 00:00:00,1,0,2,0,FALSE,1,1,0.24,0.2879,0.65,0,1,14
170,2011-01-08 00:00:00,1,0,1,8,FALSE,6,3,0.16,169,0.1818,0.93,0.1045,1970-01-01 00:00:00,15,15,948,2011-02-12 00:00:00,1,0,2,2,FALSE,6,1,0.14,0.2121,0.8,0,2,13
208,2011-01-09 00:00:00,1,0,1,22,FALSE,0,1,0.14,207,0.1212,0.46,0.2985,1970-01-01 00:00:00,10,15,621,2011-01-29 00:00:00,1,0,1,2,FALSE,6,1,0.22,0.2273,0.64,0.1642,0,15
208,2011-01-09 00:00:00,1,0,1,22,FALSE,0,1,0.14,207,0.1212,0.46,0.2985,1970-01-01 00:00:00,10,15,830,2011-02-07 00:00:00,1,0,2,0,FALSE,1,1,0.24,0.2879,0.65,0,1,14
208,2011-01-09 00:00:00,1,0,1,22,FALSE,0,1,0.14,207,0.1212,0.46,0.2985,1970-01-01 00:00:00,10,15,948,2011-02-12 00:00:00,1,0,2,2,FALSE,6,1,0.14,0.2121,0.8,0,2,13
301,2011-01-13 00:00:00,1,0,1,23,FALSE,4,1,0.12,300,0.1364,0.5,0.194,1970-01-01 00:00:00,14,15,621,2011-01-29 00:00:00,1,0,1,2,FALSE,6,1,0.22,0.2273,0.64,0.1642,0,15
301,2011-01-13 00:00:00,1,0,1,23,FALSE,4,1,0.12,300,0.1364,0.5,0.194,1970-01-01 00:00:00,14,15,830,2011-02-07 00:00:00,1,0,2,0,FALSE,1,1,0.24,0.2879,0.65,0,1,14
301,2011-01-13 00:00:00,1,0,1,23,FALSE,4,1,0.12,300,0.1364,0.5,0.194,1970-01-01 00:00:00,14,15,948,2011-02-12 00:00:00,1,0,2,2,FALSE,6,1,0.14,0.2121,0.8,0,2,13
352,2011-01-16 00:00:00,1,0,1,3,FALSE,0,1,0.22,351,0.2727,0.69,0,1970-01-01 00:00:00,6,15,621,2011-01-29 00:00:00,1,0,1,2,FALSE,6,1,0.22,0.2273,0.64,0.1642,0,15
352,2011-01-16 00:00:00,1,0,1,3,FALSE,0,1,0.22,351,0.2727,0.69,0,1970-01-01 00:00:00,6,15,830,2011-02-07 00:00:00,1,0,2,0,FALSE,1,1,0.24,0.2879,0.65,0,1,14
352,2011-01-16 00:00:00,1,0,1,3,FALSE,0,1,0.22,351,0.2727,0.69,0,1970-01-01 00:00:00,6,15,948,2011-02-12 00:00:00,1,0,2,2,FALSE,6,1,0.14,0.2121,0.8,0,2,13
531,2011-01-24 00:00:00,1,0,1,6,FALSE,1,1,0.02,530,0.0758,0.48,0.0896,1970-01-01 00:00:00,15,15,621,2011-01-29 00:00:00,1,0,1,2,FALSE,6,1,0.22,0.2273,0.64,0.1642,0,15
531,2011-01-24 00:00:00,1,0,1,6,FALSE,1,1,0.02,530,0.0758,0.48,0.0896,1970-01-01 00:00:00,15,15,830,2011-02-07 00:00:00,1,0,2,0,FALSE,1,1,0.24,0.2879,0.65,0,1,14
531,2011-01-24 00:00:00,1,0,1,6,FALSE,1,1,0.02,530,0.0758,0.48,0.0896,1970-01-01 00:00:00,15,15,948,2011-02-12 00:00:00,1,0,2,2,FALSE,6,1,0.14,0.2121,0.8,0,2,13
162,2011-01-08 00:00:00,1,0,1,0,FALSE,6,2,0.18,161,0.197,0.51,0.1642,1970-01-01 00:00:00,24,25,853,2011-02-07 00:00:00,1,0,2,23,FALSE,1,2,0.3,0.3333,0.81,0,6,19
186,2011-01-09 00:00:00,1,0,1,0,FALSE,0,1,0.1,185,0.0758,0.42,0.3881,1970-01-01 00:00:00,24,25,853,2011-02-07 00:00:00,1,0,2,23,FALSE,1,2,0.3,0.3333,0.81,0,6,19
523,2011-01-23 00:00:00,1,0,1,21,FALSE,0,1,0.1,522,0.1061,0.36,0.194,1970-01-01 00:00:00,20,25,853,2011-02-07 00:00:00,1,0,2,23,FALSE,1,2,0.3,0.3333,0.81,0,6,19
174,2011-01-08 00:00:00,1,0,1,12,FALSE,6,2,0.2,173,0.1818,0.59,0.3582,1970-01-01 00:00:00,90,98,1000,2011-02-14 00:00:00,1,0,2,7,FALSE,1,1,0.34,0.303,0.46,0.2985,2,96
445,2011-01-20 00:00:00,1,0,1,13,FALSE,4,2,0.28,444,0.2879,0.45,0.1045,1970-01-01 00:00:00,86,98,1000,2011-02-14 00:00:00,1,0,2,7,FALSE,1,1,0.34,0.303,0.46,0.2985,2,96
180,2011-01-08 00:00:00,1,0,1,18,FALSE,6,1,0.14,179,0.1212,0.39,0.2985,1970-01-01 00:00:00,52,55,628,2011-01-29 00:00:00,1,0,1,10,FALSE,6,2,0.18,0.2121,0.64,0.1045,4,51
180,2011-01-08 00:00:00,1,0,1,18,FALSE,6,1,0.14,179,0.1212,0.39,0.2985,1970-01-01 00:00:00,52,55,660,2011-01-30 00:00:00,1,0,1,19,FALSE,0,1,0.26,0.2576,0.65,0.194,9,46
180,2011-01-08 00:00:00,1,0,1,18,FALSE,6,1,0.14,179,0.1212,0.39,0.2985,1970-01-01 00:00:00,52,55,700,2011-02-01 00:00:00,1,0,2,12,FALSE,2,2,0.2,0.2576,0.86,0,2,53
180,2011-01-08 00:00:00,1,0,1,18,FALSE,6,1,0.14,179,0.1212,0.39,0.2985,1970-01-01 00:00:00,52,55,796,2011-02-05 00:00:00,1,0,2,14,FALSE,6,3,0.22,0.2727,1,0,5,50
180,2011-01-08 00:00:00,1,0,1,18,FALSE,6,1,0.14,179,0.1212,0.39,0.2985,1970-01-01 00:00:00,52,55,840,2011-02-07 00:00:00,1,0,2,10,FALSE,1,1,0.24,0.2576,0.75,0.1045,6,49
266,2011-01-12 00:00:00,1,0,1,12,FALSE,3,1,0.2,265,0.1515,0.47,0.5821,1970-01-01 00:00:00,52,55,628,2011-01-29 00:00:00,1,0,1,10,FALSE,6,2,0.18,0.2121,0.64,0.1045,4,51
266,2011-01-12 00:00:00,1,0,1,12,FALSE,3,1,0.2,265,0.1515,0.47,0.5821,1970-01-01 00:00:00,52,55,660,2011-01-30 00:00:00,1,0,1,19,FALSE,0,1,0.26,0.2576,0.65,0.194,9,46
266,2011-01-12 00:00:00,1,0,1,12,FALSE,3,1,0.2,265,0.1515,0.47,0.5821,1970-01-01 00:00:00,52,55,700,2011-02-01 00:00:00,1,0,2,12,FALSE,2,2,0.2,0.2576,0.86,0,2,53
266,2011-01-12 00:00:00,1,0,1,12,FALSE,3,1,0.2,265,0.1515,0.47,0.5821,1970-01-01 00:00:00,52,55,796,2011-02-05 00:00:00,1,0,2,14,FALSE,6,3,0.22,0.2727,1,0,5,50
266,2011-01-12 00:00:00,1,0,1,12,FALSE,3,1,0.2,265,0.1515,0.47,0.5821,1970-01-01 00:00:00,52,55,840,2011-02-07 00:00:00,1,0,2,10,FALSE,1,1,0.24,0.2576,0.75,0.1045,6,49
519,2011-01-23 00:00:00,1,0,1,17,FALSE,0,1,0.14,518,0.1061,0.26,0.3881,1970-01-01 00:00:00,50,55,628,2011-01-29 00:00:00,1,0,1,10,FALSE,6,2,0.18,0.2121,0.64,0.1045,4,51
519,2011-01-23 00:00:00,1,0,1,17,FALSE,0,1,0.14,518,0.1061,0.26,0.3881,1970-01-01 00:00:00,50,55,660,2011-01-30 00:00:00,1,0,1,19,FALSE,0,1,0.26,0.2576,0.65,0.194,9,46
519,2011-01-23 00:00:00,1,0,1,17,FALSE,0,1,0.14,518,0.1061,0.26,0.3881,1970-01-01 00:00:00,50,55,700,2011-02-01 00:00:00,1,0,2,12,FALSE,2,2,0.2,0.2576,0.86,0,2,53
519,2011-01-23 00:00:00,1,0,1,17,FALSE,0,1,0.14,518,0.1061,0.26,0.3881,1970-01-01 00:00:00,50,55,796,2011-02-05 00:00:00,1,0,2,14,FALSE,6,3,0.22,0.2727,1,0,5,50
519,2011-01-23 00:00:00,1,0,1,17,FALSE,0,1,0.14,518,0.1061,0.26,0.3881,1970-01-01 00:00:00,50,55,840,2011-02-07 00:00:00,1,0,2,10,FALSE,1,1,0.24,0.2576,0.75,0.1045,6,49
558,2011-01-25 00:00:00,1,0,1,10,FALSE,2,2,0.22,557,0.2424,0.6,0.1045,1970-01-01 00:00:00,49,55,628,2011-01-29 00:00:00,1,0,1,10,FALSE,6,2,0.18,0.2121,0.64,0.1045,4,51
558,2011-01-25 00:00:00,1,0,1,10,FALSE,2,2,0.22,557,0.2424,0.6,0.1045,1970-01-01 00:00:00,49,55,660,2011-01-30 00:00:00,1,0,1,19,FALSE,0,1,0.26,0.2576,0.65,0.194,9,46
558,2011-01-25 00:00:00,1,0,1,10,FALSE,2,2,0.22,557,0.2424,0.6,0.1045,1970-01-01 00:00:00,49,55,700,2011-02-01 00:00:00,1,0,2,12,FALSE,2,2,0.2,0.2576,0.86,0,2,53
558,2011-01-25 00:00:00,1,0,1,10,FALSE,2,2,0.22,557,0.2424,0.6,0.1045,1970-01-01 00:00:00,49,55,796,2011-02-05 00:00:00,1,0,2,14,FALSE,6,3,0.22,0.2727,1,0,5,50
558,2011-01-25 00:00:00,1,0,1,10,FALSE,2,2,0.22,557,0.2424,0.6,0.1045,1970-01-01 00:00:00,49,55,840,2011-02-07 00:00:00,1,0,2,10,FALSE,1,1,0.24,0.2576,0.75,0.1045,6,49
194,2011-01-09 00:00:00,1,0,1,8,FALSE,0,1,0.1,193,0.0909,0.49,0.2836,1970-01-01 00:00:00,10,10,790,2011-02-05 00:00:00,1,0,2,8,FALSE,6,3,0.2,0.2273,1,0.0896,0,10
194,2011-01-09 00:00:00,1,0,1,8,FALSE,0,1,0.1,193,0.0909,0.49,0.2836,1970-01-01 00:00:00,10,10,835,2011-02-07 00:00:00,1,0,2,5,FALSE,1,1,0.2,0.2576,0.86,0,1,9
194,2011-01-09 00:00:00,1,0,1,8,FALSE,0,1,0.1,193,0.0909,0.49,0.2836,1970-01-01 00:00:00,10,10,854,2011-02-08 00:00:00,1,0,2,0,FALSE,2,2,0.28,0.3182,0.87,0,4,6
194,2011-01-09 00:00:00,1,0,1,8,FALSE,0,1,0.1,193,0.0909,0.49,0.2836,1970-01-01 00:00:00,10,10,949,2011-02-12 00:00:00,1,0,2,3,FALSE,6,1,0.12,0.197,0.8,0,3,7
332,2011-01-15 00:00:00,1,0,1,7,FALSE,6,1,0.14,331,0.2121,0.63,0,1970-01-01 00:00:00,9,10,790,2011-02-05 00:00:00,1,0,2,8,FALSE,6,3,0.2,0.2273,1,0.0896,0,10
332,2011-01-15 00:00:00,1,0,1,7,FALSE,6,1,0.14,331,0.2121,0.63,0,1970-01-01 00:00:00,9,10,835,2011-02-07 00:00:00,1,0,2,5,FALSE,1,1,0.2,0.2576,0.86,0,1,9
332,2011-01-15 00:00:00,1,0,1,7,FALSE,6,1,0.14,331,0.2121,0.63,0,1970-01-01 00:00:00,9,10,854,2011-02-08 00:00:00,1,0,2,0,FALSE,2,2,0.28,0.3182,0.87,0,4,6
332,2011-01-15 00:00:00,1,0,1,7,FALSE,6,1,0.14,331,0.2121,0.63,0,1970-01-01 00:00:00,9,10,949,2011-02-12 00:00:00,1,0,2,3,FALSE,6,1,0.12,0.197,0.8,0,3,7
574,2011-01-26 00:00:00,1,0,1,2,FALSE,3,3,0.22,573,0.2273,0.69,0.194,1970-01-01 00:00:00,7,10,790,2011-02-05 00:00:00,1,0,2,8,FALSE,6,3,0.2,0.2273,1,0.0896,0,10
574,2011-01-26 00:00:00,1,0,1,2,FALSE,3,3,0.22,573,0.2273,0.69,0.194,1970-01-01 00:00:00,7,10,835,2011-02-07 00:00:00,1,0,2,5,FALSE,1,1,0.2,0.2576,0.86,0,1,9
574,2011-01-26 00:00:00,1,0,1,2,FALSE,3,3,0.22,573,0.2273,0.69,0.194,1970-01-01 00:00:00,7,10,854,2011-02-08 00:00:00,1,0,2,0,FALSE,2,2,0.28,0.3182,0.87,0,4,6
574,2011-01-26 00:00:00,1,0,1,2,FALSE,3,3,0.22,573,0.2273,0.69,0.194,1970-01-01 00:00:00,7,10,949,2011-02-12 00:00:00,1,0,2,3,FALSE,6,1,0.12,0.197,0.8,0,3,7
196,2011-01-09 00:00:00,1,0,1,10,FALSE,0,1,0.14,195,0.1061,0.43,0.3881,1970-01-01 00:00:00,49,49,719,2011-02-02 00:00:00,1,0,2,7,FALSE,3,3,0.22,0.2121,0.93,0.2239,1,48
197,2011-01-09 00:00:00,1,0,1,11,FALSE,0,1,0.16,196,0.1212,0.4,0.5224,1970-01-01 00:00:00,47,49,719,2011-02-02 00:00:00,1,0,2,7,FALSE,3,3,0.22,0.2121,0.93,0.2239,1,48
267,2011-01-12 00:00:00,1,0,1,13,FALSE,3,1,0.22,266,0.197,0.44,0.3582,1970-01-01 00:00:00,49,49,719,2011-02-02 00:00:00,1,0,2,7,FALSE,3,3,0.22,0.2121,0.93,0.2239,1,48
269,2011-01-12 00:00:00,1,0,1,15,FALSE,3,1,0.2,268,0.1667,0.47,0.4179,1970-01-01 00:00:00,48,49,719,2011-02-02 00:00:00,1,0,2,7,FALSE,3,3,0.22,0.2121,0.93,0.2239,1,48
520,2011-01-23 00:00:00,1,0,1,18,FALSE,0,1,0.12,519,0.1212,0.3,0.2537,1970-01-01 00:00:00,44,49,719,2011-02-02 00:00:00,1,0,2,7,FALSE,3,3,0.22,0.2121,0.93,0.2239,1,48
605,2011-01-28 00:00:00,1,0,1,10,FALSE,5,3,0.18,604,0.2121,0.86,0.1045,1970-01-01 00:00:00,49,49,719,2011-02-02 00:00:00,1,0,2,7,FALSE,3,3,0.22,0.2121,0.93,0.2239,1,48
201,2011-01-09 00:00:00,1,0,1,15,FALSE,0,1,0.22,200,0.197,0.35,0.3582,1970-01-01 00:00:00,77,82,771,2011-02-04 00:00:00,1,0,2,13,FALSE,5,2,0.26,0.2576,0.5,0.2239,9,73
389,2011-01-17 00:00:00,1,0,1,16,TRUE,1,2,0.2,388,0.2121,0.47,0.1642,1970-01-01 00:00:00,76,82,771,2011-02-04 00:00:00,1,0,2,13,FALSE,5,2,0.26,0.2576,0.5,0.2239,9,73
423,2011-01-19 00:00:00,1,0,1,15,FALSE,3,1,0.4,422,0.4091,0.54,0.2836,1970-01-01 00:00:00,78,82,771,2011-02-04 00:00:00,1,0,2,13,FALSE,5,2,0.26,0.2576,0.5,0.2239,9,73
205,2011-01-09 00:00:00,1,0,1,19,FALSE,0,1,0.16,204,0.1364,0.43,0.3284,1970-01-01 00:00:00,40,41,757,2011-02-03 00:00:00,1,0,2,22,FALSE,4,1,0.18,0.2121,0.51,0.0896,2,39
205,2011-01-09 00:00:00,1,0,1,19,FALSE,0,1,0.16,204,0.1364,0.43,0.3284,1970-01-01 00:00:00,40,41,888,2011-02-09 00:00:00,1,0,2,11,FALSE,3,2,0.14,0.1515,0.43,0.1642,1,40
205,2011-01-09 00:00:00,1,0,1,19,FALSE,0,1,0.16,204,0.1364,0.43,0.3284,1970-01-01 00:00:00,40,41,965,2011-02-12 00:00:00,1,0,2,19,FALSE,6,1,0.28,0.2727,0.38,0.1642,2,39
345,2011-01-15 00:00:00,1,0,1,20,FALSE,6,2,0.32,344,0.303,0.39,0.2537,1970-01-01 00:00:00,35,41,757,2011-02-03 00:00:00,1,0,2,22,FALSE,4,1,0.18,0.2121,0.51,0.0896,2,39
345,2011-01-15 00:00:00,1,0,1,20,FALSE,6,2,0.32,344,0.303,0.39,0.2537,1970-01-01 00:00:00,35,41,888,2011-02-09 00:00:00,1,0,2,11,FALSE,3,2,0.14,0.1515,0.43,0.1642,1,40
345,2011-01-15 00:00:00,1,0,1,20,FALSE,6,2,0.32,344,0.303,0.39,0.2537,1970-01-01 00:00:00,35,41,965,2011-02-12 00:00:00,1,0,2,19,FALSE,6,1,0.28,0.2727,0.38,0.1642,2,39
406,2011-01-18 00:00:00,1,0,1,21,FALSE,2,2,0.22,405,0.2424,0.93,0.1045,1970-01-01 00:00:00,41,41,757,2011-02-03 00:00:00,1,0,2,22,FALSE,4,1,0.18,0.2121,0.51,0.0896,2,39
406,2011-01-18 00:00:00,1,0,1,21,FALSE,2,2,0.22,405,0.2424,0.93,0.1045,1970-01-01 00:00:00,41,41,888,2011-02-09 00:00:00,1,0,2,11,FALSE,3,2,0.14,0.1515,0.43,0.1642,1,40
406,2011-01-18 00:00:00,1,0,1,21,FALSE,2,2,0.22,405,0.2424,0.93,0.1045,1970-01-01 00:00:00,41,41,965,2011-02-12 00:00:00,1,0,2,19,FALSE,6,1,0.28,0.2727,0.38,0.1642,2,39
477,2011-01-21 00:00:00,1,0,1,21,FALSE,5,1,0.08,476,0.0758,0.38,0.2836,1970-01-01 00:00:00,41,41,757,2011-02-03 00:00:00,1,0,2,22,FALSE,4,1,0.18,0.2121,0.51,0.0896,2,39
477,2011-01-21 00:00:00,1,0,1,21,FALSE,5,1,0.08,476,0.0758,0.38,0.2836,1970-01-01 00:00:00,41,41,888,2011-02-09 00:00:00,1,0,2,11,FALSE,3,2,0.14,0.1515,0.43,0.1642,1,40
477,2011-01-21 00:00:00,1,0,1,21,FALSE,5,1,0.08,476,0.0758,0.38,0.2836,1970-01-01 00:00:00,41,41,965,2011-02-12 00:00:00,1,0,2,19,FALSE,6,1,0.28,0.2727,0.38,0.1642,2,39
581,2011-01-26 00:00:00,1,0,1,11,FALSE,3,3,0.22,580,0.197,0.93,0.3284,1970-01-01 00:00:00,35,41,757,2011-02-03 00:00:00,1,0,2,22,FALSE,4,1,0.18,0.2121,0.51,0.0896,2,39
581,2011-01-26 00:00:00,1,0,1,11,FALSE,3,3,0.22,580,0.197,0.93,0.3284,1970-01-01 00:00:00,35,41,888,2011-02-09 00:00:00,1,0,2,11,FALSE,3,2,0.14,0.1515,0.43,0.1642,1,40
581,2011-01-26 00:00:00,1,0,1,11,FALSE,3,3,0.22,580,0.197,0.93,0.3284,1970-01-01 00:00:00,35,41,965,2011-02-12 00:00:00,1,0,2,19,FALSE,6,1,0.28,0.2727,0.38,0.1642,2,39
610,2011-01-28 00:00:00,1,0,1,15,FALSE,5,2,0.2,609,0.2576,0.86,0,1970-01-01 00:00:00,40,41,757,2011-02-03 00:00:00,1,0,2,22,FALSE,4,1,0.18,0.2121,0.51,0.0896,2,39
610,2011-01-28 00:00:00,1,0,1,15,FALSE,5,2,0.2,609,0.2576,0.86,0,1970-01-01 00:00:00,40,41,888,2011-02-09 00:00:00,1,0,2,11,FALSE,3,2,0.14,0.1515,0.43,0.1642,1,40
610,2011-01-28 00:00:00,1,0,1,15,FALSE,5,2,0.2,609,0.2576,0.86,0,1970-01-01 00:00:00,40,41,965,2011-02-12 00:00:00,1,0,2,19,FALSE,6,1,0.28,0.2727,0.38,0.1642,2,39
206,2011-01-09 00:00:00,1,0,1,20,FALSE,0,1,0.14,205,0.1212,0.46,0.2537,1970-01-01 00:00:00,38,38,650,2011-01-30 00:00:00,1,0,1,9,FALSE,0,2,0.16,0.2273,0.8,0,4,34
206,2011-01-09 00:00:00,1,0,1,20,FALSE,0,1,0.14,205,0.1212,0.46,0.2537,1970-01-01 00:00:00,38,38,758,2011-02-03 00:00:00,1,0,2,23,FALSE,4,1,0.2,0.2273,0.47,0.1045,4,34
231,2011-01-10 00:00:00,1,0,1,21,FALSE,1,1,0.14,230,0.1364,0.59,0.194,1970-01-01 00:00:00,37,38,650,2011-01-30 00:00:00,1,0,1,9,FALSE,0,2,0.16,0.2273,0.8,0,4,34
231,2011-01-10 00:00:00,1,0,1,21,FALSE,1,1,0.14,230,0.1364,0.59,0.194,1970-01-01 00:00:00,37,38,758,2011-02-03 00:00:00,1,0,2,23,FALSE,4,1,0.2,0.2273,0.47,0.1045,4,34
288,2011-01-13 00:00:00,1,0,1,10,FALSE,4,2,0.16,287,0.1364,0.5,0.3582,1970-01-01 00:00:00,36,38,650,2011-01-30 00:00:00,1,0,1,9,FALSE,0,2,0.16,0.2273,0.8,0,4,34
288,2011-01-13 00:00:00,1,0,1,10,FALSE,4,2,0.16,287,0.1364,0.5,0.3582,1970-01-01 00:00:00,36,38,758,2011-02-03 00:00:00,1,0,2,23,FALSE,4,1,0.2,0.2273,0.47,0.1045,4,34
593,2011-01-27 00:00:00,1,0,1,21,FALSE,4,1,0.18,592,0.2121,0.74,0.0896,1970-01-01 00:00:00,36,38,650,2011-01-30 00:00:00,1,0,1,9,FALSE,0,2,0.16,0.2273,0.8,0,4,34
593,2011-01-27 00:00:00,1,0,1,21,FALSE,4,1,0.18,592,0.2121,0.74,0.0896,1970-01-01 00:00:00,36,38,758,2011-02-03 00:00:00,1,0,2,23,FALSE,4,1,0.2,0.2273,0.47,0.1045,4,34
609,2011-01-28 00:00:00,1,0,1,14,FALSE,5,3,0.22,608,0.2727,0.8,0,1970-01-01 00:00:00,36,38,650,2011-01-30 00:00:00,1,0,1,9,FALSE,0,2,0.16,0.2273,0.8,0,4,34
609,2011-01-28 00:00:00,1,0,1,14,FALSE,5,3,0.22,608,0.2727,0.8,0,1970-01-01 00:00:00,36,38,758,2011-02-03 00:00:00,1,0,2,23,FALSE,4,1,0.2,0.2273,0.47,0.1045,4,34
218,2011-01-10 00:00:00,1,0,1,8,FALSE,1,2,0.12,217,0.1212,0.5,0.2836,1970-01-01 00:00:00,184,188,743,2011-02-03 00:00:00,1,0,2,8,FALSE,4,1,0.14,0.1212,0.5,0.3582,4,184
224,2011-01-10 00:00:00,1,0,1,14,FALSE,1,2,0.2,223,0.197,0.4,0.2239,1970-01-01 00:00:00,47,47,698,2011-02-01 00:00:00,1,0,2,10,FALSE,2,2,0.16,0.2273,0.93,0,0,47
224,2011-01-10 00:00:00,1,0,1,14,FALSE,1,2,0.2,223,0.197,0.4,0.2239,1970-01-01 00:00:00,47,47,749,2011-02-03 00:00:00,1,0,2,14,FALSE,4,1,0.22,0.197,0.37,0.3881,4,43
224,2011-01-10 00:00:00,1,0,1,14,FALSE,1,2,0.2,223,0.197,0.4,0.2239,1970-01-01 00:00:00,47,47,793,2011-02-05 00:00:00,1,0,2,11,FALSE,6,3,0.22,0.2273,1,0.1343,1,46
224,2011-01-10 00:00:00,1,0,1,14,FALSE,1,2,0.2,223,0.197,0.4,0.2239,1970-01-01 00:00:00,47,47,841,2011-02-07 00:00:00,1,0,2,11,FALSE,1,1,0.3,0.3182,0.65,0.0896,11,36
224,2011-01-10 00:00:00,1,0,1,14,FALSE,1,2,0.2,223,0.197,0.4,0.2239,1970-01-01 00:00:00,47,47,943,2011-02-11 00:00:00,1,0,2,21,FALSE,5,1,0.2,0.2121,0.59,0.1343,1,46
224,2011-01-10 00:00:00,1,0,1,14,FALSE,1,2,0.2,223,0.197,0.4,0.2239,1970-01-01 00:00:00,47,47,978,2011-02-13 00:00:00,1,0,2,9,FALSE,0,2,0.24,0.2273,0.6,0.2239,12,35
224,2011-01-10 00:00:00,1,0,1,14,FALSE,1,2,0.2,223,0.197,0.4,0.2239,1970-01-01 00:00:00,47,47,989,2011-02-13 00:00:00,1,0,2,20,FALSE,0,1,0.4,0.4091,0.35,0.3284,15,32
247,2011-01-11 00:00:00,1,0,1,15,FALSE,2,2,0.16,246,0.197,0.8,0.0896,1970-01-01 00:00:00,45,47,698,2011-02-01 00:00:00,1,0,2,10,FALSE,2,2,0.16,0.2273,0.93,0,0,47
247,2011-01-11 00:00:00,1,0,1,15,FALSE,2,2,0.16,246,0.197,0.8,0.0896,1970-01-01 00:00:00,45,47,749,2011-02-03 00:00:00,1,0,2,14,FALSE,4,1,0.22,0.197,0.37,0.3881,4,43
247,2011-01-11 00:00:00,1,0,1,15,FALSE,2,2,0.16,246,0.197,0.8,0.0896,1970-01-01 00:00:00,45,47,793,2011-02-05 00:00:00,1,0,2,11,FALSE,6,3,0.22,0.2273,1,0.1343,1,46
247,2011-01-11 00:00:00,1,0,1,15,FALSE,2,2,0.16,246,0.197,0.8,0.0896,1970-01-01 00:00:00,45,47,841,2011-02-07 00:00:00,1,0,2,11,FALSE,1,1,0.3,0.3182,0.65,0.0896,11,36
247,2011-01-11 00:00:00,1,0,1,15,FALSE,2,2,0.16,246,0.197,0.8,0.0896,1970-01-01 00:00:00,45,47,943,2011-02-11 00:00:00,1,0,2,21,FALSE,5,1,0.2,0.2121,0.59,0.1343,1,46
247,2011-01-11 00:00:00,1,0,1,15,FALSE,2,2,0.16,246,0.197,0.8,0.0896,1970-01-01 00:00:00,45,47,978,2011-02-13 00:00:00,1,0,2,9,FALSE,0,2,0.24,0.2273,0.6,0.2239,12,35
247,2011-01-11 00:00:00,1,0,1,15,FALSE,2,2,0.16,246,0.197,0.8,0.0896,1970-01-01 00:00:00,45,47,989,2011-02-13 00:00:00,1,0,2,20,FALSE,0,1,0.4,0.4091,0.35,0.3284,15,32
382,2011-01-17 00:00:00,1,0,1,9,TRUE,1,2,0.16,381,0.1515,0.47,0.2239,1970-01-01 00:00:00,39,47,698,2011-02-01 00:00:00,1,0,2,10,FALSE,2,2,0.16,0.2273,0.93,0,0,47
382,2011-01-17 00:00:00,1,0,1,9,TRUE,1,2,0.16,381,0.1515,0.47,0.2239,1970-01-01 00:00:00,39,47,749,2011-02-03 00:00:00,1,0,2,14,FALSE,4,1,0.22,0.197,0.37,0.3881,4,43
382,2011-01-17 00:00:00,1,0,1,9,TRUE,1,2,0.16,381,0.1515,0.47,0.2239,1970-01-01 00:00:00,39,47,793,2011-02-05 00:00:00,1,0,2,11,FALSE,6,3,0.22,0.2273,1,0.1343,1,46
382,2011-01-17 00:00:00,1,0,1,9,TRUE,1,2,0.16,381,0.1515,0.47,0.2239,1970-01-01 00:00:00,39,47,841,2011-02-07 00:00:00,1,0,2,11,FALSE,1,1,0.3,0.3182,0.65,0.0896,11,36
382,2011-01-17 00:00:00,1,0,1,9,TRUE,1,2,0.16,381,0.1515,0.47,0.2239,1970-01-01 00:00:00,39,47,943,2011-02-11 00:00:00,1,0,2,21,FALSE,5,1,0.2,0.2121,0.59,0.1343,1,46
382,2011-01-17 00:00:00,1,0,1,9,TRUE,1,2,0.16,381,0.1515,0.47,0.2239,1970-01-01 00:00:00,39,47,978,2011-02-13 00:00:00,1,0,2,9,FALSE,0,2,0.24,0.2273,0.6,0.2239,12,35
382,2011-01-17 00:00:00,1,0,1,9,TRUE,1,2,0.16,381,0.1515,0.47,0.2239,1970-01-01 00:00:00,39,47,989,2011-02-13 00:00:00,1,0,2,20,FALSE,0,1,0.4,0.4091,0.35,0.3284,15,32
418,2011-01-19 00:00:00,1,0,1,10,FALSE,3,2,0.26,417,0.2727,0.93,0.1343,1970-01-01 00:00:00,46,47,698,2011-02-01 00:00:00,1,0,2,10,FALSE,2,2,0.16,0.2273,0.93,0,0,47
418,2011-01-19 00:00:00,1,0,1,10,FALSE,3,2,0.26,417,0.2727,0.93,0.1343,1970-01-01 00:00:00,46,47,749,2011-02-03 00:00:00,1,0,2,14,FALSE,4,1,0.22,0.197,0.37,0.3881,4,43
418,2011-01-19 00:00:00,1,0,1,10,FALSE,3,2,0.26,417,0.2727,0.93,0.1343,1970-01-01 00:00:00,46,47,793,2011-02-05 00:00:00,1,0,2,11,FALSE,6,3,0.22,0.2273,1,0.1343,1,46
418,2011-01-19 00:00:00,1,0,1,10,FALSE,3,2,0.26,417,0.2727,0.93,0.1343,1970-01-01 00:00:00,46,47,841,2011-02-07 00:00:00,1,0,2,11,FALSE,1,1,0.3,0.3182,0.65,0.0896,11,36
418,2011-01-19 00:00:00,1,0,1,10,FALSE,3,2,0.26,417,0.2727,0.93,0.1343,1970-01-01 00:00:00,46,47,943,2011-02-11 00:00:00,1,0,2,21,FALSE,5,1,0.2,0.2121,0.59,0.1343,1,46
418,2011-01-19 00:00:00,1,0,1,10,FALSE,3,2,0.26,417,0.2727,0.93,0.1343,1970-01-01 00:00:00,46,47,978,2011-02-13 00:00:00,1,0,2,9,FALSE,0,2,0.24,0.2273,0.6,0.2239,12,35
418,2011-01-19 00:00:00,1,0,1,10,FALSE,3,2,0.26,417,0.2727,0.93,0.1343,1970-01-01 00:00:00,46,47,989,2011-02-13 00:00:00,1,0,2,20,FALSE,0,1,0.4,0.4091,0.35,0.3284,15,32
583,2011-01-26 00:00:00,1,0,1,13,FALSE,3,3,0.22,582,0.197,0.93,0.3284,1970-01-01 00:00:00,43,47,698,2011-02-01 00:00:00,1,0,2,10,FALSE,2,2,0.16,0.2273,0.93,0,0,47
583,2011-01-26 00:00:00,1,0,1,13,FALSE,3,3,0.22,582,0.197,0.93,0.3284,1970-01-01 00:00:00,43,47,749,2011-02-03 00:00:00,1,0,2,14,FALSE,4,1,0.22,0.197,0.37,0.3881,4,43
583,2011-01-26 00:00:00,1,0,1,13,FALSE,3,3,0.22,582,0.197,0.93,0.3284,1970-01-01 00:00:00,43,47,793,2011-02-05 00:00:00,1,0,2,11,FALSE,6,3,0.22,0.2273,1,0.1343,1,46
583,2011-01-26 00:00:00,1,0,1,13,FALSE,3,3,0.22,582,0.197,0.93,0.3284,1970-01-01 00:00:00,43,47,841,2011-02-07 00:00:00,1,0,2,11,FALSE,1,1,0.3,0.3182,0.65,0.0896,11,36
583,2011-01-26 00:00:00,1,0,1,13,FALSE,3,3,0.22,582,0.197,0.93,0.3284,1970-01-01 00:00:00,43,47,943,2011-02-11 00:00:00,1,0,2,21,FALSE,5,1,0.2,0.2121,0.59,0.1343,1,46
583,2011-01-26 00:00:00,1,0,1,13,FALSE,3,3,0.22,582,0.197,0.93,0.3284,1970-01-01 00:00:00,43,47,978,2011-02-13 00:00:00,1,0,2,9,FALSE,0,2,0.24,0.2273,0.6,0.2239,12,35
583,2011-01-26 00:00:00,1,0,1,13,FALSE,3,3,0.22,582,0.197,0.93,0.3284,1970-01-01 00:00:00,43,47,989,2011-02-13 00:00:00,1,0,2,20,FALSE,0,1,0.4,0.4091,0.35,0.3284,15,32
227,2011-01-10 00:00:00,1,0,1,17,FALSE,1,1,0.2,226,0.2273,0.4,0.1045,1970-01-01 00:00:00,174,178,908,2011-02-10 00:00:00,1,0,2,8,FALSE,4,1,0.1,0.0758,0.49,0.3284,5,173
228,2011-01-10 00:00:00,1,0,1,18,FALSE,1,1,0.2,227,0.197,0.4,0.2239,1970-01-01 00:00:00,154,155,720,2011-02-02 00:00:00,1,0,2,8,FALSE,3,3,0.22,0.2121,0.93,0.2239,1,154
228,2011-01-10 00:00:00,1,0,1,18,FALSE,1,1,0.2,227,0.197,0.4,0.2239,1970-01-01 00:00:00,154,155,776,2011-02-04 00:00:00,1,0,2,18,FALSE,5,2,0.24,0.2576,0.6,0.1045,3,152
232,2011-01-10 00:00:00,1,0,1,22,FALSE,1,1,0.14,231,0.1515,0.59,0.1642,1970-01-01 00:00:00,22,24,928,2011-02-11 00:00:00,1,0,2,6,FALSE,5,1,0.1,0.1818,0.68,0,1,23
232,2011-01-10 00:00:00,1,0,1,22,FALSE,1,1,0.14,231,0.1515,0.59,0.1642,1970-01-01 00:00:00,22,24,947,2011-02-12 00:00:00,1,0,2,1,FALSE,6,1,0.14,0.2121,0.86,0,2,22
232,2011-01-10 00:00:00,1,0,1,22,FALSE,1,1,0.14,231,0.1515,0.59,0.1642,1970-01-01 00:00:00,22,24,971,2011-02-13 00:00:00,1,0,2,1,FALSE,0,1,0.2,0.2273,0.59,0.0896,1,23
548,2011-01-24 00:00:00,1,0,1,23,FALSE,1,2,0.16,547,0.1515,0.64,0.2537,1970-01-01 00:00:00,21,24,928,2011-02-11 00:00:00,1,0,2,6,FALSE,5,1,0.1,0.1818,0.68,0,1,23
548,2011-01-24 00:00:00,1,0,1,23,FALSE,1,2,0.16,547,0.1515,0.64,0.2537,1970-01-01 00:00:00,21,24,947,2011-02-12 00:00:00,1,0,2,1,FALSE,6,1,0.14,0.2121,0.86,0,2,22
548,2011-01-24 00:00:00,1,0,1,23,FALSE,1,2,0.16,547,0.1515,0.64,0.2537,1970-01-01 00:00:00,21,24,971,2011-02-13 00:00:00,1,0,2,1,FALSE,0,1,0.2,0.2273,0.59,0.0896,1,23
588,2011-01-27 00:00:00,1,0,1,16,FALSE,4,1,0.22,587,0.2273,0.55,0.194,1970-01-01 00:00:00,23,24,928,2011-02-11 00:00:00,1,0,2,6,FALSE,5,1,0.1,0.1818,0.68,0,1,23
588,2011-01-27 00:00:00,1,0,1,16,FALSE,4,1,0.22,587,0.2273,0.55,0.194,1970-01-01 00:00:00,23,24,947,2011-02-12 00:00:00,1,0,2,1,FALSE,6,1,0.14,0.2121,0.86,0,2,22
588,2011-01-27 00:00:00,1,0,1,16,FALSE,4,1,0.22,587,0.2273,0.55,0.194,1970-01-01 00:00:00,23,24,971,2011-02-13 00:00:00,1,0,2,1,FALSE,0,1,0.2,0.2273,0.59,0.0896,1,23
233,2011-01-10 00:00:00,1,0,1,23,FALSE,1,1,0.14,232,0.1515,0.59,0.1642,1970-01-01 00:00:00,18,18,718,2011-02-02 00:00:00,1,0,2,6,FALSE,3,3,0.22,0.2424,0.93,0.1045,1,17
233,2011-01-10 00:00:00,1,0,1,23,FALSE,1,1,0.14,232,0.1515,0.59,0.1642,1970-01-01 00:00:00,18,18,783,2011-02-05 00:00:00,1,0,2,1,FALSE,6,2,0.24,0.2424,0.65,0.1642,1,17
357,2011-01-16 00:00:00,1,0,1,8,FALSE,0,1,0.22,356,0.2121,0.55,0.2836,1970-01-01 00:00:00,18,18,718,2011-02-02 00:00:00,1,0,2,6,FALSE,3,3,0.22,0.2424,0.93,0.1045,1,17
357,2011-01-16 00:00:00,1,0,1,8,FALSE,0,1,0.22,356,0.2121,0.55,0.2836,1970-01-01 00:00:00,18,18,783,2011-02-05 00:00:00,1,0,2,1,FALSE,6,2,0.24,0.2424,0.65,0.1642,1,17
372,2011-01-16 00:00:00,1,0,1,23,FALSE,0,2,0.2,371,0.2273,0.4,0.1045,1970-01-01 00:00:00,18,18,718,2011-02-02 00:00:00,1,0,2,6,FALSE,3,3,0.22,0.2424,0.93,0.1045,1,17
372,2011-01-16 00:00:00,1,0,1,23,FALSE,0,2,0.2,371,0.2273,0.4,0.1045,1970-01-01 00:00:00,18,18,783,2011-02-05 00:00:00,1,0,2,1,FALSE,6,2,0.24,0.2424,0.65,0.1642,1,17
505,2011-01-23 00:00:00,1,0,1,2,FALSE,0,1,0.02,504,0.0606,0.62,0.1343,1970-01-01 00:00:00,15,18,718,2011-02-02 00:00:00,1,0,2,6,FALSE,3,3,0.22,0.2424,0.93,0.1045,1,17
505,2011-01-23 00:00:00,1,0,1,2,FALSE,0,1,0.02,504,0.0606,0.62,0.1343,1970-01-01 00:00:00,15,18,783,2011-02-05 00:00:00,1,0,2,1,FALSE,6,2,0.24,0.2424,0.65,0.1642,1,17
238,2011-01-11 00:00:00,1,0,1,6,FALSE,2,2,0.16,237,0.1818,0.55,0.1343,1970-01-01 00:00:00,27,27,827,2011-02-06 00:00:00,1,0,2,21,FALSE,0,1,0.26,0.303,0.6,0,5,22
324,2011-01-14 00:00:00,1,0,1,23,FALSE,5,2,0.18,323,0.2424,0.55,0,1970-01-01 00:00:00,26,27,827,2011-02-06 00:00:00,1,0,2,21,FALSE,0,1,0.26,0.303,0.6,0,5,22
394,2011-01-17 00:00:00,1,0,1,21,TRUE,1,3,0.16,393,0.1515,0.8,0.194,1970-01-01 00:00:00,24,27,827,2011-02-06 00:00:00,1,0,2,21,FALSE,0,1,0.26,0.303,0.6,0,5,22
462,2011-01-21 00:00:00,1,0,1,6,FALSE,5,1,0.22,461,0.2121,0.55,0.2537,1970-01-01 00:00:00,27,27,827,2011-02-06 00:00:00,1,0,2,21,FALSE,0,1,0.26,0.303,0.6,0,5,22
479,2011-01-21 00:00:00,1,0,1,23,FALSE,5,1,0.06,478,0.0455,0.38,0.3284,1970-01-01 00:00:00,27,27,827,2011-02-06 00:00:00,1,0,2,21,FALSE,0,1,0.26,0.303,0.6,0,5,22
487,2011-01-22 00:00:00,1,0,1,8,FALSE,6,1,0.02,486,0,0.44,0.3284,1970-01-01 00:00:00,26,27,827,2011-02-06 00:00:00,1,0,2,21,FALSE,0,1,0.26,0.303,0.6,0,5,22
594,2011-01-27 00:00:00,1,0,1,22,FALSE,4,1,0.18,593,0.2121,0.74,0.0896,1970-01-01 00:00:00,27,27,827,2011-02-06 00:00:00,1,0,2,21,FALSE,0,1,0.26,0.303,0.6,0,5,22
239,2011-01-11 00:00:00,1,0,1,7,FALSE,2,2,0.16,238,0.2273,0.55,0,1970-01-01 00:00:00,97,99,632,2011-01-29 00:00:00,1,0,1,14,FALSE,6,2,0.22,0.2273,0.6,0.1343,10,89
239,2011-01-11 00:00:00,1,0,1,7,FALSE,2,2,0.16,238,0.2273,0.55,0,1970-01-01 00:00:00,97,99,774,2011-02-04 00:00:00,1,0,2,16,FALSE,5,2,0.3,0.2879,0.42,0.2239,8,91
239,2011-01-11 00:00:00,1,0,1,7,FALSE,2,2,0.16,238,0.2273,0.55,0,1970-01-01 00:00:00,97,99,884,2011-02-09 00:00:00,1,0,2,7,FALSE,3,1,0.06,0.1061,0.49,0.1045,4,95
239,2011-01-11 00:00:00,1,0,1,7,FALSE,2,2,0.16,238,0.2273,0.55,0,1970-01-01 00:00:00,97,99,907,2011-02-10 00:00:00,1,0,2,7,FALSE,4,1,0.1,0.0758,0.5,0.4179,0,99
297,2011-01-13 00:00:00,1,0,1,19,FALSE,4,1,0.16,296,0.1515,0.47,0.2537,1970-01-01 00:00:00,98,99,632,2011-01-29 00:00:00,1,0,1,14,FALSE,6,2,0.22,0.2273,0.6,0.1343,10,89
297,2011-01-13 00:00:00,1,0,1,19,FALSE,4,1,0.16,296,0.1515,0.47,0.2537,1970-01-01 00:00:00,98,99,774,2011-02-04 00:00:00,1,0,2,16,FALSE,5,2,0.3,0.2879,0.42,0.2239,8,91
297,2011-01-13 00:00:00,1,0,1,19,FALSE,4,1,0.16,296,0.1515,0.47,0.2537,1970-01-01 00:00:00,98,99,884,2011-02-09 00:00:00,1,0,2,7,FALSE,3,1,0.06,0.1061,0.49,0.1045,4,95
297,2011-01-13 00:00:00,1,0,1,19,FALSE,4,1,0.16,296,0.1515,0.47,0.2537,1970-01-01 00:00:00,98,99,907,2011-02-10 00:00:00,1,0,2,7,FALSE,4,1,0.1,0.0758,0.5,0.4179,0,99
365,2011-01-16 00:00:00,1,0,1,16,FALSE,0,1,0.24,364,0.2273,0.38,0.2239,1970-01-01 00:00:00,77,99,632,2011-01-29 00:00:00,1,0,1,14,FALSE,6,2,0.22,0.2273,0.6,0.1343,10,89
365,2011-01-16 00:00:00,1,0,1,16,FALSE,0,1,0.24,364,0.2273,0.38,0.2239,1970-01-01 00:00:00,77,99,774,2011-02-04 00:00:00,1,0,2,16,FALSE,5,2,0.3,0.2879,0.42,0.2239,8,91
365,2011-01-16 00:00:00,1,0,1,16,FALSE,0,1,0.24,364,0.2273,0.38,0.2239,1970-01-01 00:00:00,77,99,884,2011-02-09 00:00:00,1,0,2,7,FALSE,3,1,0.06,0.1061,0.49,0.1045,4,95
365,2011-01-16 00:00:00,1,0,1,16,FALSE,0,1,0.24,364,0.2273,0.38,0.2239,1970-01-01 00:00:00,77,99,907,2011-02-10 00:00:00,1,0,2,7,FALSE,4,1,0.1,0.0758,0.5,0.4179,0,99
404,2011-01-18 00:00:00,1,0,1,19,FALSE,2,2,0.22,403,0.2273,0.8,0.1343,1970-01-01 00:00:00,98,99,632,2011-01-29 00:00:00,1,0,1,14,FALSE,6,2,0.22,0.2273,0.6,0.1343,10,89
404,2011-01-18 00:00:00,1,0,1,19,FALSE,2,2,0.22,403,0.2273,0.8,0.1343,1970-01-01 00:00:00,98,99,774,2011-02-04 00:00:00,1,0,2,16,FALSE,5,2,0.3,0.2879,0.42,0.2239,8,91
404,2011-01-18 00:00:00,1,0,1,19,FALSE,2,2,0.22,403,0.2273,0.8,0.1343,1970-01-01 00:00:00,98,99,884,2011-02-09 00:00:00,1,0,2,7,FALSE,3,1,0.06,0.1061,0.49,0.1045,4,95
404,2011-01-18 00:00:00,1,0,1,19,FALSE,2,2,0.22,403,0.2273,0.8,0.1343,1970-01-01 00:00:00,98,99,907,2011-02-10 00:00:00,1,0,2,7,FALSE,4,1,0.1,0.0758,0.5,0.4179,0,99
513,2011-01-23 00:00:00,1,0,1,11,FALSE,0,1,0.14,512,0.1364,0.43,0.2239,1970-01-01 00:00:00,77,99,632,2011-01-29 00:00:00,1,0,1,14,FALSE,6,2,0.22,0.2273,0.6,0.1343,10,89
513,2011-01-23 00:00:00,1,0,1,11,FALSE,0,1,0.14,512,0.1364,0.43,0.2239,1970-01-01 00:00:00,77,99,774,2011-02-04 00:00:00,1,0,2,16,FALSE,5,2,0.3,0.2879,0.42,0.2239,8,91
513,2011-01-23 00:00:00,1,0,1,11,FALSE,0,1,0.14,512,0.1364,0.43,0.2239,1970-01-01 00:00:00,77,99,884,2011-02-09 00:00:00,1,0,2,7,FALSE,3,1,0.06,0.1061,0.49,0.1045,4,95
513,2011-01-23 00:00:00,1,0,1,11,FALSE,0,1,0.14,512,0.1364,0.43,0.2239,1970-01-01 00:00:00,77,99,907,2011-02-10 00:00:00,1,0,2,7,FALSE,4,1,0.1,0.0758,0.5,0.4179,0,99
254,2011-01-11 00:00:00,1,0,1,22,FALSE,2,3,0.16,253,0.1818,0.93,0.1045,1970-01-01 00:00:00,28,29,643,2011-01-30 00:00:00,1,0,1,1,FALSE,0,1,0.14,0.2121,0.8,0,7,22
254,2011-01-11 00:00:00,1,0,1,22,FALSE,2,3,0.16,253,0.1818,0.93,0.1045,1970-01-01 00:00:00,28,29,876,2011-02-08 00:00:00,1,0,2,22,FALSE,2,1,0.12,0.1061,0.33,0.3582,0,29
607,2011-01-28 00:00:00,1,0,1,12,FALSE,5,3,0.18,606,0.2121,0.93,0.1045,1970-01-01 00:00:00,28,29,643,2011-01-30 00:00:00,1,0,1,1,FALSE,0,1,0.14,0.2121,0.8,0,7,22
607,2011-01-28 00:00:00,1,0,1,12,FALSE,5,3,0.18,606,0.2121,0.93,0.1045,1970-01-01 00:00:00,28,29,876,2011-02-08 00:00:00,1,0,2,22,FALSE,2,1,0.12,0.1061,0.33,0.3582,0,29
262,2011-01-12 00:00:00,1,0,1,8,FALSE,3,1,0.16,261,0.1667,0.59,0.1642,1970-01-01 00:00:00,125,128,849,2011-02-07 00:00:00,1,0,2,19,FALSE,1,2,0.32,0.3485,0.7,0,5,123
341,2011-01-15 00:00:00,1,0,1,16,FALSE,6,2,0.34,340,0.3333,0.34,0.194,1970-01-01 00:00:00,95,128,849,2011-02-07 00:00:00,1,0,2,19,FALSE,1,2,0.32,0.3485,0.7,0,5,123
270,2011-01-12 00:00:00,1,0,1,16,FALSE,3,1,0.22,269,0.197,0.44,0.3284,1970-01-01 00:00:00,63,68,636,2011-01-29 00:00:00,1,0,1,18,FALSE,6,1,0.22,0.2273,0.69,0.1343,9,59
270,2011-01-12 00:00:00,1,0,1,16,FALSE,3,1,0.22,269,0.197,0.44,0.3284,1970-01-01 00:00:00,63,68,677,2011-01-31 00:00:00,1,0,1,12,FALSE,1,2,0.18,0.2121,0.55,0.1045,6,62
316,2011-01-14 00:00:00,1,0,1,15,FALSE,5,1,0.24,315,0.2424,0.38,0.1642,1970-01-01 00:00:00,59,68,636,2011-01-29 00:00:00,1,0,1,18,FALSE,6,1,0.22,0.2273,0.69,0.1343,9,59
316,2011-01-14 00:00:00,1,0,1,15,FALSE,5,1,0.24,315,0.2424,0.38,0.1642,1970-01-01 00:00:00,59,68,677,2011-01-31 00:00:00,1,0,1,12,FALSE,1,2,0.18,0.2121,0.55,0.1045,6,62
321,2011-01-14 00:00:00,1,0,1,20,FALSE,5,1,0.18,320,0.2424,0.59,0,1970-01-01 00:00:00,68,68,636,2011-01-29 00:00:00,1,0,1,18,FALSE,6,1,0.22,0.2273,0.69,0.1343,9,59
321,2011-01-14 00:00:00,1,0,1,20,FALSE,5,1,0.18,320,0.2424,0.59,0,1970-01-01 00:00:00,68,68,677,2011-01-31 00:00:00,1,0,1,12,FALSE,1,2,0.18,0.2121,0.55,0.1045,6,62
443,2011-01-20 00:00:00,1,0,1,11,FALSE,4,2,0.28,442,0.2727,0.45,0.1642,1970-01-01 00:00:00,63,68,636,2011-01-29 00:00:00,1,0,1,18,FALSE,6,1,0.22,0.2273,0.69,0.1343,9,59
443,2011-01-20 00:00:00,1,0,1,11,FALSE,4,2,0.28,442,0.2727,0.45,0.1642,1970-01-01 00:00:00,63,68,677,2011-01-31 00:00:00,1,0,1,12,FALSE,1,2,0.18,0.2121,0.55,0.1045,6,62
463,2011-01-21 00:00:00,1,0,1,7,FALSE,5,1,0.2,462,0.1818,0.51,0.2836,1970-01-01 00:00:00,66,68,636,2011-01-29 00:00:00,1,0,1,18,FALSE,6,1,0.22,0.2273,0.69,0.1343,9,59
463,2011-01-21 00:00:00,1,0,1,7,FALSE,5,1,0.2,462,0.1818,0.51,0.2836,1970-01-01 00:00:00,66,68,677,2011-01-31 00:00:00,1,0,1,12,FALSE,1,2,0.18,0.2121,0.55,0.1045,6,62
562,2011-01-25 00:00:00,1,0,1,14,FALSE,2,2,0.3,561,0.3333,0.45,0,1970-01-01 00:00:00,57,68,636,2011-01-29 00:00:00,1,0,1,18,FALSE,6,1,0.22,0.2273,0.69,0.1343,9,59
562,2011-01-25 00:00:00,1,0,1,14,FALSE,2,2,0.3,561,0.3333,0.45,0,1970-01-01 00:00:00,57,68,677,2011-01-31 00:00:00,1,0,1,12,FALSE,1,2,0.18,0.2121,0.55,0.1045,6,62
272,2011-01-12 00:00:00,1,0,1,18,FALSE,3,1,0.2,271,0.1515,0.47,0.5224,1970-01-01 00:00:00,135,137,963,2011-02-12 00:00:00,1,0,2,17,FALSE,6,1,0.32,0.2879,0.31,0.5224,24,113
293,2011-01-13 00:00:00,1,0,1,15,FALSE,4,1,0.24,292,0.2121,0.38,0.2985,1970-01-01 00:00:00,55,60,750,2011-02-03 00:00:00,1,0,2,15,FALSE,4,1,0.22,0.197,0.37,0.3284,4,56
293,2011-01-13 00:00:00,1,0,1,15,FALSE,4,1,0.24,292,0.2121,0.38,0.2985,1970-01-01 00:00:00,55,60,797,2011-02-05 00:00:00,1,0,2,15,FALSE,6,3,0.22,0.2727,1,0,11,49
293,2011-01-13 00:00:00,1,0,1,15,FALSE,4,1,0.24,292,0.2121,0.38,0.2985,1970-01-01 00:00:00,55,60,844,2011-02-07 00:00:00,1,0,2,14,FALSE,1,2,0.36,0.3636,0.57,0.0896,8,52
392,2011-01-17 00:00:00,1,0,1,19,TRUE,1,3,0.18,391,0.1818,0.59,0.194,1970-01-01 00:00:00,58,60,750,2011-02-03 00:00:00,1,0,2,15,FALSE,4,1,0.22,0.197,0.37,0.3284,4,56
392,2011-01-17 00:00:00,1,0,1,19,TRUE,1,3,0.18,391,0.1818,0.59,0.194,1970-01-01 00:00:00,58,60,797,2011-02-05 00:00:00,1,0,2,15,FALSE,6,3,0.22,0.2727,1,0,11,49
392,2011-01-17 00:00:00,1,0,1,19,TRUE,1,3,0.18,391,0.1818,0.59,0.194,1970-01-01 00:00:00,58,60,844,2011-02-07 00:00:00,1,0,2,14,FALSE,1,2,0.36,0.3636,0.57,0.0896,8,52
538,2011-01-24 00:00:00,1,0,1,13,FALSE,1,2,0.14,537,0.1364,0.43,0.2239,1970-01-01 00:00:00,54,60,750,2011-02-03 00:00:00,1,0,2,15,FALSE,4,1,0.22,0.197,0.37,0.3284,4,56
538,2011-01-24 00:00:00,1,0,1,13,FALSE,1,2,0.14,537,0.1364,0.43,0.2239,1970-01-01 00:00:00,54,60,797,2011-02-05 00:00:00,1,0,2,15,FALSE,6,3,0.22,0.2727,1,0,11,49
538,2011-01-24 00:00:00,1,0,1,13,FALSE,1,2,0.14,537,0.1364,0.43,0.2239,1970-01-01 00:00:00,54,60,844,2011-02-07 00:00:00,1,0,2,14,FALSE,1,2,0.36,0.3636,0.57,0.0896,8,52
602,2011-01-28 00:00:00,1,0,1,7,FALSE,5,2,0.16,601,0.197,0.86,0.0896,1970-01-01 00:00:00,58,60,750,2011-02-03 00:00:00,1,0,2,15,FALSE,4,1,0.22,0.197,0.37,0.3284,4,56
602,2011-01-28 00:00:00,1,0,1,7,FALSE,5,2,0.16,601,0.197,0.86,0.0896,1970-01-01 00:00:00,58,60,797,2011-02-05 00:00:00,1,0,2,15,FALSE,6,3,0.22,0.2727,1,0,11,49
602,2011-01-28 00:00:00,1,0,1,7,FALSE,5,2,0.16,601,0.197,0.86,0.0896,1970-01-01 00:00:00,58,60,844,2011-02-07 00:00:00,1,0,2,14,FALSE,1,2,0.36,0.3636,0.57,0.0896,8,52
295,2011-01-13 00:00:00,1,0,1,17,FALSE,4,1,0.2,294,0.1818,0.4,0.2836,1970-01-01 00:00:00,158,162,984,2011-02-13 00:00:00,1,0,2,15,FALSE,0,2,0.4,0.4091,0.3,0.2985,40,122
310,2011-01-14 00:00:00,1,0,1,9,FALSE,5,1,0.14,309,0.1515,0.69,0.1343,1970-01-01 00:00:00,117,117,817,2011-02-06 00:00:00,1,0,2,11,FALSE,0,1,0.32,0.303,0.49,0.2537,28,89
317,2011-01-14 00:00:00,1,0,1,16,FALSE,5,1,0.22,316,0.2424,0.41,0.1045,1970-01-01 00:00:00,87,90,773,2011-02-04 00:00:00,1,0,2,15,FALSE,5,2,0.28,0.2727,0.48,0.2537,9,81
415,2011-01-19 00:00:00,1,0,1,7,FALSE,3,2,0.24,414,0.2576,0.92,0.1045,1970-01-01 00:00:00,89,90,773,2011-02-04 00:00:00,1,0,2,15,FALSE,5,2,0.28,0.2727,0.48,0.2537,9,81
338,2011-01-15 00:00:00,1,0,1,13,FALSE,6,1,0.28,337,0.2576,0.38,0.2985,1970-01-01 00:00:00,80,101,873,2011-02-08 00:00:00,1,0,2,19,FALSE,2,1,0.16,0.1212,0.4,0.4627,1,100
338,2011-01-15 00:00:00,1,0,1,13,FALSE,6,1,0.28,337,0.2576,0.38,0.2985,1970-01-01 00:00:00,80,101,941,2011-02-11 00:00:00,1,0,2,19,FALSE,5,1,0.26,0.303,0.33,0,7,94
439,2011-01-20 00:00:00,1,0,1,7,FALSE,4,1,0.22,438,0.2121,0.55,0.2239,1970-01-01 00:00:00,100,101,873,2011-02-08 00:00:00,1,0,2,19,FALSE,2,1,0.16,0.1212,0.4,0.4627,1,100
439,2011-01-20 00:00:00,1,0,1,7,FALSE,4,1,0.22,438,0.2121,0.55,0.2239,1970-01-01 00:00:00,100,101,941,2011-02-11 00:00:00,1,0,2,19,FALSE,5,1,0.26,0.303,0.33,0,7,94
604,2011-01-28 00:00:00,1,0,1,9,FALSE,5,3,0.18,603,0.2121,0.86,0.0896,1970-01-01 00:00:00,95,101,873,2011-02-08 00:00:00,1,0,2,19,FALSE,2,1,0.16,0.1212,0.4,0.4627,1,100
604,2011-01-28 00:00:00,1,0,1,9,FALSE,5,3,0.18,603,0.2121,0.86,0.0896,1970-01-01 00:00:00,95,101,941,2011-02-11 00:00:00,1,0,2,19,FALSE,5,1,0.26,0.303,0.33,0,7,94
339,2011-01-15 00:00:00,1,0,1,14,FALSE,6,1,0.3,338,0.2879,0.39,0.2836,1970-01-01 00:00:00,92,118,839,2011-02-07 00:00:00,1,0,2,9,FALSE,1,1,0.22,0.2727,0.8,0,3,115
362,2011-01-16 00:00:00,1,0,1,13,FALSE,0,1,0.26,361,0.2273,0.35,0.2985,1970-01-01 00:00:00,95,118,839,2011-02-07 00:00:00,1,0,2,9,FALSE,1,1,0.22,0.2727,0.8,0,3,115
347,2011-01-15 00:00:00,1,0,1,22,FALSE,6,2,0.3,346,0.3182,0.42,0.1045,1970-01-01 00:00:00,26,26,826,2011-02-06 00:00:00,1,0,2,20,FALSE,0,1,0.28,0.2879,0.61,0.1045,5,21
347,2011-01-15 00:00:00,1,0,1,22,FALSE,6,2,0.3,346,0.3182,0.42,0.1045,1970-01-01 00:00:00,26,26,906,2011-02-10 00:00:00,1,0,2,6,FALSE,4,2,0.12,0.1212,0.54,0.2836,0,26
347,2011-01-15 00:00:00,1,0,1,22,FALSE,6,2,0.3,346,0.3182,0.42,0.1045,1970-01-01 00:00:00,26,26,999,2011-02-14 00:00:00,1,0,2,6,FALSE,1,1,0.34,0.303,0.46,0.2985,1,25
347,2011-01-15 00:00:00,1,0,1,22,FALSE,6,2,0.3,346,0.3182,0.42,0.1045,1970-01-01 00:00:00,26,26,617,2011-01-28 00:00:00,1,0,1,22,FALSE,5,1,0.24,0.2121,0.65,0.3582,0,26
587,2011-01-26 00:00:00,1,0,1,17,FALSE,3,3,0.2,586,0.1818,0.93,0.3582,1970-01-01 00:00:00,26,26,826,2011-02-06 00:00:00,1,0,2,20,FALSE,0,1,0.28,0.2879,0.61,0.1045,5,21
587,2011-01-26 00:00:00,1,0,1,17,FALSE,3,3,0.2,586,0.1818,0.93,0.3582,1970-01-01 00:00:00,26,26,906,2011-02-10 00:00:00,1,0,2,6,FALSE,4,2,0.12,0.1212,0.54,0.2836,0,26
587,2011-01-26 00:00:00,1,0,1,17,FALSE,3,3,0.2,586,0.1818,0.93,0.3582,1970-01-01 00:00:00,26,26,999,2011-02-14 00:00:00,1,0,2,6,FALSE,1,1,0.34,0.303,0.46,0.2985,1,25
587,2011-01-26 00:00:00,1,0,1,17,FALSE,3,3,0.2,586,0.1818,0.93,0.3582,1970-01-01 00:00:00,26,26,617,2011-01-28 00:00:00,1,0,1,22,FALSE,5,1,0.24,0.2121,0.65,0.3582,0,26
363,2011-01-16 00:00:00,1,0,1,14,FALSE,0,1,0.28,362,0.2727,0.36,0.2537,1970-01-01 00:00:00,69,91,635,2011-01-29 00:00:00,1,0,1,17,FALSE,6,1,0.24,0.2879,0.6,0,9,82
363,2011-01-16 00:00:00,1,0,1,14,FALSE,0,1,0.28,362,0.2727,0.36,0.2537,1970-01-01 00:00:00,69,91,731,2011-02-02 00:00:00,1,0,2,19,FALSE,3,1,0.28,0.2424,0.45,0.4925,3,88
363,2011-01-16 00:00:00,1,0,1,14,FALSE,0,1,0.28,362,0.2727,0.36,0.2537,1970-01-01 00:00:00,69,91,772,2011-02-04 00:00:00,1,0,2,14,FALSE,5,2,0.28,0.2727,0.45,0.1642,15,76
448,2011-01-20 00:00:00,1,0,1,16,FALSE,4,2,0.3,447,0.303,0.49,0.1343,1970-01-01 00:00:00,83,91,635,2011-01-29 00:00:00,1,0,1,17,FALSE,6,1,0.24,0.2879,0.6,0,9,82
448,2011-01-20 00:00:00,1,0,1,16,FALSE,4,2,0.3,447,0.303,0.49,0.1343,1970-01-01 00:00:00,83,91,731,2011-02-02 00:00:00,1,0,2,19,FALSE,3,1,0.28,0.2424,0.45,0.4925,3,88
448,2011-01-20 00:00:00,1,0,1,16,FALSE,4,2,0.3,447,0.303,0.49,0.1343,1970-01-01 00:00:00,83,91,772,2011-02-04 00:00:00,1,0,2,14,FALSE,5,2,0.28,0.2727,0.45,0.1642,15,76
366,2011-01-16 00:00:00,1,0,1,17,FALSE,0,1,0.22,365,0.2121,0.37,0.2537,1970-01-01 00:00:00,82,105,979,2011-02-13 00:00:00,1,0,2,10,FALSE,0,1,0.3,0.2727,0.45,0.3284,19,86
371,2011-01-16 00:00:00,1,0,1,22,FALSE,0,2,0.2,370,0.2121,0.49,0.1343,1970-01-01 00:00:00,19,21,663,2011-01-30 00:00:00,1,0,1,22,FALSE,0,2,0.24,0.2273,0.7,0.194,2,19
371,2011-01-16 00:00:00,1,0,1,22,FALSE,0,2,0.2,370,0.2121,0.49,0.1343,1970-01-01 00:00:00,19,21,664,2011-01-30 00:00:00,1,0,1,23,FALSE,0,2,0.24,0.2121,0.65,0.2836,5,16
371,2011-01-16 00:00:00,1,0,1,22,FALSE,0,2,0.2,370,0.2121,0.49,0.1343,1970-01-01 00:00:00,19,21,825,2011-02-06 00:00:00,1,0,2,19,FALSE,0,1,0.28,0.2879,0.61,0.1343,1,20
456,2011-01-21 00:00:00,1,0,1,0,FALSE,5,2,0.24,455,0.2273,0.7,0.2537,1970-01-01 00:00:00,20,21,663,2011-01-30 00:00:00,1,0,1,22,FALSE,0,2,0.24,0.2273,0.7,0.194,2,19
456,2011-01-21 00:00:00,1,0,1,0,FALSE,5,2,0.24,455,0.2273,0.7,0.2537,1970-01-01 00:00:00,20,21,664,2011-01-30 00:00:00,1,0,1,23,FALSE,0,2,0.24,0.2121,0.65,0.2836,5,16
456,2011-01-21 00:00:00,1,0,1,0,FALSE,5,2,0.24,455,0.2273,0.7,0.2537,1970-01-01 00:00:00,20,21,825,2011-02-06 00:00:00,1,0,2,19,FALSE,0,1,0.28,0.2879,0.61,0.1343,1,20
525,2011-01-23 00:00:00,1,0,1,23,FALSE,0,1,0.06,524,0.0606,0.41,0.2239,1970-01-01 00:00:00,17,21,663,2011-01-30 00:00:00,1,0,1,22,FALSE,0,2,0.24,0.2273,0.7,0.194,2,19
525,2011-01-23 00:00:00,1,0,1,23,FALSE,0,1,0.06,524,0.0606,0.41,0.2239,1970-01-01 00:00:00,17,21,664,2011-01-30 00:00:00,1,0,1,23,FALSE,0,2,0.24,0.2121,0.65,0.2836,5,16
525,2011-01-23 00:00:00,1,0,1,23,FALSE,0,1,0.06,524,0.0606,0.41,0.2239,1970-01-01 00:00:00,17,21,825,2011-02-06 00:00:00,1,0,2,19,FALSE,0,1,0.28,0.2879,0.61,0.1343,1,20
385,2011-01-17 00:00:00,1,0,1,12,TRUE,1,2,0.18,384,0.197,0.47,0.1343,1970-01-01 00:00:00,70,80,916,2011-02-10 00:00:00,1,0,2,16,FALSE,4,1,0.2,0.1818,0.27,0.2985,4,76
385,2011-01-17 00:00:00,1,0,1,12,TRUE,1,2,0.18,384,0.197,0.47,0.1343,1970-01-01 00:00:00,70,80,611,2011-01-28 00:00:00,1,0,1,16,FALSE,5,1,0.22,0.2727,0.8,0,10,70
402,2011-01-18 00:00:00,1,0,1,17,FALSE,2,2,0.22,401,0.2273,0.82,0.194,1970-01-01 00:00:00,124,125,938,2011-02-11 00:00:00,1,0,2,16,FALSE,5,1,0.3,0.2879,0.28,0.194,14,111
402,2011-01-18 00:00:00,1,0,1,17,FALSE,2,2,0.22,401,0.2273,0.82,0.194,1970-01-01 00:00:00,124,125,986,2011-02-13 00:00:00,1,0,2,17,FALSE,0,1,0.42,0.4242,0.28,0.3284,30,95
403,2011-01-18 00:00:00,1,0,1,18,FALSE,2,2,0.22,402,0.2273,0.8,0.1642,1970-01-01 00:00:00,132,133,744,2011-02-03 00:00:00,1,0,2,9,FALSE,4,1,0.16,0.1364,0.47,0.2985,6,127
417,2011-01-19 00:00:00,1,0,1,9,FALSE,3,2,0.24,416,0.2576,0.93,0.1045,1970-01-01 00:00:00,107,109,656,2011-01-30 00:00:00,1,0,1,15,FALSE,0,1,0.3,0.3333,0.56,0,14,95
417,2011-01-19 00:00:00,1,0,1,9,FALSE,3,2,0.24,416,0.2576,0.93,0.1045,1970-01-01 00:00:00,107,109,755,2011-02-03 00:00:00,1,0,2,20,FALSE,4,1,0.2,0.2273,0.47,0.0896,1,108
417,2011-01-19 00:00:00,1,0,1,9,FALSE,3,2,0.24,416,0.2576,0.93,0.1045,1970-01-01 00:00:00,107,109,613,2011-01-28 00:00:00,1,0,1,18,FALSE,5,1,0.24,0.2273,0.75,0.194,2,107
426,2011-01-19 00:00:00,1,0,1,18,FALSE,3,1,0.34,425,0.3182,0.61,0.2836,1970-01-01 00:00:00,156,161,682,2011-01-31 00:00:00,1,0,1,17,FALSE,1,2,0.16,0.1515,0.59,0.194,6,155
426,2011-01-19 00:00:00,1,0,1,18,FALSE,3,1,0.34,425,0.3182,0.61,0.2836,1970-01-01 00:00:00,156,161,820,2011-02-06 00:00:00,1,0,2,14,FALSE,0,1,0.34,0.3485,0.46,0.0896,47,114
426,2011-01-19 00:00:00,1,0,1,18,FALSE,3,1,0.34,425,0.3182,0.61,0.2836,1970-01-01 00:00:00,156,161,983,2011-02-13 00:00:00,1,0,2,14,FALSE,0,2,0.4,0.4091,0.3,0.4179,51,110
473,2011-01-21 00:00:00,1,0,1,17,FALSE,5,1,0.14,472,0.1212,0.28,0.3582,1970-01-01 00:00:00,151,161,682,2011-01-31 00:00:00,1,0,1,17,FALSE,1,2,0.16,0.1515,0.59,0.194,6,155
473,2011-01-21 00:00:00,1,0,1,17,FALSE,5,1,0.14,472,0.1212,0.28,0.3582,1970-01-01 00:00:00,151,161,820,2011-02-06 00:00:00,1,0,2,14,FALSE,0,1,0.34,0.3485,0.46,0.0896,47,114
473,2011-01-21 00:00:00,1,0,1,17,FALSE,5,1,0.14,472,0.1212,0.28,0.3582,1970-01-01 00:00:00,151,161,983,2011-02-13 00:00:00,1,0,2,14,FALSE,0,2,0.4,0.4091,0.3,0.4179,51,110
450,2011-01-20 00:00:00,1,0,1,18,FALSE,4,2,0.26,449,0.2576,0.56,0.194,1970-01-01 00:00:00,184,185,673,2011-01-31 00:00:00,1,0,1,8,FALSE,1,2,0.16,0.1364,0.59,0.2836,3,182
451,2011-01-20 00:00:00,1,0,1,19,FALSE,4,1,0.26,450,0.2273,0.56,0.3284,1970-01-01 00:00:00,146,152,872,2011-02-08 00:00:00,1,0,2,18,FALSE,2,1,0.2,0.1818,0.32,0.3881,1,151
451,2011-01-20 00:00:00,1,0,1,19,FALSE,4,1,0.26,450,0.2273,0.56,0.3284,1970-01-01 00:00:00,146,152,981,2011-02-13 00:00:00,1,0,2,12,FALSE,0,1,0.36,0.3182,0.32,0.4627,58,94
465,2011-01-21 00:00:00,1,0,1,9,FALSE,5,1,0.2,464,0.1818,0.51,0.3582,1970-01-01 00:00:00,159,166,894,2011-02-09 00:00:00,1,0,2,17,FALSE,3,2,0.2,0.197,0.34,0.2537,9,157
474,2011-01-21 00:00:00,1,0,1,18,FALSE,5,1,0.12,473,0.1212,0.3,0.2537,1970-01-01 00:00:00,119,120,633,2011-01-29 00:00:00,1,0,1,15,FALSE,6,1,0.22,0.2121,0.69,0.2537,22,98
474,2011-01-21 00:00:00,1,0,1,18,FALSE,5,1,0.12,473,0.1212,0.3,0.2537,1970-01-01 00:00:00,119,120,958,2011-02-12 00:00:00,1,0,2,12,FALSE,6,1,0.3,0.2727,0.39,0.4627,27,93
474,2011-01-21 00:00:00,1,0,1,18,FALSE,5,1,0.12,473,0.1212,0.3,0.2537,1970-01-01 00:00:00,119,120,960,2011-02-12 00:00:00,1,0,2,14,FALSE,6,1,0.34,0.3182,0.31,0.2836,30,90
475,2011-01-21 00:00:00,1,0,1,19,FALSE,5,1,0.12,474,0.1061,0.3,0.3284,1970-01-01 00:00:00,93,96,754,2011-02-03 00:00:00,1,0,2,19,FALSE,4,1,0.2,0.2576,0.4,0,4,92
494,2011-01-22 00:00:00,1,0,1,15,FALSE,6,1,0.12,493,0.1515,0.28,0,1970-01-01 00:00:00,93,103,728,2011-02-02 00:00:00,1,0,2,16,FALSE,3,1,0.36,0.3333,0.71,0.2985,8,95
494,2011-01-22 00:00:00,1,0,1,15,FALSE,6,1,0.12,493,0.1515,0.28,0,1970-01-01 00:00:00,93,103,777,2011-02-04 00:00:00,1,0,2,19,FALSE,5,2,0.24,0.2424,0.65,0.1343,1,102
512,2011-01-23 00:00:00,1,0,1,10,FALSE,0,1,0.14,511,0.1061,0.46,0.3881,1970-01-01 00:00:00,51,58,637,2011-01-29 00:00:00,1,0,1,19,FALSE,6,2,0.22,0.2121,0.69,0.2537,6,52
512,2011-01-23 00:00:00,1,0,1,10,FALSE,0,1,0.14,511,0.1061,0.46,0.3881,1970-01-01 00:00:00,51,58,891,2011-02-09 00:00:00,1,0,2,14,FALSE,3,1,0.2,0.1818,0.34,0.2985,2,56
512,2011-01-23 00:00:00,1,0,1,10,FALSE,0,1,0.14,511,0.1061,0.46,0.3881,1970-01-01 00:00:00,51,58,616,2011-01-28 00:00:00,1,0,1,21,FALSE,5,2,0.22,0.2273,0.75,0.1343,1,57
579,2011-01-26 00:00:00,1,0,1,9,FALSE,3,3,0.22,578,0.2121,0.87,0.2985,1970-01-01 00:00:00,55,58,637,2011-01-29 00:00:00,1,0,1,19,FALSE,6,2,0.22,0.2121,0.69,0.2537,6,52
579,2011-01-26 00:00:00,1,0,1,9,FALSE,3,3,0.22,578,0.2121,0.87,0.2985,1970-01-01 00:00:00,55,58,891,2011-02-09 00:00:00,1,0,2,14,FALSE,3,1,0.2,0.1818,0.34,0.2985,2,56
579,2011-01-26 00:00:00,1,0,1,9,FALSE,3,3,0.22,578,0.2121,0.87,0.2985,1970-01-01 00:00:00,55,58,616,2011-01-28 00:00:00,1,0,1,21,FALSE,5,2,0.22,0.2273,0.75,0.1343,1,57
514,2011-01-23 00:00:00,1,0,1,12,FALSE,0,1,0.16,513,0.1212,0.37,0.4627,1970-01-01 00:00:00,92,116,697,2011-02-01 00:00:00,1,0,2,9,FALSE,2,2,0.16,0.2273,0.93,0,2,114
564,2011-01-25 00:00:00,1,0,1,16,FALSE,2,2,0.32,563,0.3485,0.42,0,1970-01-01 00:00:00,102,116,697,2011-02-01 00:00:00,1,0,2,9,FALSE,2,2,0.16,0.2273,0.93,0,2,114
555,2011-01-25 00:00:00,1,0,1,7,FALSE,2,1,0.16,554,0.1515,0.74,0.2239,1970-01-01 00:00:00,103,108,707,2011-02-01 00:00:00,1,0,2,19,FALSE,2,2,0.24,0.2424,0.81,0.1343,3,105
